-- phpMyAdmin SQL Dump
-- version 5.2.0
-- https://www.phpmyadmin.net/
--
-- Host: localhost
-- Generation Time: Jan 08, 2023 at 02:30 PM
-- Server version: 5.7.31
-- PHP Version: 7.4.9

SET SQL_MODE = "NO_AUTO_VALUE_ON_ZERO";
START TRANSACTION;
SET time_zone = "+00:00";


/*!40101 SET @OLD_CHARACTER_SET_CLIENT=@@CHARACTER_SET_CLIENT */;
/*!40101 SET @OLD_CHARACTER_SET_RESULTS=@@CHARACTER_SET_RESULTS */;
/*!40101 SET @OLD_COLLATION_CONNECTION=@@COLLATION_CONNECTION */;
/*!40101 SET NAMES utf8mb4 */;

--
-- Database: `consultancy`
--

-- --------------------------------------------------------

--
-- Table structure for table `bookings`
--

CREATE TABLE `bookings` (
  `id` bigint(20) UNSIGNED NOT NULL,
  `user_id` bigint(20) UNSIGNED NOT NULL,
  `expert_id` bigint(20) UNSIGNED NOT NULL,
  `date_id` bigint(20) UNSIGNED NOT NULL,
  `created_at` timestamp NULL DEFAULT NULL,
  `updated_at` timestamp NULL DEFAULT NULL
) ENGINE=MyISAM DEFAULT CHARSET=utf8mb4 COLLATE=utf8mb4_unicode_ci;

-- --------------------------------------------------------

--
-- Table structure for table `categories`
--

CREATE TABLE `categories` (
  `id` bigint(20) UNSIGNED NOT NULL,
  `name_en` varchar(30) COLLATE utf8mb4_unicode_ci NOT NULL,
  `name_ar` varchar(30) COLLATE utf8mb4_unicode_ci NOT NULL,
  `photo` varchar(100) COLLATE utf8mb4_unicode_ci NOT NULL
) ENGINE=MyISAM DEFAULT CHARSET=utf8mb4 COLLATE=utf8mb4_unicode_ci;

--
-- Dumping data for table `categories`
--

INSERT INTO `categories` (`id`, `name_en`, `name_ar`, `photo`) VALUES
(1, 'Medical', 'الطبية', 'Medical.jfif'),
(2, 'Vocational', 'المهنية', 'Vocational.jfif'),
(3, 'Psychic', 'النفسية', 'Psychic.jfif'),
(4, 'Familial', 'العائلية', 'Familial.jfif'),
(5, 'Management', 'الإدارية', 'Management.jfif');

-- --------------------------------------------------------

--
-- Table structure for table `dates`
--

CREATE TABLE `dates` (
  `id` bigint(20) UNSIGNED NOT NULL,
  `expert_id` bigint(20) UNSIGNED NOT NULL,
  `day_id` bigint(20) UNSIGNED NOT NULL,
  `time` varchar(191) COLLATE utf8mb4_unicode_ci NOT NULL,
  `available` tinyint(1) NOT NULL DEFAULT '1'
) ENGINE=MyISAM DEFAULT CHARSET=utf8mb4 COLLATE=utf8mb4_unicode_ci;

--
-- Dumping data for table `dates`
--

INSERT INTO `dates` (`id`, `expert_id`, `day_id`, `time`, `available`) VALUES
(1, 1, 4, '11:00 AM', 1),
(2, 1, 4, '12:00 PM', 1),
(3, 1, 4, '1:00 PM', 1),
(4, 1, 4, '2:00 PM', 1),
(5, 1, 4, '3:00 PM', 1),
(6, 1, 4, '4:00 PM', 1),
(7, 1, 4, '5:00 PM', 1),
(8, 1, 1, '11:00 AM', 1),
(9, 1, 1, '12:00 PM', 1),
(10, 1, 1, '1:00 PM', 1),
(11, 1, 1, '2:00 PM', 1),
(12, 1, 1, '3:00 PM', 1),
(13, 1, 1, '4:00 PM', 1),
(14, 1, 1, '5:00 PM', 1),
(15, 1, 6, '11:00 AM', 1),
(16, 1, 6, '12:00 PM', 1),
(17, 1, 6, '1:00 PM', 1),
(18, 1, 6, '2:00 PM', 1),
(19, 1, 6, '3:00 PM', 1),
(20, 1, 6, '4:00 PM', 1),
(21, 1, 6, '5:00 PM', 1),
(22, 1, 2, '11:00 AM', 1),
(23, 1, 2, '12:00 PM', 1),
(24, 1, 2, '1:00 PM', 1),
(25, 1, 2, '2:00 PM', 1),
(26, 1, 2, '3:00 PM', 1),
(27, 1, 2, '4:00 PM', 1),
(28, 1, 2, '5:00 PM', 1),
(29, 2, 4, '9:00 AM', 1),
(30, 2, 4, '10:00 AM', 1),
(31, 2, 4, '11:00 AM', 1),
(32, 2, 4, '12:00 PM', 1),
(33, 2, 4, '1:00 PM', 1),
(34, 2, 4, '2:00 PM', 1),
(35, 2, 3, '9:00 AM', 1),
(36, 2, 3, '10:00 AM', 1),
(37, 2, 3, '11:00 AM', 1),
(38, 2, 3, '12:00 PM', 1),
(39, 2, 3, '1:00 PM', 1),
(40, 2, 3, '2:00 PM', 1),
(41, 3, 5, '6:00 AM', 1),
(42, 3, 5, '7:00 AM', 1),
(43, 3, 5, '8:00 AM', 1),
(44, 3, 5, '9:00 AM', 1),
(45, 3, 5, '10:00 AM', 1),
(46, 3, 5, '11:00 AM', 1),
(47, 3, 5, '12:00 PM', 1),
(48, 3, 5, '1:00 PM', 1),
(49, 3, 4, '6:00 AM', 1),
(50, 3, 4, '7:00 AM', 1),
(51, 3, 4, '8:00 AM', 1),
(52, 3, 4, '9:00 AM', 1),
(53, 3, 4, '10:00 AM', 1),
(54, 3, 4, '11:00 AM', 1),
(55, 3, 4, '12:00 PM', 1),
(56, 3, 4, '1:00 PM', 1),
(57, 3, 6, '6:00 AM', 1),
(58, 3, 6, '7:00 AM', 1),
(59, 3, 6, '8:00 AM', 1),
(60, 3, 6, '9:00 AM', 1),
(61, 3, 6, '10:00 AM', 1),
(62, 3, 6, '11:00 AM', 1),
(63, 3, 6, '12:00 PM', 1),
(64, 3, 6, '1:00 PM', 1),
(65, 4, 3, '11:00 AM', 1),
(66, 4, 3, '12:00 PM', 1),
(67, 4, 3, '1:00 PM', 1),
(68, 4, 3, '2:00 PM', 1),
(69, 4, 5, '11:00 AM', 1),
(70, 4, 5, '12:00 PM', 1),
(71, 4, 5, '1:00 PM', 1),
(72, 4, 5, '2:00 PM', 1),
(73, 4, 6, '11:00 AM', 1),
(74, 4, 6, '12:00 PM', 1),
(75, 4, 6, '1:00 PM', 1),
(76, 4, 6, '2:00 PM', 1),
(77, 5, 6, '12:00 PM', 1),
(78, 5, 6, '1:00 PM', 1),
(79, 5, 6, '2:00 PM', 1),
(80, 5, 6, '3:00 PM', 1),
(81, 5, 6, '4:00 PM', 1),
(82, 5, 6, '5:00 PM', 1),
(83, 5, 2, '12:00 PM', 1),
(84, 5, 2, '1:00 PM', 1),
(85, 5, 2, '2:00 PM', 1),
(86, 5, 2, '3:00 PM', 1),
(87, 5, 2, '4:00 PM', 1),
(88, 5, 2, '5:00 PM', 1),
(89, 5, 7, '12:00 PM', 1),
(90, 5, 7, '1:00 PM', 1),
(91, 5, 7, '2:00 PM', 1),
(92, 5, 7, '3:00 PM', 1),
(93, 5, 7, '4:00 PM', 1),
(94, 5, 7, '5:00 PM', 1),
(95, 6, 2, '7:00 AM', 1),
(96, 6, 2, '8:00 AM', 1),
(97, 6, 2, '9:00 AM', 1),
(98, 6, 2, '10:00 AM', 1),
(99, 6, 2, '11:00 AM', 1),
(100, 6, 2, '12:00 PM', 1),
(101, 6, 2, '1:00 PM', 1),
(102, 6, 2, '2:00 PM', 1),
(103, 6, 2, '3:00 PM', 1),
(104, 6, 2, '4:00 PM', 1),
(105, 6, 2, '5:00 PM', 1),
(106, 6, 2, '6:00 PM', 1),
(107, 6, 2, '7:00 PM', 1),
(108, 6, 6, '7:00 AM', 1),
(109, 6, 6, '8:00 AM', 1),
(110, 6, 6, '9:00 AM', 1),
(111, 6, 6, '10:00 AM', 1),
(112, 6, 6, '11:00 AM', 1),
(113, 6, 6, '12:00 PM', 1),
(114, 6, 6, '1:00 PM', 1),
(115, 6, 6, '2:00 PM', 1),
(116, 6, 6, '3:00 PM', 1),
(117, 6, 6, '4:00 PM', 1),
(118, 6, 6, '5:00 PM', 1),
(119, 6, 6, '6:00 PM', 1),
(120, 6, 6, '7:00 PM', 1),
(121, 6, 4, '7:00 AM', 1),
(122, 6, 4, '8:00 AM', 1),
(123, 6, 4, '9:00 AM', 1),
(124, 6, 4, '10:00 AM', 1),
(125, 6, 4, '11:00 AM', 1),
(126, 6, 4, '12:00 PM', 1),
(127, 6, 4, '1:00 PM', 1),
(128, 6, 4, '2:00 PM', 1),
(129, 6, 4, '3:00 PM', 1),
(130, 6, 4, '4:00 PM', 1),
(131, 6, 4, '5:00 PM', 1),
(132, 6, 4, '6:00 PM', 1),
(133, 6, 4, '7:00 PM', 1),
(134, 6, 3, '7:00 AM', 1),
(135, 6, 3, '8:00 AM', 1),
(136, 6, 3, '9:00 AM', 1),
(137, 6, 3, '10:00 AM', 1),
(138, 6, 3, '11:00 AM', 1),
(139, 6, 3, '12:00 PM', 1),
(140, 6, 3, '1:00 PM', 1),
(141, 6, 3, '2:00 PM', 1),
(142, 6, 3, '3:00 PM', 1),
(143, 6, 3, '4:00 PM', 1),
(144, 6, 3, '5:00 PM', 1),
(145, 6, 3, '6:00 PM', 1),
(146, 6, 3, '7:00 PM', 1),
(147, 7, 4, '8:00 AM', 1),
(148, 7, 4, '9:00 AM', 1),
(149, 7, 4, '10:00 AM', 1),
(150, 7, 4, '11:00 AM', 1),
(151, 7, 4, '12:00 PM', 1),
(152, 7, 4, '1:00 PM', 1),
(153, 7, 4, '2:00 PM', 1),
(154, 7, 4, '3:00 PM', 1),
(155, 7, 4, '4:00 PM', 1),
(156, 7, 4, '5:00 PM', 1),
(157, 7, 4, '6:00 PM', 1),
(158, 7, 4, '7:00 PM', 1),
(159, 7, 4, '8:00 PM', 1),
(160, 7, 4, '9:00 PM', 1),
(161, 7, 1, '8:00 AM', 1),
(162, 7, 1, '9:00 AM', 1),
(163, 7, 1, '10:00 AM', 1),
(164, 7, 1, '11:00 AM', 1),
(165, 7, 1, '12:00 PM', 1),
(166, 7, 1, '1:00 PM', 1),
(167, 7, 1, '2:00 PM', 1),
(168, 7, 1, '3:00 PM', 1),
(169, 7, 1, '4:00 PM', 1),
(170, 7, 1, '5:00 PM', 1),
(171, 7, 1, '6:00 PM', 1),
(172, 7, 1, '7:00 PM', 1),
(173, 7, 1, '8:00 PM', 1),
(174, 7, 1, '9:00 PM', 1),
(175, 8, 2, '11:00 AM', 1),
(176, 8, 2, '12:00 PM', 1),
(177, 8, 2, '1:00 PM', 1),
(178, 8, 2, '2:00 PM', 1),
(179, 8, 2, '3:00 PM', 1),
(180, 8, 4, '11:00 AM', 1),
(181, 8, 4, '12:00 PM', 1),
(182, 8, 4, '1:00 PM', 1),
(183, 8, 4, '2:00 PM', 1),
(184, 8, 4, '3:00 PM', 1),
(185, 8, 5, '11:00 AM', 1),
(186, 8, 5, '12:00 PM', 1),
(187, 8, 5, '1:00 PM', 1),
(188, 8, 5, '2:00 PM', 1),
(189, 8, 5, '3:00 PM', 1),
(190, 9, 5, '8:00 AM', 1),
(191, 9, 5, '9:00 AM', 1),
(192, 9, 5, '10:00 AM', 1),
(193, 9, 5, '11:00 AM', 1),
(194, 9, 5, '12:00 PM', 1),
(195, 9, 5, '1:00 PM', 1),
(196, 9, 2, '8:00 AM', 1),
(197, 9, 2, '9:00 AM', 1),
(198, 9, 2, '10:00 AM', 1),
(199, 9, 2, '11:00 AM', 1),
(200, 9, 2, '12:00 PM', 1),
(201, 9, 2, '1:00 PM', 1),
(202, 9, 1, '8:00 AM', 1),
(203, 9, 1, '9:00 AM', 1),
(204, 9, 1, '10:00 AM', 1),
(205, 9, 1, '11:00 AM', 1),
(206, 9, 1, '12:00 PM', 1),
(207, 9, 1, '1:00 PM', 1),
(208, 9, 3, '8:00 AM', 1),
(209, 9, 3, '9:00 AM', 1),
(210, 9, 3, '10:00 AM', 1),
(211, 9, 3, '11:00 AM', 1),
(212, 9, 3, '12:00 PM', 1),
(213, 9, 3, '1:00 PM', 1),
(214, 9, 6, '8:00 AM', 1),
(215, 9, 6, '9:00 AM', 1),
(216, 9, 6, '10:00 AM', 1),
(217, 9, 6, '11:00 AM', 1),
(218, 9, 6, '12:00 PM', 1),
(219, 9, 6, '1:00 PM', 1),
(220, 10, 4, '10:00 AM', 1),
(221, 10, 4, '11:00 AM', 1),
(222, 10, 4, '12:00 PM', 1),
(223, 10, 4, '1:00 PM', 1),
(224, 10, 4, '2:00 PM', 1),
(225, 10, 4, '3:00 PM', 1),
(226, 10, 4, '4:00 PM', 1),
(227, 10, 4, '5:00 PM', 1),
(228, 10, 4, '6:00 PM', 1),
(229, 10, 4, '7:00 PM', 1),
(230, 10, 6, '10:00 AM', 1),
(231, 10, 6, '11:00 AM', 1),
(232, 10, 6, '12:00 PM', 1),
(233, 10, 6, '1:00 PM', 1),
(234, 10, 6, '2:00 PM', 1),
(235, 10, 6, '3:00 PM', 1),
(236, 10, 6, '4:00 PM', 1),
(237, 10, 6, '5:00 PM', 1),
(238, 10, 6, '6:00 PM', 1),
(239, 10, 6, '7:00 PM', 1),
(240, 10, 2, '10:00 AM', 1),
(241, 10, 2, '11:00 AM', 1),
(242, 10, 2, '12:00 PM', 1),
(243, 10, 2, '1:00 PM', 1),
(244, 10, 2, '2:00 PM', 1),
(245, 10, 2, '3:00 PM', 1),
(246, 10, 2, '4:00 PM', 1),
(247, 10, 2, '5:00 PM', 1),
(248, 10, 2, '6:00 PM', 1),
(249, 10, 2, '7:00 PM', 1),
(250, 10, 3, '10:00 AM', 1),
(251, 10, 3, '11:00 AM', 1),
(252, 10, 3, '12:00 PM', 1),
(253, 10, 3, '1:00 PM', 1),
(254, 10, 3, '2:00 PM', 1),
(255, 10, 3, '3:00 PM', 1),
(256, 10, 3, '4:00 PM', 1),
(257, 10, 3, '5:00 PM', 1),
(258, 10, 3, '6:00 PM', 1),
(259, 10, 3, '7:00 PM', 1),
(260, 11, 6, '8:00 AM', 1),
(261, 11, 6, '9:00 AM', 1),
(262, 11, 6, '10:00 AM', 1),
(263, 11, 6, '11:00 AM', 1),
(264, 11, 6, '12:00 PM', 1),
(265, 11, 6, '1:00 PM', 1),
(266, 11, 3, '8:00 AM', 1),
(267, 11, 3, '9:00 AM', 1),
(268, 11, 3, '10:00 AM', 1),
(269, 11, 3, '11:00 AM', 1),
(270, 11, 3, '12:00 PM', 1),
(271, 11, 3, '1:00 PM', 1),
(272, 12, 2, '11:00 AM', 1),
(273, 12, 2, '12:00 PM', 1),
(274, 12, 2, '1:00 PM', 1),
(275, 12, 2, '2:00 PM', 1),
(276, 12, 2, '3:00 PM', 1),
(277, 12, 2, '4:00 PM', 1),
(278, 12, 2, '5:00 PM', 1),
(279, 12, 7, '11:00 AM', 1),
(280, 12, 7, '12:00 PM', 1),
(281, 12, 7, '1:00 PM', 1),
(282, 12, 7, '2:00 PM', 1),
(283, 12, 7, '3:00 PM', 1),
(284, 12, 7, '4:00 PM', 1),
(285, 12, 7, '5:00 PM', 1),
(286, 12, 3, '11:00 AM', 1),
(287, 12, 3, '12:00 PM', 1),
(288, 12, 3, '1:00 PM', 1),
(289, 12, 3, '2:00 PM', 1),
(290, 12, 3, '3:00 PM', 1),
(291, 12, 3, '4:00 PM', 1),
(292, 12, 3, '5:00 PM', 1),
(293, 12, 4, '11:00 AM', 1),
(294, 12, 4, '12:00 PM', 1),
(295, 12, 4, '1:00 PM', 1),
(296, 12, 4, '2:00 PM', 1),
(297, 12, 4, '3:00 PM', 1),
(298, 12, 4, '4:00 PM', 1),
(299, 12, 4, '5:00 PM', 1),
(300, 12, 5, '11:00 AM', 1),
(301, 12, 5, '12:00 PM', 1),
(302, 12, 5, '1:00 PM', 1),
(303, 12, 5, '2:00 PM', 1),
(304, 12, 5, '3:00 PM', 1),
(305, 12, 5, '4:00 PM', 1),
(306, 12, 5, '5:00 PM', 1),
(307, 13, 4, '12:00 PM', 1),
(308, 13, 4, '1:00 PM', 1),
(309, 13, 4, '2:00 PM', 1),
(310, 13, 6, '12:00 PM', 1),
(311, 13, 6, '1:00 PM', 1),
(312, 13, 6, '2:00 PM', 1),
(313, 13, 1, '12:00 PM', 1),
(314, 13, 1, '1:00 PM', 1),
(315, 13, 1, '2:00 PM', 1),
(316, 14, 2, '12:00 PM', 1),
(317, 14, 2, '1:00 PM', 1),
(318, 14, 2, '2:00 PM', 1),
(319, 14, 2, '3:00 PM', 1),
(320, 14, 2, '4:00 PM', 1),
(321, 14, 2, '5:00 PM', 1),
(322, 14, 2, '6:00 PM', 1),
(323, 14, 2, '7:00 PM', 1),
(324, 14, 2, '8:00 PM', 1),
(325, 14, 1, '12:00 PM', 1),
(326, 14, 1, '1:00 PM', 1),
(327, 14, 1, '2:00 PM', 1),
(328, 14, 1, '3:00 PM', 1),
(329, 14, 1, '4:00 PM', 1),
(330, 14, 1, '5:00 PM', 1),
(331, 14, 1, '6:00 PM', 1),
(332, 14, 1, '7:00 PM', 1),
(333, 14, 1, '8:00 PM', 1),
(334, 15, 3, '11:00 AM', 1),
(335, 15, 3, '12:00 PM', 1),
(336, 15, 3, '1:00 PM', 1),
(337, 15, 3, '2:00 PM', 1),
(338, 15, 3, '3:00 PM', 1),
(339, 15, 3, '4:00 PM', 1),
(340, 15, 3, '5:00 PM', 1),
(341, 15, 3, '6:00 PM', 1),
(342, 15, 1, '11:00 AM', 1),
(343, 15, 1, '12:00 PM', 1),
(344, 15, 1, '1:00 PM', 1),
(345, 15, 1, '2:00 PM', 1),
(346, 15, 1, '3:00 PM', 1),
(347, 15, 1, '4:00 PM', 1),
(348, 15, 1, '5:00 PM', 1),
(349, 15, 1, '6:00 PM', 1),
(350, 15, 7, '11:00 AM', 1),
(351, 15, 7, '12:00 PM', 1),
(352, 15, 7, '1:00 PM', 1),
(353, 15, 7, '2:00 PM', 1),
(354, 15, 7, '3:00 PM', 1),
(355, 15, 7, '4:00 PM', 1),
(356, 15, 7, '5:00 PM', 1),
(357, 15, 7, '6:00 PM', 1),
(358, 15, 4, '11:00 AM', 1),
(359, 15, 4, '12:00 PM', 1),
(360, 15, 4, '1:00 PM', 1),
(361, 15, 4, '2:00 PM', 1),
(362, 15, 4, '3:00 PM', 1),
(363, 15, 4, '4:00 PM', 1),
(364, 15, 4, '5:00 PM', 1),
(365, 15, 4, '6:00 PM', 1),
(366, 16, 4, '8:00 AM', 1),
(367, 16, 4, '9:00 AM', 1),
(368, 16, 4, '10:00 AM', 1),
(369, 16, 4, '11:00 AM', 1),
(370, 16, 4, '12:00 PM', 1),
(371, 16, 4, '1:00 PM', 1),
(372, 16, 4, '2:00 PM', 1),
(373, 16, 4, '3:00 PM', 1),
(374, 16, 4, '4:00 PM', 1),
(375, 16, 4, '5:00 PM', 1),
(376, 16, 4, '6:00 PM', 1),
(377, 16, 4, '7:00 PM', 1),
(378, 16, 4, '8:00 PM', 1),
(379, 16, 7, '8:00 AM', 1),
(380, 16, 7, '9:00 AM', 1),
(381, 16, 7, '10:00 AM', 1),
(382, 16, 7, '11:00 AM', 1),
(383, 16, 7, '12:00 PM', 1),
(384, 16, 7, '1:00 PM', 1),
(385, 16, 7, '2:00 PM', 1),
(386, 16, 7, '3:00 PM', 1),
(387, 16, 7, '4:00 PM', 1),
(388, 16, 7, '5:00 PM', 1),
(389, 16, 7, '6:00 PM', 1),
(390, 16, 7, '7:00 PM', 1),
(391, 16, 7, '8:00 PM', 1),
(392, 16, 1, '8:00 AM', 1),
(393, 16, 1, '9:00 AM', 1),
(394, 16, 1, '10:00 AM', 1),
(395, 16, 1, '11:00 AM', 1),
(396, 16, 1, '12:00 PM', 1),
(397, 16, 1, '1:00 PM', 1),
(398, 16, 1, '2:00 PM', 1),
(399, 16, 1, '3:00 PM', 1),
(400, 16, 1, '4:00 PM', 1),
(401, 16, 1, '5:00 PM', 1),
(402, 16, 1, '6:00 PM', 1),
(403, 16, 1, '7:00 PM', 1),
(404, 16, 1, '8:00 PM', 1),
(405, 17, 5, '10:00 AM', 1),
(406, 17, 5, '11:00 AM', 1),
(407, 17, 5, '12:00 PM', 1),
(408, 17, 7, '10:00 AM', 1),
(409, 17, 7, '11:00 AM', 1),
(410, 17, 7, '12:00 PM', 1),
(411, 17, 6, '10:00 AM', 1),
(412, 17, 6, '11:00 AM', 1),
(413, 17, 6, '12:00 PM', 1),
(414, 17, 3, '10:00 AM', 1),
(415, 17, 3, '11:00 AM', 1),
(416, 17, 3, '12:00 PM', 1),
(417, 17, 1, '10:00 AM', 1),
(418, 17, 1, '11:00 AM', 1),
(419, 17, 1, '12:00 PM', 1),
(420, 18, 6, '7:00 AM', 1),
(421, 18, 6, '8:00 AM', 1),
(422, 18, 6, '9:00 AM', 1),
(423, 18, 6, '10:00 AM', 1),
(424, 18, 6, '11:00 AM', 1),
(425, 18, 6, '12:00 PM', 1),
(426, 18, 6, '1:00 PM', 1),
(427, 18, 6, '2:00 PM', 1),
(428, 18, 6, '3:00 PM', 1),
(429, 18, 4, '7:00 AM', 1),
(430, 18, 4, '8:00 AM', 1),
(431, 18, 4, '9:00 AM', 1),
(432, 18, 4, '10:00 AM', 1),
(433, 18, 4, '11:00 AM', 1),
(434, 18, 4, '12:00 PM', 1),
(435, 18, 4, '1:00 PM', 1),
(436, 18, 4, '2:00 PM', 1),
(437, 18, 4, '3:00 PM', 1),
(438, 18, 1, '7:00 AM', 1),
(439, 18, 1, '8:00 AM', 1),
(440, 18, 1, '9:00 AM', 1),
(441, 18, 1, '10:00 AM', 1),
(442, 18, 1, '11:00 AM', 1),
(443, 18, 1, '12:00 PM', 1),
(444, 18, 1, '1:00 PM', 1),
(445, 18, 1, '2:00 PM', 1),
(446, 18, 1, '3:00 PM', 1),
(447, 18, 5, '7:00 AM', 1),
(448, 18, 5, '8:00 AM', 1),
(449, 18, 5, '9:00 AM', 1),
(450, 18, 5, '10:00 AM', 1),
(451, 18, 5, '11:00 AM', 1),
(452, 18, 5, '12:00 PM', 1),
(453, 18, 5, '1:00 PM', 1),
(454, 18, 5, '2:00 PM', 1),
(455, 18, 5, '3:00 PM', 1),
(456, 19, 7, '11:00 AM', 1),
(457, 19, 7, '12:00 PM', 1),
(458, 19, 1, '11:00 AM', 1),
(459, 19, 1, '12:00 PM', 1),
(460, 19, 3, '11:00 AM', 1),
(461, 19, 3, '12:00 PM', 1),
(462, 19, 4, '11:00 AM', 1),
(463, 19, 4, '12:00 PM', 1),
(464, 19, 6, '11:00 AM', 1),
(465, 19, 6, '12:00 PM', 1),
(466, 20, 3, '9:00 AM', 1),
(467, 20, 3, '10:00 AM', 1),
(468, 20, 3, '11:00 AM', 1),
(469, 20, 3, '12:00 PM', 1),
(470, 20, 3, '1:00 PM', 1),
(471, 20, 3, '2:00 PM', 1),
(472, 20, 3, '3:00 PM', 1),
(473, 20, 3, '4:00 PM', 1),
(474, 20, 3, '5:00 PM', 1),
(475, 20, 3, '6:00 PM', 1),
(476, 20, 3, '7:00 PM', 1),
(477, 20, 3, '8:00 PM', 1),
(478, 20, 3, '9:00 PM', 1),
(479, 20, 1, '9:00 AM', 1),
(480, 20, 1, '10:00 AM', 1),
(481, 20, 1, '11:00 AM', 1),
(482, 20, 1, '12:00 PM', 1),
(483, 20, 1, '1:00 PM', 1),
(484, 20, 1, '2:00 PM', 1),
(485, 20, 1, '3:00 PM', 1),
(486, 20, 1, '4:00 PM', 1),
(487, 20, 1, '5:00 PM', 1),
(488, 20, 1, '6:00 PM', 1),
(489, 20, 1, '7:00 PM', 1),
(490, 20, 1, '8:00 PM', 1),
(491, 20, 1, '9:00 PM', 1),
(492, 20, 4, '9:00 AM', 1),
(493, 20, 4, '10:00 AM', 1),
(494, 20, 4, '11:00 AM', 1),
(495, 20, 4, '12:00 PM', 1),
(496, 20, 4, '1:00 PM', 1),
(497, 20, 4, '2:00 PM', 1),
(498, 20, 4, '3:00 PM', 1),
(499, 20, 4, '4:00 PM', 1),
(500, 20, 4, '5:00 PM', 1),
(501, 20, 4, '6:00 PM', 1),
(502, 20, 4, '7:00 PM', 1),
(503, 20, 4, '8:00 PM', 1),
(504, 20, 4, '9:00 PM', 1),
(505, 20, 2, '9:00 AM', 1),
(506, 20, 2, '10:00 AM', 1),
(507, 20, 2, '11:00 AM', 1),
(508, 20, 2, '12:00 PM', 1),
(509, 20, 2, '1:00 PM', 1),
(510, 20, 2, '2:00 PM', 1),
(511, 20, 2, '3:00 PM', 1),
(512, 20, 2, '4:00 PM', 1),
(513, 20, 2, '5:00 PM', 1),
(514, 20, 2, '6:00 PM', 1),
(515, 20, 2, '7:00 PM', 1),
(516, 20, 2, '8:00 PM', 1),
(517, 20, 2, '9:00 PM', 1),
(518, 20, 7, '9:00 AM', 1),
(519, 20, 7, '10:00 AM', 1),
(520, 20, 7, '11:00 AM', 1),
(521, 20, 7, '12:00 PM', 1),
(522, 20, 7, '1:00 PM', 1),
(523, 20, 7, '2:00 PM', 1),
(524, 20, 7, '3:00 PM', 1),
(525, 20, 7, '4:00 PM', 1),
(526, 20, 7, '5:00 PM', 1),
(527, 20, 7, '6:00 PM', 1),
(528, 20, 7, '7:00 PM', 1),
(529, 20, 7, '8:00 PM', 1),
(530, 20, 7, '9:00 PM', 1),
(531, 21, 5, '7:00 AM', 1),
(532, 21, 5, '8:00 AM', 1),
(533, 21, 5, '9:00 AM', 1),
(534, 21, 5, '10:00 AM', 1),
(535, 21, 5, '11:00 AM', 1),
(536, 21, 5, '12:00 PM', 1),
(537, 21, 5, '1:00 PM', 1),
(538, 21, 5, '2:00 PM', 1),
(539, 21, 5, '3:00 PM', 1),
(540, 21, 5, '4:00 PM', 1),
(541, 21, 5, '5:00 PM', 1),
(542, 21, 5, '6:00 PM', 1),
(543, 21, 6, '7:00 AM', 1),
(544, 21, 6, '8:00 AM', 1),
(545, 21, 6, '9:00 AM', 1),
(546, 21, 6, '10:00 AM', 1),
(547, 21, 6, '11:00 AM', 1),
(548, 21, 6, '12:00 PM', 1),
(549, 21, 6, '1:00 PM', 1),
(550, 21, 6, '2:00 PM', 1),
(551, 21, 6, '3:00 PM', 1),
(552, 21, 6, '4:00 PM', 1),
(553, 21, 6, '5:00 PM', 1),
(554, 21, 6, '6:00 PM', 1),
(555, 21, 2, '7:00 AM', 1),
(556, 21, 2, '8:00 AM', 1),
(557, 21, 2, '9:00 AM', 1),
(558, 21, 2, '10:00 AM', 1),
(559, 21, 2, '11:00 AM', 1),
(560, 21, 2, '12:00 PM', 1),
(561, 21, 2, '1:00 PM', 1),
(562, 21, 2, '2:00 PM', 1),
(563, 21, 2, '3:00 PM', 1),
(564, 21, 2, '4:00 PM', 1),
(565, 21, 2, '5:00 PM', 1),
(566, 21, 2, '6:00 PM', 1),
(567, 21, 1, '7:00 AM', 1),
(568, 21, 1, '8:00 AM', 1),
(569, 21, 1, '9:00 AM', 1),
(570, 21, 1, '10:00 AM', 1),
(571, 21, 1, '11:00 AM', 1),
(572, 21, 1, '12:00 PM', 1),
(573, 21, 1, '1:00 PM', 1),
(574, 21, 1, '2:00 PM', 1),
(575, 21, 1, '3:00 PM', 1),
(576, 21, 1, '4:00 PM', 1),
(577, 21, 1, '5:00 PM', 1),
(578, 21, 1, '6:00 PM', 1),
(579, 21, 3, '7:00 AM', 1),
(580, 21, 3, '8:00 AM', 1),
(581, 21, 3, '9:00 AM', 1),
(582, 21, 3, '10:00 AM', 1),
(583, 21, 3, '11:00 AM', 1),
(584, 21, 3, '12:00 PM', 1),
(585, 21, 3, '1:00 PM', 1),
(586, 21, 3, '2:00 PM', 1),
(587, 21, 3, '3:00 PM', 1),
(588, 21, 3, '4:00 PM', 1),
(589, 21, 3, '5:00 PM', 1),
(590, 21, 3, '6:00 PM', 1),
(591, 22, 5, '11:00 AM', 1),
(592, 22, 5, '12:00 PM', 1),
(593, 22, 5, '1:00 PM', 1),
(594, 22, 5, '2:00 PM', 1),
(595, 22, 5, '3:00 PM', 1),
(596, 22, 5, '4:00 PM', 1),
(597, 22, 5, '5:00 PM', 1),
(598, 22, 5, '6:00 PM', 1),
(599, 22, 5, '7:00 PM', 1),
(600, 22, 1, '11:00 AM', 1),
(601, 22, 1, '12:00 PM', 1),
(602, 22, 1, '1:00 PM', 1),
(603, 22, 1, '2:00 PM', 1),
(604, 22, 1, '3:00 PM', 1),
(605, 22, 1, '4:00 PM', 1),
(606, 22, 1, '5:00 PM', 1),
(607, 22, 1, '6:00 PM', 1),
(608, 22, 1, '7:00 PM', 1),
(609, 22, 2, '11:00 AM', 1),
(610, 22, 2, '12:00 PM', 1),
(611, 22, 2, '1:00 PM', 1),
(612, 22, 2, '2:00 PM', 1),
(613, 22, 2, '3:00 PM', 1),
(614, 22, 2, '4:00 PM', 1),
(615, 22, 2, '5:00 PM', 1),
(616, 22, 2, '6:00 PM', 1),
(617, 22, 2, '7:00 PM', 1),
(618, 22, 3, '11:00 AM', 1),
(619, 22, 3, '12:00 PM', 1),
(620, 22, 3, '1:00 PM', 1),
(621, 22, 3, '2:00 PM', 1),
(622, 22, 3, '3:00 PM', 1),
(623, 22, 3, '4:00 PM', 1),
(624, 22, 3, '5:00 PM', 1),
(625, 22, 3, '6:00 PM', 1),
(626, 22, 3, '7:00 PM', 1),
(627, 22, 6, '11:00 AM', 1),
(628, 22, 6, '12:00 PM', 1),
(629, 22, 6, '1:00 PM', 1),
(630, 22, 6, '2:00 PM', 1),
(631, 22, 6, '3:00 PM', 1),
(632, 22, 6, '4:00 PM', 1),
(633, 22, 6, '5:00 PM', 1),
(634, 22, 6, '6:00 PM', 1),
(635, 22, 6, '7:00 PM', 1),
(636, 23, 1, '10:00 AM', 1),
(637, 23, 1, '11:00 AM', 1),
(638, 23, 1, '12:00 PM', 1),
(639, 23, 1, '1:00 PM', 1),
(640, 23, 5, '10:00 AM', 1),
(641, 23, 5, '11:00 AM', 1),
(642, 23, 5, '12:00 PM', 1),
(643, 23, 5, '1:00 PM', 1),
(644, 23, 2, '10:00 AM', 1),
(645, 23, 2, '11:00 AM', 1),
(646, 23, 2, '12:00 PM', 1),
(647, 23, 2, '1:00 PM', 1),
(648, 24, 6, '10:00 AM', 1),
(649, 24, 6, '11:00 AM', 1),
(650, 24, 6, '12:00 PM', 1),
(651, 24, 6, '1:00 PM', 1),
(652, 24, 6, '2:00 PM', 1),
(653, 24, 6, '3:00 PM', 1),
(654, 24, 6, '4:00 PM', 1),
(655, 24, 6, '5:00 PM', 1),
(656, 24, 6, '6:00 PM', 1),
(657, 24, 6, '7:00 PM', 1),
(658, 24, 6, '8:00 PM', 1),
(659, 24, 7, '10:00 AM', 1),
(660, 24, 7, '11:00 AM', 1),
(661, 24, 7, '12:00 PM', 1),
(662, 24, 7, '1:00 PM', 1),
(663, 24, 7, '2:00 PM', 1),
(664, 24, 7, '3:00 PM', 1),
(665, 24, 7, '4:00 PM', 1),
(666, 24, 7, '5:00 PM', 1),
(667, 24, 7, '6:00 PM', 1),
(668, 24, 7, '7:00 PM', 1),
(669, 24, 7, '8:00 PM', 1),
(670, 24, 4, '10:00 AM', 1),
(671, 24, 4, '11:00 AM', 1),
(672, 24, 4, '12:00 PM', 1),
(673, 24, 4, '1:00 PM', 1),
(674, 24, 4, '2:00 PM', 1),
(675, 24, 4, '3:00 PM', 1),
(676, 24, 4, '4:00 PM', 1),
(677, 24, 4, '5:00 PM', 1),
(678, 24, 4, '6:00 PM', 1),
(679, 24, 4, '7:00 PM', 1),
(680, 24, 4, '8:00 PM', 1),
(681, 24, 5, '10:00 AM', 1),
(682, 24, 5, '11:00 AM', 1),
(683, 24, 5, '12:00 PM', 1),
(684, 24, 5, '1:00 PM', 1),
(685, 24, 5, '2:00 PM', 1),
(686, 24, 5, '3:00 PM', 1),
(687, 24, 5, '4:00 PM', 1),
(688, 24, 5, '5:00 PM', 1),
(689, 24, 5, '6:00 PM', 1),
(690, 24, 5, '7:00 PM', 1),
(691, 24, 5, '8:00 PM', 1),
(692, 25, 3, '11:00 AM', 1),
(693, 25, 3, '12:00 PM', 1),
(694, 25, 3, '1:00 PM', 1),
(695, 25, 3, '2:00 PM', 1),
(696, 25, 2, '11:00 AM', 1),
(697, 25, 2, '12:00 PM', 1),
(698, 25, 2, '1:00 PM', 1),
(699, 25, 2, '2:00 PM', 1),
(700, 25, 5, '11:00 AM', 1),
(701, 25, 5, '12:00 PM', 1),
(702, 25, 5, '1:00 PM', 1),
(703, 25, 5, '2:00 PM', 1),
(704, 25, 4, '11:00 AM', 1),
(705, 25, 4, '12:00 PM', 1),
(706, 25, 4, '1:00 PM', 1),
(707, 25, 4, '2:00 PM', 1),
(708, 25, 7, '11:00 AM', 1),
(709, 25, 7, '12:00 PM', 1),
(710, 25, 7, '1:00 PM', 1),
(711, 25, 7, '2:00 PM', 1),
(712, 26, 5, '10:00 AM', 1),
(713, 26, 5, '11:00 AM', 1),
(714, 26, 5, '12:00 PM', 1),
(715, 26, 6, '10:00 AM', 1),
(716, 26, 6, '11:00 AM', 1),
(717, 26, 6, '12:00 PM', 1),
(718, 26, 3, '10:00 AM', 1),
(719, 26, 3, '11:00 AM', 1),
(720, 26, 3, '12:00 PM', 1),
(721, 26, 2, '10:00 AM', 1),
(722, 26, 2, '11:00 AM', 1),
(723, 26, 2, '12:00 PM', 1),
(724, 26, 4, '10:00 AM', 1),
(725, 26, 4, '11:00 AM', 1),
(726, 26, 4, '12:00 PM', 1),
(727, 27, 6, '8:00 AM', 1),
(728, 27, 6, '9:00 AM', 1),
(729, 27, 6, '10:00 AM', 1),
(730, 27, 6, '11:00 AM', 1),
(731, 27, 6, '12:00 PM', 1),
(732, 27, 6, '1:00 PM', 1),
(733, 27, 6, '2:00 PM', 1),
(734, 27, 6, '3:00 PM', 1),
(735, 27, 6, '4:00 PM', 1),
(736, 27, 6, '5:00 PM', 1),
(737, 27, 6, '6:00 PM', 1),
(738, 27, 6, '7:00 PM', 1),
(739, 27, 6, '8:00 PM', 1),
(740, 27, 6, '9:00 PM', 1),
(741, 27, 5, '8:00 AM', 1),
(742, 27, 5, '9:00 AM', 1),
(743, 27, 5, '10:00 AM', 1),
(744, 27, 5, '11:00 AM', 1),
(745, 27, 5, '12:00 PM', 1),
(746, 27, 5, '1:00 PM', 1),
(747, 27, 5, '2:00 PM', 1),
(748, 27, 5, '3:00 PM', 1),
(749, 27, 5, '4:00 PM', 1),
(750, 27, 5, '5:00 PM', 1),
(751, 27, 5, '6:00 PM', 1),
(752, 27, 5, '7:00 PM', 1),
(753, 27, 5, '8:00 PM', 1),
(754, 27, 5, '9:00 PM', 1),
(755, 27, 1, '8:00 AM', 1),
(756, 27, 1, '9:00 AM', 1),
(757, 27, 1, '10:00 AM', 1),
(758, 27, 1, '11:00 AM', 1),
(759, 27, 1, '12:00 PM', 1),
(760, 27, 1, '1:00 PM', 1),
(761, 27, 1, '2:00 PM', 1),
(762, 27, 1, '3:00 PM', 1),
(763, 27, 1, '4:00 PM', 1),
(764, 27, 1, '5:00 PM', 1),
(765, 27, 1, '6:00 PM', 1),
(766, 27, 1, '7:00 PM', 1),
(767, 27, 1, '8:00 PM', 1),
(768, 27, 1, '9:00 PM', 1),
(769, 28, 4, '7:00 AM', 1),
(770, 28, 4, '8:00 AM', 1),
(771, 28, 4, '9:00 AM', 1),
(772, 28, 4, '10:00 AM', 1),
(773, 28, 4, '11:00 AM', 1),
(774, 28, 4, '12:00 PM', 1),
(775, 28, 4, '1:00 PM', 1),
(776, 28, 4, '2:00 PM', 1),
(777, 28, 4, '3:00 PM', 1),
(778, 28, 4, '4:00 PM', 1),
(779, 28, 4, '5:00 PM', 1),
(780, 28, 4, '6:00 PM', 1),
(781, 28, 4, '7:00 PM', 1),
(782, 28, 4, '8:00 PM', 1),
(783, 28, 1, '7:00 AM', 1),
(784, 28, 1, '8:00 AM', 1),
(785, 28, 1, '9:00 AM', 1),
(786, 28, 1, '10:00 AM', 1),
(787, 28, 1, '11:00 AM', 1),
(788, 28, 1, '12:00 PM', 1),
(789, 28, 1, '1:00 PM', 1),
(790, 28, 1, '2:00 PM', 1),
(791, 28, 1, '3:00 PM', 1),
(792, 28, 1, '4:00 PM', 1),
(793, 28, 1, '5:00 PM', 1),
(794, 28, 1, '6:00 PM', 1),
(795, 28, 1, '7:00 PM', 1),
(796, 28, 1, '8:00 PM', 1),
(797, 28, 3, '7:00 AM', 1),
(798, 28, 3, '8:00 AM', 1),
(799, 28, 3, '9:00 AM', 1),
(800, 28, 3, '10:00 AM', 1),
(801, 28, 3, '11:00 AM', 1),
(802, 28, 3, '12:00 PM', 1),
(803, 28, 3, '1:00 PM', 1),
(804, 28, 3, '2:00 PM', 1),
(805, 28, 3, '3:00 PM', 1),
(806, 28, 3, '4:00 PM', 1),
(807, 28, 3, '5:00 PM', 1),
(808, 28, 3, '6:00 PM', 1),
(809, 28, 3, '7:00 PM', 1),
(810, 28, 3, '8:00 PM', 1),
(811, 28, 2, '7:00 AM', 1),
(812, 28, 2, '8:00 AM', 1),
(813, 28, 2, '9:00 AM', 1),
(814, 28, 2, '10:00 AM', 1),
(815, 28, 2, '11:00 AM', 1),
(816, 28, 2, '12:00 PM', 1),
(817, 28, 2, '1:00 PM', 1),
(818, 28, 2, '2:00 PM', 1),
(819, 28, 2, '3:00 PM', 1),
(820, 28, 2, '4:00 PM', 1),
(821, 28, 2, '5:00 PM', 1),
(822, 28, 2, '6:00 PM', 1),
(823, 28, 2, '7:00 PM', 1),
(824, 28, 2, '8:00 PM', 1),
(825, 29, 5, '12:00 PM', 1),
(826, 29, 5, '1:00 PM', 1),
(827, 29, 5, '2:00 PM', 1),
(828, 29, 5, '3:00 PM', 1),
(829, 29, 5, '4:00 PM', 1),
(830, 29, 5, '5:00 PM', 1),
(831, 29, 5, '6:00 PM', 1),
(832, 29, 5, '7:00 PM', 1),
(833, 29, 6, '12:00 PM', 1),
(834, 29, 6, '1:00 PM', 1),
(835, 29, 6, '2:00 PM', 1),
(836, 29, 6, '3:00 PM', 1),
(837, 29, 6, '4:00 PM', 1),
(838, 29, 6, '5:00 PM', 1),
(839, 29, 6, '6:00 PM', 1),
(840, 29, 6, '7:00 PM', 1),
(841, 29, 3, '12:00 PM', 1),
(842, 29, 3, '1:00 PM', 1),
(843, 29, 3, '2:00 PM', 1),
(844, 29, 3, '3:00 PM', 1),
(845, 29, 3, '4:00 PM', 1),
(846, 29, 3, '5:00 PM', 1),
(847, 29, 3, '6:00 PM', 1),
(848, 29, 3, '7:00 PM', 1),
(849, 30, 2, '10:00 AM', 1),
(850, 30, 2, '11:00 AM', 1),
(851, 30, 2, '12:00 PM', 1),
(852, 30, 2, '1:00 PM', 1),
(853, 30, 2, '2:00 PM', 1),
(854, 30, 2, '3:00 PM', 1),
(855, 30, 2, '4:00 PM', 1),
(856, 30, 2, '5:00 PM', 1),
(857, 30, 2, '6:00 PM', 1),
(858, 30, 2, '7:00 PM', 1),
(859, 30, 6, '10:00 AM', 1),
(860, 30, 6, '11:00 AM', 1),
(861, 30, 6, '12:00 PM', 1),
(862, 30, 6, '1:00 PM', 1),
(863, 30, 6, '2:00 PM', 1),
(864, 30, 6, '3:00 PM', 1),
(865, 30, 6, '4:00 PM', 1),
(866, 30, 6, '5:00 PM', 1),
(867, 30, 6, '6:00 PM', 1),
(868, 30, 6, '7:00 PM', 1),
(869, 30, 7, '10:00 AM', 1),
(870, 30, 7, '11:00 AM', 1),
(871, 30, 7, '12:00 PM', 1),
(872, 30, 7, '1:00 PM', 1),
(873, 30, 7, '2:00 PM', 1),
(874, 30, 7, '3:00 PM', 1),
(875, 30, 7, '4:00 PM', 1),
(876, 30, 7, '5:00 PM', 1),
(877, 30, 7, '6:00 PM', 1),
(878, 30, 7, '7:00 PM', 1),
(879, 30, 5, '10:00 AM', 1),
(880, 30, 5, '11:00 AM', 1),
(881, 30, 5, '12:00 PM', 1),
(882, 30, 5, '1:00 PM', 1),
(883, 30, 5, '2:00 PM', 1),
(884, 30, 5, '3:00 PM', 1),
(885, 30, 5, '4:00 PM', 1),
(886, 30, 5, '5:00 PM', 1),
(887, 30, 5, '6:00 PM', 1),
(888, 30, 5, '7:00 PM', 1),
(889, 31, 6, '12:00 PM', 1),
(890, 31, 6, '1:00 PM', 1),
(891, 31, 6, '2:00 PM', 1),
(892, 31, 6, '3:00 PM', 1),
(893, 31, 6, '4:00 PM', 1),
(894, 31, 6, '5:00 PM', 1),
(895, 31, 1, '12:00 PM', 1),
(896, 31, 1, '1:00 PM', 1),
(897, 31, 1, '2:00 PM', 1),
(898, 31, 1, '3:00 PM', 1),
(899, 31, 1, '4:00 PM', 1),
(900, 31, 1, '5:00 PM', 1),
(901, 31, 2, '12:00 PM', 1),
(902, 31, 2, '1:00 PM', 1),
(903, 31, 2, '2:00 PM', 1),
(904, 31, 2, '3:00 PM', 1),
(905, 31, 2, '4:00 PM', 1),
(906, 31, 2, '5:00 PM', 1),
(907, 31, 7, '12:00 PM', 1),
(908, 31, 7, '1:00 PM', 1),
(909, 31, 7, '2:00 PM', 1),
(910, 31, 7, '3:00 PM', 1),
(911, 31, 7, '4:00 PM', 1),
(912, 31, 7, '5:00 PM', 1),
(913, 32, 4, '8:00 AM', 1),
(914, 32, 4, '9:00 AM', 1),
(915, 32, 4, '10:00 AM', 1),
(916, 32, 4, '11:00 AM', 1),
(917, 32, 4, '12:00 PM', 1),
(918, 32, 4, '1:00 PM', 1),
(919, 32, 5, '8:00 AM', 1),
(920, 32, 5, '9:00 AM', 1),
(921, 32, 5, '10:00 AM', 1),
(922, 32, 5, '11:00 AM', 1),
(923, 32, 5, '12:00 PM', 1),
(924, 32, 5, '1:00 PM', 1),
(925, 32, 2, '8:00 AM', 1),
(926, 32, 2, '9:00 AM', 1),
(927, 32, 2, '10:00 AM', 1),
(928, 32, 2, '11:00 AM', 1),
(929, 32, 2, '12:00 PM', 1),
(930, 32, 2, '1:00 PM', 1),
(931, 33, 3, '9:00 AM', 1),
(932, 33, 3, '10:00 AM', 1),
(933, 33, 3, '11:00 AM', 1),
(934, 33, 3, '12:00 PM', 1),
(935, 33, 3, '1:00 PM', 1),
(936, 33, 3, '2:00 PM', 1),
(937, 33, 3, '3:00 PM', 1),
(938, 33, 3, '4:00 PM', 1),
(939, 33, 3, '5:00 PM', 1),
(940, 33, 3, '6:00 PM', 1),
(941, 33, 3, '7:00 PM', 1),
(942, 33, 3, '8:00 PM', 1),
(943, 33, 3, '9:00 PM', 1),
(944, 33, 2, '9:00 AM', 1),
(945, 33, 2, '10:00 AM', 1),
(946, 33, 2, '11:00 AM', 1),
(947, 33, 2, '12:00 PM', 1),
(948, 33, 2, '1:00 PM', 1),
(949, 33, 2, '2:00 PM', 1),
(950, 33, 2, '3:00 PM', 1),
(951, 33, 2, '4:00 PM', 1),
(952, 33, 2, '5:00 PM', 1),
(953, 33, 2, '6:00 PM', 1),
(954, 33, 2, '7:00 PM', 1),
(955, 33, 2, '8:00 PM', 1),
(956, 33, 2, '9:00 PM', 1),
(957, 33, 7, '9:00 AM', 1),
(958, 33, 7, '10:00 AM', 1),
(959, 33, 7, '11:00 AM', 1),
(960, 33, 7, '12:00 PM', 1),
(961, 33, 7, '1:00 PM', 1),
(962, 33, 7, '2:00 PM', 1),
(963, 33, 7, '3:00 PM', 1),
(964, 33, 7, '4:00 PM', 1),
(965, 33, 7, '5:00 PM', 1),
(966, 33, 7, '6:00 PM', 1),
(967, 33, 7, '7:00 PM', 1),
(968, 33, 7, '8:00 PM', 1),
(969, 33, 7, '9:00 PM', 1),
(970, 33, 6, '9:00 AM', 1),
(971, 33, 6, '10:00 AM', 1),
(972, 33, 6, '11:00 AM', 1),
(973, 33, 6, '12:00 PM', 1),
(974, 33, 6, '1:00 PM', 1),
(975, 33, 6, '2:00 PM', 1),
(976, 33, 6, '3:00 PM', 1),
(977, 33, 6, '4:00 PM', 1),
(978, 33, 6, '5:00 PM', 1),
(979, 33, 6, '6:00 PM', 1),
(980, 33, 6, '7:00 PM', 1),
(981, 33, 6, '8:00 PM', 1),
(982, 33, 6, '9:00 PM', 1),
(983, 34, 7, '7:00 AM', 1),
(984, 34, 7, '8:00 AM', 1),
(985, 34, 7, '9:00 AM', 1),
(986, 34, 7, '10:00 AM', 1),
(987, 34, 7, '11:00 AM', 1),
(988, 34, 7, '12:00 PM', 1),
(989, 34, 7, '1:00 PM', 1),
(990, 34, 6, '7:00 AM', 1),
(991, 34, 6, '8:00 AM', 1),
(992, 34, 6, '9:00 AM', 1),
(993, 34, 6, '10:00 AM', 1),
(994, 34, 6, '11:00 AM', 1),
(995, 34, 6, '12:00 PM', 1),
(996, 34, 6, '1:00 PM', 1),
(997, 34, 3, '7:00 AM', 1),
(998, 34, 3, '8:00 AM', 1),
(999, 34, 3, '9:00 AM', 1),
(1000, 34, 3, '10:00 AM', 1),
(1001, 34, 3, '11:00 AM', 1),
(1002, 34, 3, '12:00 PM', 1),
(1003, 34, 3, '1:00 PM', 1),
(1004, 35, 4, '11:00 AM', 1),
(1005, 35, 4, '12:00 PM', 1),
(1006, 35, 4, '1:00 PM', 1),
(1007, 35, 4, '2:00 PM', 1),
(1008, 35, 4, '3:00 PM', 1),
(1009, 35, 4, '4:00 PM', 1),
(1010, 35, 3, '11:00 AM', 1),
(1011, 35, 3, '12:00 PM', 1),
(1012, 35, 3, '1:00 PM', 1),
(1013, 35, 3, '2:00 PM', 1),
(1014, 35, 3, '3:00 PM', 1),
(1015, 35, 3, '4:00 PM', 1),
(1016, 35, 7, '11:00 AM', 1),
(1017, 35, 7, '12:00 PM', 1),
(1018, 35, 7, '1:00 PM', 1),
(1019, 35, 7, '2:00 PM', 1),
(1020, 35, 7, '3:00 PM', 1),
(1021, 35, 7, '4:00 PM', 1),
(1022, 35, 6, '11:00 AM', 1),
(1023, 35, 6, '12:00 PM', 1),
(1024, 35, 6, '1:00 PM', 1),
(1025, 35, 6, '2:00 PM', 1),
(1026, 35, 6, '3:00 PM', 1),
(1027, 35, 6, '4:00 PM', 1),
(1028, 36, 3, '6:00 AM', 1),
(1029, 36, 3, '7:00 AM', 1),
(1030, 36, 3, '8:00 AM', 1),
(1031, 36, 3, '9:00 AM', 1),
(1032, 36, 3, '10:00 AM', 1),
(1033, 36, 3, '11:00 AM', 1),
(1034, 36, 3, '12:00 PM', 1),
(1035, 36, 3, '1:00 PM', 1),
(1036, 36, 3, '2:00 PM', 1),
(1037, 36, 3, '3:00 PM', 1),
(1038, 36, 3, '4:00 PM', 1),
(1039, 36, 3, '5:00 PM', 1),
(1040, 36, 3, '6:00 PM', 1),
(1041, 36, 3, '7:00 PM', 1),
(1042, 36, 5, '6:00 AM', 1),
(1043, 36, 5, '7:00 AM', 1),
(1044, 36, 5, '8:00 AM', 1),
(1045, 36, 5, '9:00 AM', 1),
(1046, 36, 5, '10:00 AM', 1),
(1047, 36, 5, '11:00 AM', 1),
(1048, 36, 5, '12:00 PM', 1),
(1049, 36, 5, '1:00 PM', 1),
(1050, 36, 5, '2:00 PM', 1),
(1051, 36, 5, '3:00 PM', 1),
(1052, 36, 5, '4:00 PM', 1),
(1053, 36, 5, '5:00 PM', 1),
(1054, 36, 5, '6:00 PM', 1),
(1055, 36, 5, '7:00 PM', 1),
(1056, 36, 6, '6:00 AM', 1),
(1057, 36, 6, '7:00 AM', 1),
(1058, 36, 6, '8:00 AM', 1),
(1059, 36, 6, '9:00 AM', 1),
(1060, 36, 6, '10:00 AM', 1),
(1061, 36, 6, '11:00 AM', 1),
(1062, 36, 6, '12:00 PM', 1),
(1063, 36, 6, '1:00 PM', 1),
(1064, 36, 6, '2:00 PM', 1),
(1065, 36, 6, '3:00 PM', 1),
(1066, 36, 6, '4:00 PM', 1),
(1067, 36, 6, '5:00 PM', 1),
(1068, 36, 6, '6:00 PM', 1),
(1069, 36, 6, '7:00 PM', 1),
(1070, 36, 1, '6:00 AM', 1),
(1071, 36, 1, '7:00 AM', 1),
(1072, 36, 1, '8:00 AM', 1),
(1073, 36, 1, '9:00 AM', 1),
(1074, 36, 1, '10:00 AM', 1),
(1075, 36, 1, '11:00 AM', 1),
(1076, 36, 1, '12:00 PM', 1),
(1077, 36, 1, '1:00 PM', 1),
(1078, 36, 1, '2:00 PM', 1),
(1079, 36, 1, '3:00 PM', 1),
(1080, 36, 1, '4:00 PM', 1),
(1081, 36, 1, '5:00 PM', 1),
(1082, 36, 1, '6:00 PM', 1),
(1083, 36, 1, '7:00 PM', 1),
(1084, 37, 5, '9:00 AM', 1),
(1085, 37, 5, '10:00 AM', 1),
(1086, 37, 5, '11:00 AM', 1),
(1087, 37, 5, '12:00 PM', 1),
(1088, 37, 5, '1:00 PM', 1),
(1089, 37, 5, '2:00 PM', 1),
(1090, 37, 5, '3:00 PM', 1),
(1091, 37, 5, '4:00 PM', 1),
(1092, 37, 5, '5:00 PM', 1),
(1093, 37, 5, '6:00 PM', 1),
(1094, 37, 5, '7:00 PM', 1),
(1095, 37, 5, '8:00 PM', 1),
(1096, 37, 5, '9:00 PM', 1),
(1097, 37, 1, '9:00 AM', 1),
(1098, 37, 1, '10:00 AM', 1),
(1099, 37, 1, '11:00 AM', 1),
(1100, 37, 1, '12:00 PM', 1),
(1101, 37, 1, '1:00 PM', 1),
(1102, 37, 1, '2:00 PM', 1),
(1103, 37, 1, '3:00 PM', 1),
(1104, 37, 1, '4:00 PM', 1),
(1105, 37, 1, '5:00 PM', 1),
(1106, 37, 1, '6:00 PM', 1),
(1107, 37, 1, '7:00 PM', 1),
(1108, 37, 1, '8:00 PM', 1),
(1109, 37, 1, '9:00 PM', 1),
(1110, 38, 1, '10:00 AM', 1),
(1111, 38, 1, '11:00 AM', 1),
(1112, 38, 1, '12:00 PM', 1),
(1113, 38, 1, '1:00 PM', 1),
(1114, 38, 1, '2:00 PM', 1),
(1115, 38, 1, '3:00 PM', 1),
(1116, 38, 7, '10:00 AM', 1),
(1117, 38, 7, '11:00 AM', 1),
(1118, 38, 7, '12:00 PM', 1),
(1119, 38, 7, '1:00 PM', 1),
(1120, 38, 7, '2:00 PM', 1),
(1121, 38, 7, '3:00 PM', 1),
(1122, 38, 4, '10:00 AM', 1),
(1123, 38, 4, '11:00 AM', 1),
(1124, 38, 4, '12:00 PM', 1),
(1125, 38, 4, '1:00 PM', 1),
(1126, 38, 4, '2:00 PM', 1),
(1127, 38, 4, '3:00 PM', 1),
(1128, 38, 5, '10:00 AM', 1),
(1129, 38, 5, '11:00 AM', 1),
(1130, 38, 5, '12:00 PM', 1),
(1131, 38, 5, '1:00 PM', 1),
(1132, 38, 5, '2:00 PM', 1),
(1133, 38, 5, '3:00 PM', 1),
(1134, 38, 2, '10:00 AM', 1),
(1135, 38, 2, '11:00 AM', 1),
(1136, 38, 2, '12:00 PM', 1),
(1137, 38, 2, '1:00 PM', 1),
(1138, 38, 2, '2:00 PM', 1),
(1139, 38, 2, '3:00 PM', 1),
(1140, 39, 5, '10:00 AM', 1),
(1141, 39, 5, '11:00 AM', 1),
(1142, 39, 5, '12:00 PM', 1),
(1143, 39, 5, '1:00 PM', 1),
(1144, 39, 1, '10:00 AM', 1),
(1145, 39, 1, '11:00 AM', 1),
(1146, 39, 1, '12:00 PM', 1),
(1147, 39, 1, '1:00 PM', 1),
(1148, 39, 4, '10:00 AM', 1),
(1149, 39, 4, '11:00 AM', 1),
(1150, 39, 4, '12:00 PM', 1),
(1151, 39, 4, '1:00 PM', 1),
(1152, 40, 4, '10:00 AM', 1),
(1153, 40, 4, '11:00 AM', 1),
(1154, 40, 4, '12:00 PM', 1),
(1155, 40, 4, '1:00 PM', 1),
(1156, 40, 4, '2:00 PM', 1),
(1157, 40, 4, '3:00 PM', 1),
(1158, 40, 4, '4:00 PM', 1),
(1159, 40, 7, '10:00 AM', 1),
(1160, 40, 7, '11:00 AM', 1),
(1161, 40, 7, '12:00 PM', 1),
(1162, 40, 7, '1:00 PM', 1),
(1163, 40, 7, '2:00 PM', 1),
(1164, 40, 7, '3:00 PM', 1),
(1165, 40, 7, '4:00 PM', 1),
(1166, 40, 5, '10:00 AM', 1),
(1167, 40, 5, '11:00 AM', 1),
(1168, 40, 5, '12:00 PM', 1),
(1169, 40, 5, '1:00 PM', 1),
(1170, 40, 5, '2:00 PM', 1),
(1171, 40, 5, '3:00 PM', 1),
(1172, 40, 5, '4:00 PM', 1),
(1173, 40, 3, '10:00 AM', 1),
(1174, 40, 3, '11:00 AM', 1),
(1175, 40, 3, '12:00 PM', 1),
(1176, 40, 3, '1:00 PM', 1),
(1177, 40, 3, '2:00 PM', 1),
(1178, 40, 3, '3:00 PM', 1),
(1179, 40, 3, '4:00 PM', 1),
(1180, 40, 1, '10:00 AM', 1),
(1181, 40, 1, '11:00 AM', 1),
(1182, 40, 1, '12:00 PM', 1),
(1183, 40, 1, '1:00 PM', 1),
(1184, 40, 1, '2:00 PM', 1),
(1185, 40, 1, '3:00 PM', 1),
(1186, 40, 1, '4:00 PM', 1),
(1187, 41, 6, '11:00 AM', 1),
(1188, 41, 6, '12:00 PM', 1),
(1189, 41, 6, '1:00 PM', 1),
(1190, 41, 6, '2:00 PM', 1),
(1191, 41, 6, '3:00 PM', 1),
(1192, 41, 1, '11:00 AM', 1),
(1193, 41, 1, '12:00 PM', 1),
(1194, 41, 1, '1:00 PM', 1),
(1195, 41, 1, '2:00 PM', 1),
(1196, 41, 1, '3:00 PM', 1),
(1197, 41, 7, '11:00 AM', 1),
(1198, 41, 7, '12:00 PM', 1),
(1199, 41, 7, '1:00 PM', 1),
(1200, 41, 7, '2:00 PM', 1),
(1201, 41, 7, '3:00 PM', 1),
(1202, 41, 3, '11:00 AM', 1),
(1203, 41, 3, '12:00 PM', 1),
(1204, 41, 3, '1:00 PM', 1),
(1205, 41, 3, '2:00 PM', 1),
(1206, 41, 3, '3:00 PM', 1),
(1207, 41, 5, '11:00 AM', 1),
(1208, 41, 5, '12:00 PM', 1),
(1209, 41, 5, '1:00 PM', 1),
(1210, 41, 5, '2:00 PM', 1),
(1211, 41, 5, '3:00 PM', 1),
(1212, 42, 7, '10:00 AM', 1),
(1213, 42, 7, '11:00 AM', 1),
(1214, 42, 7, '12:00 PM', 1),
(1215, 42, 7, '1:00 PM', 1),
(1216, 42, 7, '2:00 PM', 1),
(1217, 42, 7, '3:00 PM', 1),
(1218, 42, 7, '4:00 PM', 1),
(1219, 42, 7, '5:00 PM', 1),
(1220, 42, 7, '6:00 PM', 1),
(1221, 42, 7, '7:00 PM', 1),
(1222, 42, 7, '8:00 PM', 1),
(1223, 42, 7, '9:00 PM', 1),
(1224, 42, 2, '10:00 AM', 1),
(1225, 42, 2, '11:00 AM', 1),
(1226, 42, 2, '12:00 PM', 1),
(1227, 42, 2, '1:00 PM', 1),
(1228, 42, 2, '2:00 PM', 1),
(1229, 42, 2, '3:00 PM', 1),
(1230, 42, 2, '4:00 PM', 1),
(1231, 42, 2, '5:00 PM', 1),
(1232, 42, 2, '6:00 PM', 1),
(1233, 42, 2, '7:00 PM', 1),
(1234, 42, 2, '8:00 PM', 1),
(1235, 42, 2, '9:00 PM', 1),
(1236, 42, 3, '10:00 AM', 1),
(1237, 42, 3, '11:00 AM', 1),
(1238, 42, 3, '12:00 PM', 1),
(1239, 42, 3, '1:00 PM', 1),
(1240, 42, 3, '2:00 PM', 1),
(1241, 42, 3, '3:00 PM', 1),
(1242, 42, 3, '4:00 PM', 1),
(1243, 42, 3, '5:00 PM', 1),
(1244, 42, 3, '6:00 PM', 1),
(1245, 42, 3, '7:00 PM', 1),
(1246, 42, 3, '8:00 PM', 1),
(1247, 42, 3, '9:00 PM', 1),
(1248, 43, 2, '11:00 AM', 1),
(1249, 43, 2, '12:00 PM', 1),
(1250, 43, 2, '1:00 PM', 1),
(1251, 43, 2, '2:00 PM', 1),
(1252, 43, 2, '3:00 PM', 1),
(1253, 43, 2, '4:00 PM', 1),
(1254, 43, 2, '5:00 PM', 1),
(1255, 43, 6, '11:00 AM', 1),
(1256, 43, 6, '12:00 PM', 1),
(1257, 43, 6, '1:00 PM', 1),
(1258, 43, 6, '2:00 PM', 1),
(1259, 43, 6, '3:00 PM', 1),
(1260, 43, 6, '4:00 PM', 1),
(1261, 43, 6, '5:00 PM', 1),
(1262, 44, 6, '10:00 AM', 1),
(1263, 44, 6, '11:00 AM', 1),
(1264, 44, 6, '12:00 PM', 1),
(1265, 44, 6, '1:00 PM', 1),
(1266, 44, 6, '2:00 PM', 1),
(1267, 44, 6, '3:00 PM', 1),
(1268, 44, 6, '4:00 PM', 1),
(1269, 44, 5, '10:00 AM', 1),
(1270, 44, 5, '11:00 AM', 1),
(1271, 44, 5, '12:00 PM', 1),
(1272, 44, 5, '1:00 PM', 1),
(1273, 44, 5, '2:00 PM', 1),
(1274, 44, 5, '3:00 PM', 1),
(1275, 44, 5, '4:00 PM', 1),
(1276, 44, 2, '10:00 AM', 1),
(1277, 44, 2, '11:00 AM', 1),
(1278, 44, 2, '12:00 PM', 1),
(1279, 44, 2, '1:00 PM', 1),
(1280, 44, 2, '2:00 PM', 1),
(1281, 44, 2, '3:00 PM', 1),
(1282, 44, 2, '4:00 PM', 1),
(1283, 44, 4, '10:00 AM', 1),
(1284, 44, 4, '11:00 AM', 1),
(1285, 44, 4, '12:00 PM', 1),
(1286, 44, 4, '1:00 PM', 1),
(1287, 44, 4, '2:00 PM', 1),
(1288, 44, 4, '3:00 PM', 1),
(1289, 44, 4, '4:00 PM', 1),
(1290, 44, 7, '10:00 AM', 1),
(1291, 44, 7, '11:00 AM', 1),
(1292, 44, 7, '12:00 PM', 1),
(1293, 44, 7, '1:00 PM', 1),
(1294, 44, 7, '2:00 PM', 1),
(1295, 44, 7, '3:00 PM', 1),
(1296, 44, 7, '4:00 PM', 1),
(1297, 45, 2, '8:00 AM', 1),
(1298, 45, 2, '9:00 AM', 1),
(1299, 45, 2, '10:00 AM', 1),
(1300, 45, 2, '11:00 AM', 1),
(1301, 45, 2, '12:00 PM', 1),
(1302, 45, 2, '1:00 PM', 1),
(1303, 45, 2, '2:00 PM', 1),
(1304, 45, 2, '3:00 PM', 1),
(1305, 45, 2, '4:00 PM', 1),
(1306, 45, 7, '8:00 AM', 1),
(1307, 45, 7, '9:00 AM', 1),
(1308, 45, 7, '10:00 AM', 1),
(1309, 45, 7, '11:00 AM', 1),
(1310, 45, 7, '12:00 PM', 1),
(1311, 45, 7, '1:00 PM', 1),
(1312, 45, 7, '2:00 PM', 1),
(1313, 45, 7, '3:00 PM', 1),
(1314, 45, 7, '4:00 PM', 1),
(1315, 46, 6, '7:00 AM', 1),
(1316, 46, 6, '8:00 AM', 1),
(1317, 46, 6, '9:00 AM', 1),
(1318, 46, 6, '10:00 AM', 1),
(1319, 46, 6, '11:00 AM', 1),
(1320, 46, 6, '12:00 PM', 1),
(1321, 46, 6, '1:00 PM', 1),
(1322, 46, 6, '2:00 PM', 1),
(1323, 46, 6, '3:00 PM', 1),
(1324, 46, 1, '7:00 AM', 1),
(1325, 46, 1, '8:00 AM', 1),
(1326, 46, 1, '9:00 AM', 1),
(1327, 46, 1, '10:00 AM', 1),
(1328, 46, 1, '11:00 AM', 1),
(1329, 46, 1, '12:00 PM', 1),
(1330, 46, 1, '1:00 PM', 1),
(1331, 46, 1, '2:00 PM', 1),
(1332, 46, 1, '3:00 PM', 1),
(1333, 46, 2, '7:00 AM', 1),
(1334, 46, 2, '8:00 AM', 1),
(1335, 46, 2, '9:00 AM', 1),
(1336, 46, 2, '10:00 AM', 1),
(1337, 46, 2, '11:00 AM', 1),
(1338, 46, 2, '12:00 PM', 1),
(1339, 46, 2, '1:00 PM', 1),
(1340, 46, 2, '2:00 PM', 1),
(1341, 46, 2, '3:00 PM', 1),
(1342, 46, 7, '7:00 AM', 1),
(1343, 46, 7, '8:00 AM', 1),
(1344, 46, 7, '9:00 AM', 1),
(1345, 46, 7, '10:00 AM', 1),
(1346, 46, 7, '11:00 AM', 1),
(1347, 46, 7, '12:00 PM', 1),
(1348, 46, 7, '1:00 PM', 1),
(1349, 46, 7, '2:00 PM', 1),
(1350, 46, 7, '3:00 PM', 1),
(1351, 47, 4, '8:00 AM', 1),
(1352, 47, 4, '9:00 AM', 1),
(1353, 47, 4, '10:00 AM', 1),
(1354, 47, 4, '11:00 AM', 1),
(1355, 47, 4, '12:00 PM', 1),
(1356, 47, 4, '1:00 PM', 1),
(1357, 47, 4, '2:00 PM', 1),
(1358, 47, 4, '3:00 PM', 1),
(1359, 47, 4, '4:00 PM', 1),
(1360, 47, 4, '5:00 PM', 1),
(1361, 47, 4, '6:00 PM', 1),
(1362, 47, 4, '7:00 PM', 1),
(1363, 47, 5, '8:00 AM', 1),
(1364, 47, 5, '9:00 AM', 1),
(1365, 47, 5, '10:00 AM', 1),
(1366, 47, 5, '11:00 AM', 1),
(1367, 47, 5, '12:00 PM', 1),
(1368, 47, 5, '1:00 PM', 1),
(1369, 47, 5, '2:00 PM', 1),
(1370, 47, 5, '3:00 PM', 1),
(1371, 47, 5, '4:00 PM', 1),
(1372, 47, 5, '5:00 PM', 1),
(1373, 47, 5, '6:00 PM', 1),
(1374, 47, 5, '7:00 PM', 1),
(1375, 47, 2, '8:00 AM', 1),
(1376, 47, 2, '9:00 AM', 1),
(1377, 47, 2, '10:00 AM', 1),
(1378, 47, 2, '11:00 AM', 1),
(1379, 47, 2, '12:00 PM', 1),
(1380, 47, 2, '1:00 PM', 1),
(1381, 47, 2, '2:00 PM', 1),
(1382, 47, 2, '3:00 PM', 1),
(1383, 47, 2, '4:00 PM', 1),
(1384, 47, 2, '5:00 PM', 1),
(1385, 47, 2, '6:00 PM', 1),
(1386, 47, 2, '7:00 PM', 1),
(1387, 47, 3, '8:00 AM', 1),
(1388, 47, 3, '9:00 AM', 1),
(1389, 47, 3, '10:00 AM', 1),
(1390, 47, 3, '11:00 AM', 1),
(1391, 47, 3, '12:00 PM', 1),
(1392, 47, 3, '1:00 PM', 1),
(1393, 47, 3, '2:00 PM', 1),
(1394, 47, 3, '3:00 PM', 1),
(1395, 47, 3, '4:00 PM', 1),
(1396, 47, 3, '5:00 PM', 1),
(1397, 47, 3, '6:00 PM', 1),
(1398, 47, 3, '7:00 PM', 1),
(1399, 48, 6, '10:00 AM', 1),
(1400, 48, 6, '11:00 AM', 1),
(1401, 48, 6, '12:00 PM', 1),
(1402, 48, 6, '1:00 PM', 1),
(1403, 48, 6, '2:00 PM', 1),
(1404, 48, 2, '10:00 AM', 1),
(1405, 48, 2, '11:00 AM', 1),
(1406, 48, 2, '12:00 PM', 1),
(1407, 48, 2, '1:00 PM', 1),
(1408, 48, 2, '2:00 PM', 1),
(1409, 48, 1, '10:00 AM', 1),
(1410, 48, 1, '11:00 AM', 1),
(1411, 48, 1, '12:00 PM', 1),
(1412, 48, 1, '1:00 PM', 1),
(1413, 48, 1, '2:00 PM', 1),
(1414, 49, 1, '12:00 PM', 1),
(1415, 49, 3, '12:00 PM', 1),
(1416, 49, 7, '12:00 PM', 1),
(1417, 50, 6, '12:00 PM', 1),
(1418, 50, 6, '1:00 PM', 1),
(1419, 50, 6, '2:00 PM', 1),
(1420, 50, 6, '3:00 PM', 1),
(1421, 50, 6, '4:00 PM', 1),
(1422, 50, 3, '12:00 PM', 1),
(1423, 50, 3, '1:00 PM', 1),
(1424, 50, 3, '2:00 PM', 1),
(1425, 50, 3, '3:00 PM', 1),
(1426, 50, 3, '4:00 PM', 1),
(1427, 50, 1, '12:00 PM', 1),
(1428, 50, 1, '1:00 PM', 1),
(1429, 50, 1, '2:00 PM', 1),
(1430, 50, 1, '3:00 PM', 1),
(1431, 50, 1, '4:00 PM', 1),
(1432, 51, 6, '6:00 AM', 1),
(1433, 51, 6, '7:00 AM', 1),
(1434, 51, 6, '8:00 AM', 1),
(1435, 51, 6, '9:00 AM', 1),
(1436, 51, 6, '10:00 AM', 1),
(1437, 51, 6, '11:00 AM', 1),
(1438, 51, 6, '12:00 PM', 1),
(1439, 51, 7, '6:00 AM', 1),
(1440, 51, 7, '7:00 AM', 1),
(1441, 51, 7, '8:00 AM', 1),
(1442, 51, 7, '9:00 AM', 1),
(1443, 51, 7, '10:00 AM', 1),
(1444, 51, 7, '11:00 AM', 1),
(1445, 51, 7, '12:00 PM', 1),
(1446, 51, 1, '6:00 AM', 1),
(1447, 51, 1, '7:00 AM', 1),
(1448, 51, 1, '8:00 AM', 1),
(1449, 51, 1, '9:00 AM', 1),
(1450, 51, 1, '10:00 AM', 1),
(1451, 51, 1, '11:00 AM', 1),
(1452, 51, 1, '12:00 PM', 1),
(1453, 52, 2, '6:00 AM', 1),
(1454, 52, 2, '7:00 AM', 1),
(1455, 52, 2, '8:00 AM', 1),
(1456, 52, 2, '9:00 AM', 1),
(1457, 52, 2, '10:00 AM', 1),
(1458, 52, 2, '11:00 AM', 1),
(1459, 52, 2, '12:00 PM', 1),
(1460, 52, 2, '1:00 PM', 1),
(1461, 52, 2, '2:00 PM', 1),
(1462, 52, 2, '3:00 PM', 1),
(1463, 52, 2, '4:00 PM', 1),
(1464, 52, 6, '6:00 AM', 1),
(1465, 52, 6, '7:00 AM', 1),
(1466, 52, 6, '8:00 AM', 1),
(1467, 52, 6, '9:00 AM', 1),
(1468, 52, 6, '10:00 AM', 1),
(1469, 52, 6, '11:00 AM', 1),
(1470, 52, 6, '12:00 PM', 1),
(1471, 52, 6, '1:00 PM', 1),
(1472, 52, 6, '2:00 PM', 1),
(1473, 52, 6, '3:00 PM', 1),
(1474, 52, 6, '4:00 PM', 1),
(1475, 52, 5, '6:00 AM', 1),
(1476, 52, 5, '7:00 AM', 1),
(1477, 52, 5, '8:00 AM', 1),
(1478, 52, 5, '9:00 AM', 1),
(1479, 52, 5, '10:00 AM', 1),
(1480, 52, 5, '11:00 AM', 1),
(1481, 52, 5, '12:00 PM', 1),
(1482, 52, 5, '1:00 PM', 1),
(1483, 52, 5, '2:00 PM', 1),
(1484, 52, 5, '3:00 PM', 1),
(1485, 52, 5, '4:00 PM', 1),
(1486, 53, 2, '9:00 AM', 1),
(1487, 53, 2, '10:00 AM', 1),
(1488, 53, 2, '11:00 AM', 1),
(1489, 53, 2, '12:00 PM', 1),
(1490, 53, 2, '1:00 PM', 1),
(1491, 53, 1, '9:00 AM', 1),
(1492, 53, 1, '10:00 AM', 1),
(1493, 53, 1, '11:00 AM', 1),
(1494, 53, 1, '12:00 PM', 1),
(1495, 53, 1, '1:00 PM', 1),
(1496, 53, 4, '9:00 AM', 1),
(1497, 53, 4, '10:00 AM', 1),
(1498, 53, 4, '11:00 AM', 1),
(1499, 53, 4, '12:00 PM', 1),
(1500, 53, 4, '1:00 PM', 1),
(1501, 53, 7, '9:00 AM', 1),
(1502, 53, 7, '10:00 AM', 1),
(1503, 53, 7, '11:00 AM', 1),
(1504, 53, 7, '12:00 PM', 1),
(1505, 53, 7, '1:00 PM', 1),
(1506, 54, 6, '7:00 AM', 1),
(1507, 54, 6, '8:00 AM', 1),
(1508, 54, 6, '9:00 AM', 1),
(1509, 54, 6, '10:00 AM', 1),
(1510, 54, 6, '11:00 AM', 1),
(1511, 54, 6, '12:00 PM', 1),
(1512, 54, 6, '1:00 PM', 1),
(1513, 54, 6, '2:00 PM', 1),
(1514, 54, 6, '3:00 PM', 1),
(1515, 54, 6, '4:00 PM', 1),
(1516, 54, 6, '5:00 PM', 1),
(1517, 54, 6, '6:00 PM', 1),
(1518, 54, 6, '7:00 PM', 1),
(1519, 54, 6, '8:00 PM', 1),
(1520, 54, 6, '9:00 PM', 1),
(1521, 54, 4, '7:00 AM', 1),
(1522, 54, 4, '8:00 AM', 1),
(1523, 54, 4, '9:00 AM', 1),
(1524, 54, 4, '10:00 AM', 1),
(1525, 54, 4, '11:00 AM', 1),
(1526, 54, 4, '12:00 PM', 1),
(1527, 54, 4, '1:00 PM', 1),
(1528, 54, 4, '2:00 PM', 1),
(1529, 54, 4, '3:00 PM', 1),
(1530, 54, 4, '4:00 PM', 1),
(1531, 54, 4, '5:00 PM', 1),
(1532, 54, 4, '6:00 PM', 1),
(1533, 54, 4, '7:00 PM', 1),
(1534, 54, 4, '8:00 PM', 1),
(1535, 54, 4, '9:00 PM', 1),
(1536, 55, 3, '10:00 AM', 1),
(1537, 55, 3, '11:00 AM', 1),
(1538, 55, 3, '12:00 PM', 1),
(1539, 55, 3, '1:00 PM', 1),
(1540, 55, 3, '2:00 PM', 1),
(1541, 55, 3, '3:00 PM', 1),
(1542, 55, 3, '4:00 PM', 1),
(1543, 55, 3, '5:00 PM', 1),
(1544, 55, 3, '6:00 PM', 1),
(1545, 55, 3, '7:00 PM', 1),
(1546, 55, 5, '10:00 AM', 1),
(1547, 55, 5, '11:00 AM', 1),
(1548, 55, 5, '12:00 PM', 1),
(1549, 55, 5, '1:00 PM', 1),
(1550, 55, 5, '2:00 PM', 1),
(1551, 55, 5, '3:00 PM', 1),
(1552, 55, 5, '4:00 PM', 1),
(1553, 55, 5, '5:00 PM', 1),
(1554, 55, 5, '6:00 PM', 1),
(1555, 55, 5, '7:00 PM', 1),
(1556, 55, 6, '10:00 AM', 1),
(1557, 55, 6, '11:00 AM', 1),
(1558, 55, 6, '12:00 PM', 1),
(1559, 55, 6, '1:00 PM', 1),
(1560, 55, 6, '2:00 PM', 1),
(1561, 55, 6, '3:00 PM', 1),
(1562, 55, 6, '4:00 PM', 1),
(1563, 55, 6, '5:00 PM', 1),
(1564, 55, 6, '6:00 PM', 1),
(1565, 55, 6, '7:00 PM', 1),
(1566, 55, 2, '10:00 AM', 1),
(1567, 55, 2, '11:00 AM', 1),
(1568, 55, 2, '12:00 PM', 1),
(1569, 55, 2, '1:00 PM', 1),
(1570, 55, 2, '2:00 PM', 1),
(1571, 55, 2, '3:00 PM', 1),
(1572, 55, 2, '4:00 PM', 1),
(1573, 55, 2, '5:00 PM', 1),
(1574, 55, 2, '6:00 PM', 1),
(1575, 55, 2, '7:00 PM', 1),
(1576, 55, 1, '10:00 AM', 1),
(1577, 55, 1, '11:00 AM', 1),
(1578, 55, 1, '12:00 PM', 1),
(1579, 55, 1, '1:00 PM', 1),
(1580, 55, 1, '2:00 PM', 1),
(1581, 55, 1, '3:00 PM', 1),
(1582, 55, 1, '4:00 PM', 1),
(1583, 55, 1, '5:00 PM', 1),
(1584, 55, 1, '6:00 PM', 1),
(1585, 55, 1, '7:00 PM', 1),
(1586, 56, 5, '12:00 PM', 1),
(1587, 56, 5, '1:00 PM', 1),
(1588, 56, 5, '2:00 PM', 1),
(1589, 56, 5, '3:00 PM', 1),
(1590, 56, 5, '4:00 PM', 1),
(1591, 56, 5, '5:00 PM', 1),
(1592, 56, 4, '12:00 PM', 1),
(1593, 56, 4, '1:00 PM', 1),
(1594, 56, 4, '2:00 PM', 1),
(1595, 56, 4, '3:00 PM', 1),
(1596, 56, 4, '4:00 PM', 1),
(1597, 56, 4, '5:00 PM', 1),
(1598, 57, 2, '10:00 AM', 1),
(1599, 57, 2, '11:00 AM', 1),
(1600, 57, 2, '12:00 PM', 1),
(1601, 57, 2, '1:00 PM', 1),
(1602, 57, 2, '2:00 PM', 1),
(1603, 57, 2, '3:00 PM', 1),
(1604, 57, 4, '10:00 AM', 1),
(1605, 57, 4, '11:00 AM', 1),
(1606, 57, 4, '12:00 PM', 1),
(1607, 57, 4, '1:00 PM', 1),
(1608, 57, 4, '2:00 PM', 1),
(1609, 57, 4, '3:00 PM', 1),
(1610, 57, 6, '10:00 AM', 1),
(1611, 57, 6, '11:00 AM', 1),
(1612, 57, 6, '12:00 PM', 1),
(1613, 57, 6, '1:00 PM', 1),
(1614, 57, 6, '2:00 PM', 1),
(1615, 57, 6, '3:00 PM', 1),
(1616, 58, 2, '12:00 PM', 1),
(1617, 58, 2, '1:00 PM', 1),
(1618, 58, 2, '2:00 PM', 1),
(1619, 58, 2, '3:00 PM', 1),
(1620, 58, 2, '4:00 PM', 1),
(1621, 58, 2, '5:00 PM', 1),
(1622, 58, 6, '12:00 PM', 1),
(1623, 58, 6, '1:00 PM', 1),
(1624, 58, 6, '2:00 PM', 1),
(1625, 58, 6, '3:00 PM', 1),
(1626, 58, 6, '4:00 PM', 1),
(1627, 58, 6, '5:00 PM', 1),
(1628, 59, 6, '12:00 PM', 1),
(1629, 59, 6, '1:00 PM', 1),
(1630, 59, 6, '2:00 PM', 1),
(1631, 59, 6, '3:00 PM', 1),
(1632, 59, 6, '4:00 PM', 1),
(1633, 59, 6, '5:00 PM', 1),
(1634, 59, 4, '12:00 PM', 1),
(1635, 59, 4, '1:00 PM', 1),
(1636, 59, 4, '2:00 PM', 1),
(1637, 59, 4, '3:00 PM', 1),
(1638, 59, 4, '4:00 PM', 1),
(1639, 59, 4, '5:00 PM', 1),
(1640, 59, 7, '12:00 PM', 1),
(1641, 59, 7, '1:00 PM', 1),
(1642, 59, 7, '2:00 PM', 1),
(1643, 59, 7, '3:00 PM', 1),
(1644, 59, 7, '4:00 PM', 1),
(1645, 59, 7, '5:00 PM', 1),
(1646, 59, 3, '12:00 PM', 1),
(1647, 59, 3, '1:00 PM', 1),
(1648, 59, 3, '2:00 PM', 1),
(1649, 59, 3, '3:00 PM', 1),
(1650, 59, 3, '4:00 PM', 1),
(1651, 59, 3, '5:00 PM', 1),
(1652, 60, 5, '8:00 AM', 1),
(1653, 60, 5, '9:00 AM', 1),
(1654, 60, 5, '10:00 AM', 1),
(1655, 60, 5, '11:00 AM', 1),
(1656, 60, 5, '12:00 PM', 1),
(1657, 60, 5, '1:00 PM', 1),
(1658, 60, 5, '2:00 PM', 1),
(1659, 60, 5, '3:00 PM', 1),
(1660, 60, 5, '4:00 PM', 1),
(1661, 60, 5, '5:00 PM', 1),
(1662, 60, 5, '6:00 PM', 1),
(1663, 60, 5, '7:00 PM', 1),
(1664, 60, 2, '8:00 AM', 1),
(1665, 60, 2, '9:00 AM', 1),
(1666, 60, 2, '10:00 AM', 1),
(1667, 60, 2, '11:00 AM', 1),
(1668, 60, 2, '12:00 PM', 1),
(1669, 60, 2, '1:00 PM', 1),
(1670, 60, 2, '2:00 PM', 1),
(1671, 60, 2, '3:00 PM', 1),
(1672, 60, 2, '4:00 PM', 1),
(1673, 60, 2, '5:00 PM', 1),
(1674, 60, 2, '6:00 PM', 1),
(1675, 60, 2, '7:00 PM', 1),
(1676, 60, 4, '8:00 AM', 1),
(1677, 60, 4, '9:00 AM', 1),
(1678, 60, 4, '10:00 AM', 1),
(1679, 60, 4, '11:00 AM', 1),
(1680, 60, 4, '12:00 PM', 1),
(1681, 60, 4, '1:00 PM', 1),
(1682, 60, 4, '2:00 PM', 1),
(1683, 60, 4, '3:00 PM', 1),
(1684, 60, 4, '4:00 PM', 1),
(1685, 60, 4, '5:00 PM', 1),
(1686, 60, 4, '6:00 PM', 1),
(1687, 60, 4, '7:00 PM', 1),
(1688, 61, 3, '11:00 AM', 1),
(1689, 61, 3, '12:00 PM', 1),
(1690, 61, 3, '1:00 PM', 1),
(1691, 61, 3, '2:00 PM', 1),
(1692, 61, 3, '3:00 PM', 1),
(1693, 61, 3, '4:00 PM', 1),
(1694, 61, 3, '5:00 PM', 1),
(1695, 61, 3, '6:00 PM', 1),
(1696, 61, 7, '11:00 AM', 1),
(1697, 61, 7, '12:00 PM', 1),
(1698, 61, 7, '1:00 PM', 1),
(1699, 61, 7, '2:00 PM', 1),
(1700, 61, 7, '3:00 PM', 1),
(1701, 61, 7, '4:00 PM', 1),
(1702, 61, 7, '5:00 PM', 1),
(1703, 61, 7, '6:00 PM', 1),
(1704, 61, 5, '11:00 AM', 1),
(1705, 61, 5, '12:00 PM', 1),
(1706, 61, 5, '1:00 PM', 1),
(1707, 61, 5, '2:00 PM', 1),
(1708, 61, 5, '3:00 PM', 1),
(1709, 61, 5, '4:00 PM', 1),
(1710, 61, 5, '5:00 PM', 1),
(1711, 61, 5, '6:00 PM', 1),
(1712, 62, 1, '8:00 AM', 1),
(1713, 62, 1, '9:00 AM', 1),
(1714, 62, 1, '10:00 AM', 1),
(1715, 62, 1, '11:00 AM', 1),
(1716, 62, 1, '12:00 PM', 1),
(1717, 62, 1, '1:00 PM', 1),
(1718, 62, 1, '2:00 PM', 1),
(1719, 62, 1, '3:00 PM', 1),
(1720, 62, 1, '4:00 PM', 1),
(1721, 62, 1, '5:00 PM', 1),
(1722, 62, 1, '6:00 PM', 1),
(1723, 62, 1, '7:00 PM', 1),
(1724, 62, 1, '8:00 PM', 1),
(1725, 62, 1, '9:00 PM', 1),
(1726, 62, 4, '8:00 AM', 1),
(1727, 62, 4, '9:00 AM', 1),
(1728, 62, 4, '10:00 AM', 1),
(1729, 62, 4, '11:00 AM', 1),
(1730, 62, 4, '12:00 PM', 1),
(1731, 62, 4, '1:00 PM', 1),
(1732, 62, 4, '2:00 PM', 1),
(1733, 62, 4, '3:00 PM', 1),
(1734, 62, 4, '4:00 PM', 1),
(1735, 62, 4, '5:00 PM', 1),
(1736, 62, 4, '6:00 PM', 1),
(1737, 62, 4, '7:00 PM', 1),
(1738, 62, 4, '8:00 PM', 1),
(1739, 62, 4, '9:00 PM', 1),
(1740, 62, 3, '8:00 AM', 1),
(1741, 62, 3, '9:00 AM', 1),
(1742, 62, 3, '10:00 AM', 1),
(1743, 62, 3, '11:00 AM', 1),
(1744, 62, 3, '12:00 PM', 1),
(1745, 62, 3, '1:00 PM', 1),
(1746, 62, 3, '2:00 PM', 1),
(1747, 62, 3, '3:00 PM', 1),
(1748, 62, 3, '4:00 PM', 1),
(1749, 62, 3, '5:00 PM', 1),
(1750, 62, 3, '6:00 PM', 1),
(1751, 62, 3, '7:00 PM', 1),
(1752, 62, 3, '8:00 PM', 1),
(1753, 62, 3, '9:00 PM', 1),
(1754, 63, 6, '8:00 AM', 1),
(1755, 63, 6, '9:00 AM', 1),
(1756, 63, 6, '10:00 AM', 1),
(1757, 63, 6, '11:00 AM', 1),
(1758, 63, 6, '12:00 PM', 1),
(1759, 63, 6, '1:00 PM', 1),
(1760, 63, 6, '2:00 PM', 1),
(1761, 63, 6, '3:00 PM', 1),
(1762, 63, 6, '4:00 PM', 1),
(1763, 63, 6, '5:00 PM', 1),
(1764, 63, 6, '6:00 PM', 1),
(1765, 63, 6, '7:00 PM', 1),
(1766, 63, 6, '8:00 PM', 1),
(1767, 63, 6, '9:00 PM', 1),
(1768, 63, 5, '8:00 AM', 1),
(1769, 63, 5, '9:00 AM', 1),
(1770, 63, 5, '10:00 AM', 1),
(1771, 63, 5, '11:00 AM', 1),
(1772, 63, 5, '12:00 PM', 1),
(1773, 63, 5, '1:00 PM', 1),
(1774, 63, 5, '2:00 PM', 1),
(1775, 63, 5, '3:00 PM', 1),
(1776, 63, 5, '4:00 PM', 1),
(1777, 63, 5, '5:00 PM', 1),
(1778, 63, 5, '6:00 PM', 1),
(1779, 63, 5, '7:00 PM', 1),
(1780, 63, 5, '8:00 PM', 1),
(1781, 63, 5, '9:00 PM', 1),
(1782, 63, 1, '8:00 AM', 1),
(1783, 63, 1, '9:00 AM', 1),
(1784, 63, 1, '10:00 AM', 1),
(1785, 63, 1, '11:00 AM', 1),
(1786, 63, 1, '12:00 PM', 1),
(1787, 63, 1, '1:00 PM', 1),
(1788, 63, 1, '2:00 PM', 1),
(1789, 63, 1, '3:00 PM', 1),
(1790, 63, 1, '4:00 PM', 1),
(1791, 63, 1, '5:00 PM', 1),
(1792, 63, 1, '6:00 PM', 1),
(1793, 63, 1, '7:00 PM', 1),
(1794, 63, 1, '8:00 PM', 1),
(1795, 63, 1, '9:00 PM', 1),
(1796, 64, 6, '8:00 AM', 1),
(1797, 64, 6, '9:00 AM', 1),
(1798, 64, 6, '10:00 AM', 1),
(1799, 64, 6, '11:00 AM', 1),
(1800, 64, 6, '12:00 PM', 1),
(1801, 64, 6, '1:00 PM', 1),
(1802, 64, 6, '2:00 PM', 1),
(1803, 64, 6, '3:00 PM', 1),
(1804, 64, 6, '4:00 PM', 1),
(1805, 64, 6, '5:00 PM', 1),
(1806, 64, 6, '6:00 PM', 1),
(1807, 64, 6, '7:00 PM', 1),
(1808, 64, 6, '8:00 PM', 1),
(1809, 64, 6, '9:00 PM', 1),
(1810, 64, 7, '8:00 AM', 1),
(1811, 64, 7, '9:00 AM', 1),
(1812, 64, 7, '10:00 AM', 1),
(1813, 64, 7, '11:00 AM', 1),
(1814, 64, 7, '12:00 PM', 1),
(1815, 64, 7, '1:00 PM', 1),
(1816, 64, 7, '2:00 PM', 1),
(1817, 64, 7, '3:00 PM', 1),
(1818, 64, 7, '4:00 PM', 1),
(1819, 64, 7, '5:00 PM', 1),
(1820, 64, 7, '6:00 PM', 1),
(1821, 64, 7, '7:00 PM', 1),
(1822, 64, 7, '8:00 PM', 1),
(1823, 64, 7, '9:00 PM', 1),
(1824, 64, 1, '8:00 AM', 1),
(1825, 64, 1, '9:00 AM', 1),
(1826, 64, 1, '10:00 AM', 1),
(1827, 64, 1, '11:00 AM', 1),
(1828, 64, 1, '12:00 PM', 1),
(1829, 64, 1, '1:00 PM', 1),
(1830, 64, 1, '2:00 PM', 1),
(1831, 64, 1, '3:00 PM', 1),
(1832, 64, 1, '4:00 PM', 1),
(1833, 64, 1, '5:00 PM', 1),
(1834, 64, 1, '6:00 PM', 1),
(1835, 64, 1, '7:00 PM', 1),
(1836, 64, 1, '8:00 PM', 1),
(1837, 64, 1, '9:00 PM', 1),
(1838, 64, 4, '8:00 AM', 1),
(1839, 64, 4, '9:00 AM', 1),
(1840, 64, 4, '10:00 AM', 1),
(1841, 64, 4, '11:00 AM', 1),
(1842, 64, 4, '12:00 PM', 1),
(1843, 64, 4, '1:00 PM', 1),
(1844, 64, 4, '2:00 PM', 1),
(1845, 64, 4, '3:00 PM', 1),
(1846, 64, 4, '4:00 PM', 1),
(1847, 64, 4, '5:00 PM', 1),
(1848, 64, 4, '6:00 PM', 1),
(1849, 64, 4, '7:00 PM', 1),
(1850, 64, 4, '8:00 PM', 1),
(1851, 64, 4, '9:00 PM', 1),
(1852, 65, 6, '10:00 AM', 1),
(1853, 65, 6, '11:00 AM', 1),
(1854, 65, 6, '12:00 PM', 1),
(1855, 65, 6, '1:00 PM', 1),
(1856, 65, 6, '2:00 PM', 1),
(1857, 65, 6, '3:00 PM', 1),
(1858, 65, 3, '10:00 AM', 1),
(1859, 65, 3, '11:00 AM', 1),
(1860, 65, 3, '12:00 PM', 1),
(1861, 65, 3, '1:00 PM', 1),
(1862, 65, 3, '2:00 PM', 1),
(1863, 65, 3, '3:00 PM', 1),
(1864, 65, 7, '10:00 AM', 1),
(1865, 65, 7, '11:00 AM', 1),
(1866, 65, 7, '12:00 PM', 1),
(1867, 65, 7, '1:00 PM', 1),
(1868, 65, 7, '2:00 PM', 1),
(1869, 65, 7, '3:00 PM', 1),
(1870, 65, 1, '10:00 AM', 1),
(1871, 65, 1, '11:00 AM', 1),
(1872, 65, 1, '12:00 PM', 1),
(1873, 65, 1, '1:00 PM', 1),
(1874, 65, 1, '2:00 PM', 1),
(1875, 65, 1, '3:00 PM', 1),
(1876, 66, 7, '6:00 AM', 1);
INSERT INTO `dates` (`id`, `expert_id`, `day_id`, `time`, `available`) VALUES
(1877, 66, 7, '7:00 AM', 1),
(1878, 66, 7, '8:00 AM', 1),
(1879, 66, 7, '9:00 AM', 1),
(1880, 66, 7, '10:00 AM', 1),
(1881, 66, 7, '11:00 AM', 1),
(1882, 66, 7, '12:00 PM', 1),
(1883, 66, 7, '1:00 PM', 1),
(1884, 66, 7, '2:00 PM', 1),
(1885, 66, 7, '3:00 PM', 1),
(1886, 66, 7, '4:00 PM', 1),
(1887, 66, 7, '5:00 PM', 1),
(1888, 66, 7, '6:00 PM', 1),
(1889, 66, 7, '7:00 PM', 1),
(1890, 66, 7, '8:00 PM', 1),
(1891, 66, 5, '6:00 AM', 1),
(1892, 66, 5, '7:00 AM', 1),
(1893, 66, 5, '8:00 AM', 1),
(1894, 66, 5, '9:00 AM', 1),
(1895, 66, 5, '10:00 AM', 1),
(1896, 66, 5, '11:00 AM', 1),
(1897, 66, 5, '12:00 PM', 1),
(1898, 66, 5, '1:00 PM', 1),
(1899, 66, 5, '2:00 PM', 1),
(1900, 66, 5, '3:00 PM', 1),
(1901, 66, 5, '4:00 PM', 1),
(1902, 66, 5, '5:00 PM', 1),
(1903, 66, 5, '6:00 PM', 1),
(1904, 66, 5, '7:00 PM', 1),
(1905, 66, 5, '8:00 PM', 1),
(1906, 66, 1, '6:00 AM', 1),
(1907, 66, 1, '7:00 AM', 1),
(1908, 66, 1, '8:00 AM', 1),
(1909, 66, 1, '9:00 AM', 1),
(1910, 66, 1, '10:00 AM', 1),
(1911, 66, 1, '11:00 AM', 1),
(1912, 66, 1, '12:00 PM', 1),
(1913, 66, 1, '1:00 PM', 1),
(1914, 66, 1, '2:00 PM', 1),
(1915, 66, 1, '3:00 PM', 1),
(1916, 66, 1, '4:00 PM', 1),
(1917, 66, 1, '5:00 PM', 1),
(1918, 66, 1, '6:00 PM', 1),
(1919, 66, 1, '7:00 PM', 1),
(1920, 66, 1, '8:00 PM', 1),
(1921, 66, 3, '6:00 AM', 1),
(1922, 66, 3, '7:00 AM', 1),
(1923, 66, 3, '8:00 AM', 1),
(1924, 66, 3, '9:00 AM', 1),
(1925, 66, 3, '10:00 AM', 1),
(1926, 66, 3, '11:00 AM', 1),
(1927, 66, 3, '12:00 PM', 1),
(1928, 66, 3, '1:00 PM', 1),
(1929, 66, 3, '2:00 PM', 1),
(1930, 66, 3, '3:00 PM', 1),
(1931, 66, 3, '4:00 PM', 1),
(1932, 66, 3, '5:00 PM', 1),
(1933, 66, 3, '6:00 PM', 1),
(1934, 66, 3, '7:00 PM', 1),
(1935, 66, 3, '8:00 PM', 1),
(1936, 67, 4, '7:00 AM', 1),
(1937, 67, 4, '8:00 AM', 1),
(1938, 67, 4, '9:00 AM', 1),
(1939, 67, 4, '10:00 AM', 1),
(1940, 67, 4, '11:00 AM', 1),
(1941, 67, 4, '12:00 PM', 1),
(1942, 67, 4, '1:00 PM', 1),
(1943, 67, 4, '2:00 PM', 1),
(1944, 67, 4, '3:00 PM', 1),
(1945, 67, 4, '4:00 PM', 1),
(1946, 67, 4, '5:00 PM', 1),
(1947, 67, 4, '6:00 PM', 1),
(1948, 67, 4, '7:00 PM', 1),
(1949, 67, 4, '8:00 PM', 1),
(1950, 67, 4, '9:00 PM', 1),
(1951, 67, 1, '7:00 AM', 1),
(1952, 67, 1, '8:00 AM', 1),
(1953, 67, 1, '9:00 AM', 1),
(1954, 67, 1, '10:00 AM', 1),
(1955, 67, 1, '11:00 AM', 1),
(1956, 67, 1, '12:00 PM', 1),
(1957, 67, 1, '1:00 PM', 1),
(1958, 67, 1, '2:00 PM', 1),
(1959, 67, 1, '3:00 PM', 1),
(1960, 67, 1, '4:00 PM', 1),
(1961, 67, 1, '5:00 PM', 1),
(1962, 67, 1, '6:00 PM', 1),
(1963, 67, 1, '7:00 PM', 1),
(1964, 67, 1, '8:00 PM', 1),
(1965, 67, 1, '9:00 PM', 1),
(1966, 67, 5, '7:00 AM', 1),
(1967, 67, 5, '8:00 AM', 1),
(1968, 67, 5, '9:00 AM', 1),
(1969, 67, 5, '10:00 AM', 1),
(1970, 67, 5, '11:00 AM', 1),
(1971, 67, 5, '12:00 PM', 1),
(1972, 67, 5, '1:00 PM', 1),
(1973, 67, 5, '2:00 PM', 1),
(1974, 67, 5, '3:00 PM', 1),
(1975, 67, 5, '4:00 PM', 1),
(1976, 67, 5, '5:00 PM', 1),
(1977, 67, 5, '6:00 PM', 1),
(1978, 67, 5, '7:00 PM', 1),
(1979, 67, 5, '8:00 PM', 1),
(1980, 67, 5, '9:00 PM', 1),
(1981, 67, 6, '7:00 AM', 1),
(1982, 67, 6, '8:00 AM', 1),
(1983, 67, 6, '9:00 AM', 1),
(1984, 67, 6, '10:00 AM', 1),
(1985, 67, 6, '11:00 AM', 1),
(1986, 67, 6, '12:00 PM', 1),
(1987, 67, 6, '1:00 PM', 1),
(1988, 67, 6, '2:00 PM', 1),
(1989, 67, 6, '3:00 PM', 1),
(1990, 67, 6, '4:00 PM', 1),
(1991, 67, 6, '5:00 PM', 1),
(1992, 67, 6, '6:00 PM', 1),
(1993, 67, 6, '7:00 PM', 1),
(1994, 67, 6, '8:00 PM', 1),
(1995, 67, 6, '9:00 PM', 1),
(1996, 67, 7, '7:00 AM', 1),
(1997, 67, 7, '8:00 AM', 1),
(1998, 67, 7, '9:00 AM', 1),
(1999, 67, 7, '10:00 AM', 1),
(2000, 67, 7, '11:00 AM', 1),
(2001, 67, 7, '12:00 PM', 1),
(2002, 67, 7, '1:00 PM', 1),
(2003, 67, 7, '2:00 PM', 1),
(2004, 67, 7, '3:00 PM', 1),
(2005, 67, 7, '4:00 PM', 1),
(2006, 67, 7, '5:00 PM', 1),
(2007, 67, 7, '6:00 PM', 1),
(2008, 67, 7, '7:00 PM', 1),
(2009, 67, 7, '8:00 PM', 1),
(2010, 67, 7, '9:00 PM', 1),
(2011, 68, 4, '8:00 AM', 1),
(2012, 68, 4, '9:00 AM', 1),
(2013, 68, 4, '10:00 AM', 1),
(2014, 68, 4, '11:00 AM', 1),
(2015, 68, 4, '12:00 PM', 1),
(2016, 68, 4, '1:00 PM', 1),
(2017, 68, 4, '2:00 PM', 1),
(2018, 68, 4, '3:00 PM', 1),
(2019, 68, 4, '4:00 PM', 1),
(2020, 68, 7, '8:00 AM', 1),
(2021, 68, 7, '9:00 AM', 1),
(2022, 68, 7, '10:00 AM', 1),
(2023, 68, 7, '11:00 AM', 1),
(2024, 68, 7, '12:00 PM', 1),
(2025, 68, 7, '1:00 PM', 1),
(2026, 68, 7, '2:00 PM', 1),
(2027, 68, 7, '3:00 PM', 1),
(2028, 68, 7, '4:00 PM', 1),
(2029, 68, 1, '8:00 AM', 1),
(2030, 68, 1, '9:00 AM', 1),
(2031, 68, 1, '10:00 AM', 1),
(2032, 68, 1, '11:00 AM', 1),
(2033, 68, 1, '12:00 PM', 1),
(2034, 68, 1, '1:00 PM', 1),
(2035, 68, 1, '2:00 PM', 1),
(2036, 68, 1, '3:00 PM', 1),
(2037, 68, 1, '4:00 PM', 1),
(2038, 69, 4, '11:00 AM', 1),
(2039, 69, 4, '12:00 PM', 1),
(2040, 69, 4, '1:00 PM', 1),
(2041, 69, 4, '2:00 PM', 1),
(2042, 69, 5, '11:00 AM', 1),
(2043, 69, 5, '12:00 PM', 1),
(2044, 69, 5, '1:00 PM', 1),
(2045, 69, 5, '2:00 PM', 1),
(2046, 69, 6, '11:00 AM', 1),
(2047, 69, 6, '12:00 PM', 1),
(2048, 69, 6, '1:00 PM', 1),
(2049, 69, 6, '2:00 PM', 1),
(2050, 69, 7, '11:00 AM', 1),
(2051, 69, 7, '12:00 PM', 1),
(2052, 69, 7, '1:00 PM', 1),
(2053, 69, 7, '2:00 PM', 1),
(2054, 70, 1, '11:00 AM', 1),
(2055, 70, 1, '12:00 PM', 1),
(2056, 70, 1, '1:00 PM', 1),
(2057, 70, 4, '11:00 AM', 1),
(2058, 70, 4, '12:00 PM', 1),
(2059, 70, 4, '1:00 PM', 1),
(2060, 71, 1, '10:00 AM', 1),
(2061, 71, 1, '11:00 AM', 1),
(2062, 71, 1, '12:00 PM', 1),
(2063, 71, 1, '1:00 PM', 1),
(2064, 71, 1, '2:00 PM', 1),
(2065, 71, 1, '3:00 PM', 1),
(2066, 71, 1, '4:00 PM', 1),
(2067, 71, 1, '5:00 PM', 1),
(2068, 71, 1, '6:00 PM', 1),
(2069, 71, 1, '7:00 PM', 1),
(2070, 71, 1, '8:00 PM', 1),
(2071, 71, 7, '10:00 AM', 1),
(2072, 71, 7, '11:00 AM', 1),
(2073, 71, 7, '12:00 PM', 1),
(2074, 71, 7, '1:00 PM', 1),
(2075, 71, 7, '2:00 PM', 1),
(2076, 71, 7, '3:00 PM', 1),
(2077, 71, 7, '4:00 PM', 1),
(2078, 71, 7, '5:00 PM', 1),
(2079, 71, 7, '6:00 PM', 1),
(2080, 71, 7, '7:00 PM', 1),
(2081, 71, 7, '8:00 PM', 1),
(2082, 71, 4, '10:00 AM', 1),
(2083, 71, 4, '11:00 AM', 1),
(2084, 71, 4, '12:00 PM', 1),
(2085, 71, 4, '1:00 PM', 1),
(2086, 71, 4, '2:00 PM', 1),
(2087, 71, 4, '3:00 PM', 1),
(2088, 71, 4, '4:00 PM', 1),
(2089, 71, 4, '5:00 PM', 1),
(2090, 71, 4, '6:00 PM', 1),
(2091, 71, 4, '7:00 PM', 1),
(2092, 71, 4, '8:00 PM', 1),
(2093, 72, 2, '6:00 AM', 1),
(2094, 72, 2, '7:00 AM', 1),
(2095, 72, 2, '8:00 AM', 1),
(2096, 72, 2, '9:00 AM', 1),
(2097, 72, 2, '10:00 AM', 1),
(2098, 72, 2, '11:00 AM', 1),
(2099, 72, 2, '12:00 PM', 1),
(2100, 72, 2, '1:00 PM', 1),
(2101, 72, 2, '2:00 PM', 1),
(2102, 72, 2, '3:00 PM', 1),
(2103, 72, 2, '4:00 PM', 1),
(2104, 72, 2, '5:00 PM', 1),
(2105, 72, 2, '6:00 PM', 1),
(2106, 72, 2, '7:00 PM', 1),
(2107, 72, 2, '8:00 PM', 1),
(2108, 72, 6, '6:00 AM', 1),
(2109, 72, 6, '7:00 AM', 1),
(2110, 72, 6, '8:00 AM', 1),
(2111, 72, 6, '9:00 AM', 1),
(2112, 72, 6, '10:00 AM', 1),
(2113, 72, 6, '11:00 AM', 1),
(2114, 72, 6, '12:00 PM', 1),
(2115, 72, 6, '1:00 PM', 1),
(2116, 72, 6, '2:00 PM', 1),
(2117, 72, 6, '3:00 PM', 1),
(2118, 72, 6, '4:00 PM', 1),
(2119, 72, 6, '5:00 PM', 1),
(2120, 72, 6, '6:00 PM', 1),
(2121, 72, 6, '7:00 PM', 1),
(2122, 72, 6, '8:00 PM', 1),
(2123, 72, 1, '6:00 AM', 1),
(2124, 72, 1, '7:00 AM', 1),
(2125, 72, 1, '8:00 AM', 1),
(2126, 72, 1, '9:00 AM', 1),
(2127, 72, 1, '10:00 AM', 1),
(2128, 72, 1, '11:00 AM', 1),
(2129, 72, 1, '12:00 PM', 1),
(2130, 72, 1, '1:00 PM', 1),
(2131, 72, 1, '2:00 PM', 1),
(2132, 72, 1, '3:00 PM', 1),
(2133, 72, 1, '4:00 PM', 1),
(2134, 72, 1, '5:00 PM', 1),
(2135, 72, 1, '6:00 PM', 1),
(2136, 72, 1, '7:00 PM', 1),
(2137, 72, 1, '8:00 PM', 1),
(2138, 73, 5, '8:00 AM', 1),
(2139, 73, 5, '9:00 AM', 1),
(2140, 73, 5, '10:00 AM', 1),
(2141, 73, 5, '11:00 AM', 1),
(2142, 73, 5, '12:00 PM', 1),
(2143, 73, 5, '1:00 PM', 1),
(2144, 73, 5, '2:00 PM', 1),
(2145, 73, 5, '3:00 PM', 1),
(2146, 73, 5, '4:00 PM', 1),
(2147, 73, 5, '5:00 PM', 1),
(2148, 73, 5, '6:00 PM', 1),
(2149, 73, 5, '7:00 PM', 1),
(2150, 73, 1, '8:00 AM', 1),
(2151, 73, 1, '9:00 AM', 1),
(2152, 73, 1, '10:00 AM', 1),
(2153, 73, 1, '11:00 AM', 1),
(2154, 73, 1, '12:00 PM', 1),
(2155, 73, 1, '1:00 PM', 1),
(2156, 73, 1, '2:00 PM', 1),
(2157, 73, 1, '3:00 PM', 1),
(2158, 73, 1, '4:00 PM', 1),
(2159, 73, 1, '5:00 PM', 1),
(2160, 73, 1, '6:00 PM', 1),
(2161, 73, 1, '7:00 PM', 1),
(2162, 73, 7, '8:00 AM', 1),
(2163, 73, 7, '9:00 AM', 1),
(2164, 73, 7, '10:00 AM', 1),
(2165, 73, 7, '11:00 AM', 1),
(2166, 73, 7, '12:00 PM', 1),
(2167, 73, 7, '1:00 PM', 1),
(2168, 73, 7, '2:00 PM', 1),
(2169, 73, 7, '3:00 PM', 1),
(2170, 73, 7, '4:00 PM', 1),
(2171, 73, 7, '5:00 PM', 1),
(2172, 73, 7, '6:00 PM', 1),
(2173, 73, 7, '7:00 PM', 1),
(2174, 73, 6, '8:00 AM', 1),
(2175, 73, 6, '9:00 AM', 1),
(2176, 73, 6, '10:00 AM', 1),
(2177, 73, 6, '11:00 AM', 1),
(2178, 73, 6, '12:00 PM', 1),
(2179, 73, 6, '1:00 PM', 1),
(2180, 73, 6, '2:00 PM', 1),
(2181, 73, 6, '3:00 PM', 1),
(2182, 73, 6, '4:00 PM', 1),
(2183, 73, 6, '5:00 PM', 1),
(2184, 73, 6, '6:00 PM', 1),
(2185, 73, 6, '7:00 PM', 1),
(2186, 73, 2, '8:00 AM', 1),
(2187, 73, 2, '9:00 AM', 1),
(2188, 73, 2, '10:00 AM', 1),
(2189, 73, 2, '11:00 AM', 1),
(2190, 73, 2, '12:00 PM', 1),
(2191, 73, 2, '1:00 PM', 1),
(2192, 73, 2, '2:00 PM', 1),
(2193, 73, 2, '3:00 PM', 1),
(2194, 73, 2, '4:00 PM', 1),
(2195, 73, 2, '5:00 PM', 1),
(2196, 73, 2, '6:00 PM', 1),
(2197, 73, 2, '7:00 PM', 1),
(2198, 74, 7, '12:00 PM', 1),
(2199, 74, 7, '1:00 PM', 1),
(2200, 74, 7, '2:00 PM', 1),
(2201, 74, 7, '3:00 PM', 1),
(2202, 74, 6, '12:00 PM', 1),
(2203, 74, 6, '1:00 PM', 1),
(2204, 74, 6, '2:00 PM', 1),
(2205, 74, 6, '3:00 PM', 1),
(2206, 74, 1, '12:00 PM', 1),
(2207, 74, 1, '1:00 PM', 1),
(2208, 74, 1, '2:00 PM', 1),
(2209, 74, 1, '3:00 PM', 1),
(2210, 74, 3, '12:00 PM', 1),
(2211, 74, 3, '1:00 PM', 1),
(2212, 74, 3, '2:00 PM', 1),
(2213, 74, 3, '3:00 PM', 1),
(2214, 75, 6, '9:00 AM', 1),
(2215, 75, 6, '10:00 AM', 1),
(2216, 75, 6, '11:00 AM', 1),
(2217, 75, 6, '12:00 PM', 1),
(2218, 75, 6, '1:00 PM', 1),
(2219, 75, 6, '2:00 PM', 1),
(2220, 75, 6, '3:00 PM', 1),
(2221, 75, 6, '4:00 PM', 1),
(2222, 75, 6, '5:00 PM', 1),
(2223, 75, 6, '6:00 PM', 1),
(2224, 75, 6, '7:00 PM', 1),
(2225, 75, 5, '9:00 AM', 1),
(2226, 75, 5, '10:00 AM', 1),
(2227, 75, 5, '11:00 AM', 1),
(2228, 75, 5, '12:00 PM', 1),
(2229, 75, 5, '1:00 PM', 1),
(2230, 75, 5, '2:00 PM', 1),
(2231, 75, 5, '3:00 PM', 1),
(2232, 75, 5, '4:00 PM', 1),
(2233, 75, 5, '5:00 PM', 1),
(2234, 75, 5, '6:00 PM', 1),
(2235, 75, 5, '7:00 PM', 1),
(2236, 75, 3, '9:00 AM', 1),
(2237, 75, 3, '10:00 AM', 1),
(2238, 75, 3, '11:00 AM', 1),
(2239, 75, 3, '12:00 PM', 1),
(2240, 75, 3, '1:00 PM', 1),
(2241, 75, 3, '2:00 PM', 1),
(2242, 75, 3, '3:00 PM', 1),
(2243, 75, 3, '4:00 PM', 1),
(2244, 75, 3, '5:00 PM', 1),
(2245, 75, 3, '6:00 PM', 1),
(2246, 75, 3, '7:00 PM', 1),
(2247, 75, 4, '9:00 AM', 1),
(2248, 75, 4, '10:00 AM', 1),
(2249, 75, 4, '11:00 AM', 1),
(2250, 75, 4, '12:00 PM', 1),
(2251, 75, 4, '1:00 PM', 1),
(2252, 75, 4, '2:00 PM', 1),
(2253, 75, 4, '3:00 PM', 1),
(2254, 75, 4, '4:00 PM', 1),
(2255, 75, 4, '5:00 PM', 1),
(2256, 75, 4, '6:00 PM', 1),
(2257, 75, 4, '7:00 PM', 1),
(2258, 75, 2, '9:00 AM', 1),
(2259, 75, 2, '10:00 AM', 1),
(2260, 75, 2, '11:00 AM', 1),
(2261, 75, 2, '12:00 PM', 1),
(2262, 75, 2, '1:00 PM', 1),
(2263, 75, 2, '2:00 PM', 1),
(2264, 75, 2, '3:00 PM', 1),
(2265, 75, 2, '4:00 PM', 1),
(2266, 75, 2, '5:00 PM', 1),
(2267, 75, 2, '6:00 PM', 1),
(2268, 75, 2, '7:00 PM', 1),
(2269, 76, 7, '11:00 AM', 1),
(2270, 76, 7, '12:00 PM', 1),
(2271, 76, 7, '1:00 PM', 1),
(2272, 76, 7, '2:00 PM', 1),
(2273, 76, 7, '3:00 PM', 1),
(2274, 76, 7, '4:00 PM', 1),
(2275, 76, 7, '5:00 PM', 1),
(2276, 76, 7, '6:00 PM', 1),
(2277, 76, 7, '7:00 PM', 1),
(2278, 76, 7, '8:00 PM', 1),
(2279, 76, 4, '11:00 AM', 1),
(2280, 76, 4, '12:00 PM', 1),
(2281, 76, 4, '1:00 PM', 1),
(2282, 76, 4, '2:00 PM', 1),
(2283, 76, 4, '3:00 PM', 1),
(2284, 76, 4, '4:00 PM', 1),
(2285, 76, 4, '5:00 PM', 1),
(2286, 76, 4, '6:00 PM', 1),
(2287, 76, 4, '7:00 PM', 1),
(2288, 76, 4, '8:00 PM', 1),
(2289, 76, 1, '11:00 AM', 1),
(2290, 76, 1, '12:00 PM', 1),
(2291, 76, 1, '1:00 PM', 1),
(2292, 76, 1, '2:00 PM', 1),
(2293, 76, 1, '3:00 PM', 1),
(2294, 76, 1, '4:00 PM', 1),
(2295, 76, 1, '5:00 PM', 1),
(2296, 76, 1, '6:00 PM', 1),
(2297, 76, 1, '7:00 PM', 1),
(2298, 76, 1, '8:00 PM', 1),
(2299, 77, 2, '8:00 AM', 1),
(2300, 77, 2, '9:00 AM', 1),
(2301, 77, 2, '10:00 AM', 1),
(2302, 77, 2, '11:00 AM', 1),
(2303, 77, 2, '12:00 PM', 1),
(2304, 77, 2, '1:00 PM', 1),
(2305, 77, 2, '2:00 PM', 1),
(2306, 77, 2, '3:00 PM', 1),
(2307, 77, 2, '4:00 PM', 1),
(2308, 77, 2, '5:00 PM', 1),
(2309, 77, 6, '8:00 AM', 1),
(2310, 77, 6, '9:00 AM', 1),
(2311, 77, 6, '10:00 AM', 1),
(2312, 77, 6, '11:00 AM', 1),
(2313, 77, 6, '12:00 PM', 1),
(2314, 77, 6, '1:00 PM', 1),
(2315, 77, 6, '2:00 PM', 1),
(2316, 77, 6, '3:00 PM', 1),
(2317, 77, 6, '4:00 PM', 1),
(2318, 77, 6, '5:00 PM', 1),
(2319, 77, 1, '8:00 AM', 1),
(2320, 77, 1, '9:00 AM', 1),
(2321, 77, 1, '10:00 AM', 1),
(2322, 77, 1, '11:00 AM', 1),
(2323, 77, 1, '12:00 PM', 1),
(2324, 77, 1, '1:00 PM', 1),
(2325, 77, 1, '2:00 PM', 1),
(2326, 77, 1, '3:00 PM', 1),
(2327, 77, 1, '4:00 PM', 1),
(2328, 77, 1, '5:00 PM', 1),
(2329, 77, 4, '8:00 AM', 1),
(2330, 77, 4, '9:00 AM', 1),
(2331, 77, 4, '10:00 AM', 1),
(2332, 77, 4, '11:00 AM', 1),
(2333, 77, 4, '12:00 PM', 1),
(2334, 77, 4, '1:00 PM', 1),
(2335, 77, 4, '2:00 PM', 1),
(2336, 77, 4, '3:00 PM', 1),
(2337, 77, 4, '4:00 PM', 1),
(2338, 77, 4, '5:00 PM', 1),
(2339, 77, 7, '8:00 AM', 1),
(2340, 77, 7, '9:00 AM', 1),
(2341, 77, 7, '10:00 AM', 1),
(2342, 77, 7, '11:00 AM', 1),
(2343, 77, 7, '12:00 PM', 1),
(2344, 77, 7, '1:00 PM', 1),
(2345, 77, 7, '2:00 PM', 1),
(2346, 77, 7, '3:00 PM', 1),
(2347, 77, 7, '4:00 PM', 1),
(2348, 77, 7, '5:00 PM', 1),
(2349, 78, 5, '10:00 AM', 1),
(2350, 78, 5, '11:00 AM', 1),
(2351, 78, 5, '12:00 PM', 1),
(2352, 78, 5, '1:00 PM', 1),
(2353, 78, 5, '2:00 PM', 1),
(2354, 78, 5, '3:00 PM', 1),
(2355, 78, 5, '4:00 PM', 1),
(2356, 78, 5, '5:00 PM', 1),
(2357, 78, 5, '6:00 PM', 1),
(2358, 78, 5, '7:00 PM', 1),
(2359, 78, 5, '8:00 PM', 1),
(2360, 78, 7, '10:00 AM', 1),
(2361, 78, 7, '11:00 AM', 1),
(2362, 78, 7, '12:00 PM', 1),
(2363, 78, 7, '1:00 PM', 1),
(2364, 78, 7, '2:00 PM', 1),
(2365, 78, 7, '3:00 PM', 1),
(2366, 78, 7, '4:00 PM', 1),
(2367, 78, 7, '5:00 PM', 1),
(2368, 78, 7, '6:00 PM', 1),
(2369, 78, 7, '7:00 PM', 1),
(2370, 78, 7, '8:00 PM', 1),
(2371, 79, 6, '9:00 AM', 1),
(2372, 79, 6, '10:00 AM', 1),
(2373, 79, 6, '11:00 AM', 1),
(2374, 79, 6, '12:00 PM', 1),
(2375, 79, 3, '9:00 AM', 1),
(2376, 79, 3, '10:00 AM', 1),
(2377, 79, 3, '11:00 AM', 1),
(2378, 79, 3, '12:00 PM', 1),
(2379, 79, 1, '9:00 AM', 1),
(2380, 79, 1, '10:00 AM', 1),
(2381, 79, 1, '11:00 AM', 1),
(2382, 79, 1, '12:00 PM', 1),
(2383, 79, 2, '9:00 AM', 1),
(2384, 79, 2, '10:00 AM', 1),
(2385, 79, 2, '11:00 AM', 1),
(2386, 79, 2, '12:00 PM', 1),
(2387, 80, 3, '12:00 PM', 1),
(2388, 80, 3, '1:00 PM', 1),
(2389, 80, 3, '2:00 PM', 1),
(2390, 80, 3, '3:00 PM', 1),
(2391, 80, 3, '4:00 PM', 1),
(2392, 80, 3, '5:00 PM', 1),
(2393, 80, 3, '6:00 PM', 1),
(2394, 80, 3, '7:00 PM', 1),
(2395, 80, 1, '12:00 PM', 1),
(2396, 80, 1, '1:00 PM', 1),
(2397, 80, 1, '2:00 PM', 1),
(2398, 80, 1, '3:00 PM', 1),
(2399, 80, 1, '4:00 PM', 1),
(2400, 80, 1, '5:00 PM', 1),
(2401, 80, 1, '6:00 PM', 1),
(2402, 80, 1, '7:00 PM', 1),
(2403, 80, 6, '12:00 PM', 1),
(2404, 80, 6, '1:00 PM', 1),
(2405, 80, 6, '2:00 PM', 1),
(2406, 80, 6, '3:00 PM', 1),
(2407, 80, 6, '4:00 PM', 1),
(2408, 80, 6, '5:00 PM', 1),
(2409, 80, 6, '6:00 PM', 1),
(2410, 80, 6, '7:00 PM', 1),
(2411, 80, 4, '12:00 PM', 1),
(2412, 80, 4, '1:00 PM', 1),
(2413, 80, 4, '2:00 PM', 1),
(2414, 80, 4, '3:00 PM', 1),
(2415, 80, 4, '4:00 PM', 1),
(2416, 80, 4, '5:00 PM', 1),
(2417, 80, 4, '6:00 PM', 1),
(2418, 80, 4, '7:00 PM', 1),
(2419, 80, 5, '12:00 PM', 1),
(2420, 80, 5, '1:00 PM', 1),
(2421, 80, 5, '2:00 PM', 1),
(2422, 80, 5, '3:00 PM', 1),
(2423, 80, 5, '4:00 PM', 1),
(2424, 80, 5, '5:00 PM', 1),
(2425, 80, 5, '6:00 PM', 1),
(2426, 80, 5, '7:00 PM', 1),
(2427, 81, 2, '12:00 PM', 1),
(2428, 81, 2, '1:00 PM', 1),
(2429, 81, 2, '2:00 PM', 1),
(2430, 81, 2, '3:00 PM', 1),
(2431, 81, 2, '4:00 PM', 1),
(2432, 81, 2, '5:00 PM', 1),
(2433, 81, 2, '6:00 PM', 1),
(2434, 81, 2, '7:00 PM', 1),
(2435, 81, 2, '8:00 PM', 1),
(2436, 81, 3, '12:00 PM', 1),
(2437, 81, 3, '1:00 PM', 1),
(2438, 81, 3, '2:00 PM', 1),
(2439, 81, 3, '3:00 PM', 1),
(2440, 81, 3, '4:00 PM', 1),
(2441, 81, 3, '5:00 PM', 1),
(2442, 81, 3, '6:00 PM', 1),
(2443, 81, 3, '7:00 PM', 1),
(2444, 81, 3, '8:00 PM', 1),
(2445, 81, 4, '12:00 PM', 1),
(2446, 81, 4, '1:00 PM', 1),
(2447, 81, 4, '2:00 PM', 1),
(2448, 81, 4, '3:00 PM', 1),
(2449, 81, 4, '4:00 PM', 1),
(2450, 81, 4, '5:00 PM', 1),
(2451, 81, 4, '6:00 PM', 1),
(2452, 81, 4, '7:00 PM', 1),
(2453, 81, 4, '8:00 PM', 1),
(2454, 81, 1, '12:00 PM', 1),
(2455, 81, 1, '1:00 PM', 1),
(2456, 81, 1, '2:00 PM', 1),
(2457, 81, 1, '3:00 PM', 1),
(2458, 81, 1, '4:00 PM', 1),
(2459, 81, 1, '5:00 PM', 1),
(2460, 81, 1, '6:00 PM', 1),
(2461, 81, 1, '7:00 PM', 1),
(2462, 81, 1, '8:00 PM', 1),
(2463, 81, 5, '12:00 PM', 1),
(2464, 81, 5, '1:00 PM', 1),
(2465, 81, 5, '2:00 PM', 1),
(2466, 81, 5, '3:00 PM', 1),
(2467, 81, 5, '4:00 PM', 1),
(2468, 81, 5, '5:00 PM', 1),
(2469, 81, 5, '6:00 PM', 1),
(2470, 81, 5, '7:00 PM', 1),
(2471, 81, 5, '8:00 PM', 1),
(2472, 82, 2, '11:00 AM', 1),
(2473, 82, 2, '12:00 PM', 1),
(2474, 82, 6, '11:00 AM', 1),
(2475, 82, 6, '12:00 PM', 1),
(2476, 82, 3, '11:00 AM', 1),
(2477, 82, 3, '12:00 PM', 1),
(2478, 82, 4, '11:00 AM', 1),
(2479, 82, 4, '12:00 PM', 1),
(2480, 83, 3, '11:00 AM', 1),
(2481, 83, 3, '12:00 PM', 1),
(2482, 83, 3, '1:00 PM', 1),
(2483, 83, 3, '2:00 PM', 1),
(2484, 83, 3, '3:00 PM', 1),
(2485, 83, 3, '4:00 PM', 1),
(2486, 83, 3, '5:00 PM', 1),
(2487, 83, 3, '6:00 PM', 1),
(2488, 83, 3, '7:00 PM', 1),
(2489, 83, 3, '8:00 PM', 1),
(2490, 83, 3, '9:00 PM', 1),
(2491, 83, 7, '11:00 AM', 1),
(2492, 83, 7, '12:00 PM', 1),
(2493, 83, 7, '1:00 PM', 1),
(2494, 83, 7, '2:00 PM', 1),
(2495, 83, 7, '3:00 PM', 1),
(2496, 83, 7, '4:00 PM', 1),
(2497, 83, 7, '5:00 PM', 1),
(2498, 83, 7, '6:00 PM', 1),
(2499, 83, 7, '7:00 PM', 1),
(2500, 83, 7, '8:00 PM', 1),
(2501, 83, 7, '9:00 PM', 1),
(2502, 83, 2, '11:00 AM', 1),
(2503, 83, 2, '12:00 PM', 1),
(2504, 83, 2, '1:00 PM', 1),
(2505, 83, 2, '2:00 PM', 1),
(2506, 83, 2, '3:00 PM', 1),
(2507, 83, 2, '4:00 PM', 1),
(2508, 83, 2, '5:00 PM', 1),
(2509, 83, 2, '6:00 PM', 1),
(2510, 83, 2, '7:00 PM', 1),
(2511, 83, 2, '8:00 PM', 1),
(2512, 83, 2, '9:00 PM', 1),
(2513, 83, 6, '11:00 AM', 1),
(2514, 83, 6, '12:00 PM', 1),
(2515, 83, 6, '1:00 PM', 1),
(2516, 83, 6, '2:00 PM', 1),
(2517, 83, 6, '3:00 PM', 1),
(2518, 83, 6, '4:00 PM', 1),
(2519, 83, 6, '5:00 PM', 1),
(2520, 83, 6, '6:00 PM', 1),
(2521, 83, 6, '7:00 PM', 1),
(2522, 83, 6, '8:00 PM', 1),
(2523, 83, 6, '9:00 PM', 1),
(2524, 84, 7, '10:00 AM', 1),
(2525, 84, 7, '11:00 AM', 1),
(2526, 84, 7, '12:00 PM', 1),
(2527, 84, 7, '1:00 PM', 1),
(2528, 84, 7, '2:00 PM', 1),
(2529, 84, 7, '3:00 PM', 1),
(2530, 84, 7, '4:00 PM', 1),
(2531, 84, 7, '5:00 PM', 1),
(2532, 84, 7, '6:00 PM', 1),
(2533, 84, 7, '7:00 PM', 1),
(2534, 84, 7, '8:00 PM', 1),
(2535, 84, 2, '10:00 AM', 1),
(2536, 84, 2, '11:00 AM', 1),
(2537, 84, 2, '12:00 PM', 1),
(2538, 84, 2, '1:00 PM', 1),
(2539, 84, 2, '2:00 PM', 1),
(2540, 84, 2, '3:00 PM', 1),
(2541, 84, 2, '4:00 PM', 1),
(2542, 84, 2, '5:00 PM', 1),
(2543, 84, 2, '6:00 PM', 1),
(2544, 84, 2, '7:00 PM', 1),
(2545, 84, 2, '8:00 PM', 1),
(2546, 84, 3, '10:00 AM', 1),
(2547, 84, 3, '11:00 AM', 1),
(2548, 84, 3, '12:00 PM', 1),
(2549, 84, 3, '1:00 PM', 1),
(2550, 84, 3, '2:00 PM', 1),
(2551, 84, 3, '3:00 PM', 1),
(2552, 84, 3, '4:00 PM', 1),
(2553, 84, 3, '5:00 PM', 1),
(2554, 84, 3, '6:00 PM', 1),
(2555, 84, 3, '7:00 PM', 1),
(2556, 84, 3, '8:00 PM', 1),
(2557, 84, 4, '10:00 AM', 1),
(2558, 84, 4, '11:00 AM', 1),
(2559, 84, 4, '12:00 PM', 1),
(2560, 84, 4, '1:00 PM', 1),
(2561, 84, 4, '2:00 PM', 1),
(2562, 84, 4, '3:00 PM', 1),
(2563, 84, 4, '4:00 PM', 1),
(2564, 84, 4, '5:00 PM', 1),
(2565, 84, 4, '6:00 PM', 1),
(2566, 84, 4, '7:00 PM', 1),
(2567, 84, 4, '8:00 PM', 1),
(2568, 84, 6, '10:00 AM', 1),
(2569, 84, 6, '11:00 AM', 1),
(2570, 84, 6, '12:00 PM', 1),
(2571, 84, 6, '1:00 PM', 1),
(2572, 84, 6, '2:00 PM', 1),
(2573, 84, 6, '3:00 PM', 1),
(2574, 84, 6, '4:00 PM', 1),
(2575, 84, 6, '5:00 PM', 1),
(2576, 84, 6, '6:00 PM', 1),
(2577, 84, 6, '7:00 PM', 1),
(2578, 84, 6, '8:00 PM', 1),
(2579, 85, 1, '6:00 AM', 1),
(2580, 85, 1, '7:00 AM', 1),
(2581, 85, 1, '8:00 AM', 1),
(2582, 85, 1, '9:00 AM', 1),
(2583, 85, 1, '10:00 AM', 1),
(2584, 85, 1, '11:00 AM', 1),
(2585, 85, 1, '12:00 PM', 1),
(2586, 85, 1, '1:00 PM', 1),
(2587, 85, 1, '2:00 PM', 1),
(2588, 85, 1, '3:00 PM', 1),
(2589, 85, 1, '4:00 PM', 1),
(2590, 85, 1, '5:00 PM', 1),
(2591, 85, 1, '6:00 PM', 1),
(2592, 85, 1, '7:00 PM', 1),
(2593, 85, 1, '8:00 PM', 1),
(2594, 85, 1, '9:00 PM', 1),
(2595, 85, 5, '6:00 AM', 1),
(2596, 85, 5, '7:00 AM', 1),
(2597, 85, 5, '8:00 AM', 1),
(2598, 85, 5, '9:00 AM', 1),
(2599, 85, 5, '10:00 AM', 1),
(2600, 85, 5, '11:00 AM', 1),
(2601, 85, 5, '12:00 PM', 1),
(2602, 85, 5, '1:00 PM', 1),
(2603, 85, 5, '2:00 PM', 1),
(2604, 85, 5, '3:00 PM', 1),
(2605, 85, 5, '4:00 PM', 1),
(2606, 85, 5, '5:00 PM', 1),
(2607, 85, 5, '6:00 PM', 1),
(2608, 85, 5, '7:00 PM', 1),
(2609, 85, 5, '8:00 PM', 1),
(2610, 85, 5, '9:00 PM', 1),
(2611, 86, 2, '11:00 AM', 1),
(2612, 86, 2, '12:00 PM', 1),
(2613, 86, 2, '1:00 PM', 1),
(2614, 86, 2, '2:00 PM', 1),
(2615, 86, 2, '3:00 PM', 1),
(2616, 86, 1, '11:00 AM', 1),
(2617, 86, 1, '12:00 PM', 1),
(2618, 86, 1, '1:00 PM', 1),
(2619, 86, 1, '2:00 PM', 1),
(2620, 86, 1, '3:00 PM', 1),
(2621, 87, 6, '9:00 AM', 1),
(2622, 87, 6, '10:00 AM', 1),
(2623, 87, 6, '11:00 AM', 1),
(2624, 87, 6, '12:00 PM', 1),
(2625, 87, 6, '1:00 PM', 1),
(2626, 87, 2, '9:00 AM', 1),
(2627, 87, 2, '10:00 AM', 1),
(2628, 87, 2, '11:00 AM', 1),
(2629, 87, 2, '12:00 PM', 1),
(2630, 87, 2, '1:00 PM', 1),
(2631, 87, 5, '9:00 AM', 1),
(2632, 87, 5, '10:00 AM', 1),
(2633, 87, 5, '11:00 AM', 1),
(2634, 87, 5, '12:00 PM', 1),
(2635, 87, 5, '1:00 PM', 1),
(2636, 87, 1, '9:00 AM', 1),
(2637, 87, 1, '10:00 AM', 1),
(2638, 87, 1, '11:00 AM', 1),
(2639, 87, 1, '12:00 PM', 1),
(2640, 87, 1, '1:00 PM', 1),
(2641, 88, 2, '10:00 AM', 1),
(2642, 88, 2, '11:00 AM', 1),
(2643, 88, 2, '12:00 PM', 1),
(2644, 88, 2, '1:00 PM', 1),
(2645, 88, 2, '2:00 PM', 1),
(2646, 88, 2, '3:00 PM', 1),
(2647, 88, 2, '4:00 PM', 1),
(2648, 88, 2, '5:00 PM', 1),
(2649, 88, 2, '6:00 PM', 1),
(2650, 88, 3, '10:00 AM', 1),
(2651, 88, 3, '11:00 AM', 1),
(2652, 88, 3, '12:00 PM', 1),
(2653, 88, 3, '1:00 PM', 1),
(2654, 88, 3, '2:00 PM', 1),
(2655, 88, 3, '3:00 PM', 1),
(2656, 88, 3, '4:00 PM', 1),
(2657, 88, 3, '5:00 PM', 1),
(2658, 88, 3, '6:00 PM', 1),
(2659, 88, 7, '10:00 AM', 1),
(2660, 88, 7, '11:00 AM', 1),
(2661, 88, 7, '12:00 PM', 1),
(2662, 88, 7, '1:00 PM', 1),
(2663, 88, 7, '2:00 PM', 1),
(2664, 88, 7, '3:00 PM', 1),
(2665, 88, 7, '4:00 PM', 1),
(2666, 88, 7, '5:00 PM', 1),
(2667, 88, 7, '6:00 PM', 1),
(2668, 88, 4, '10:00 AM', 1),
(2669, 88, 4, '11:00 AM', 1),
(2670, 88, 4, '12:00 PM', 1),
(2671, 88, 4, '1:00 PM', 1),
(2672, 88, 4, '2:00 PM', 1),
(2673, 88, 4, '3:00 PM', 1),
(2674, 88, 4, '4:00 PM', 1),
(2675, 88, 4, '5:00 PM', 1),
(2676, 88, 4, '6:00 PM', 1),
(2677, 89, 6, '8:00 AM', 1),
(2678, 89, 6, '9:00 AM', 1),
(2679, 89, 6, '10:00 AM', 1),
(2680, 89, 6, '11:00 AM', 1),
(2681, 89, 6, '12:00 PM', 1),
(2682, 89, 6, '1:00 PM', 1),
(2683, 89, 6, '2:00 PM', 1),
(2684, 89, 6, '3:00 PM', 1),
(2685, 89, 2, '8:00 AM', 1),
(2686, 89, 2, '9:00 AM', 1),
(2687, 89, 2, '10:00 AM', 1),
(2688, 89, 2, '11:00 AM', 1),
(2689, 89, 2, '12:00 PM', 1),
(2690, 89, 2, '1:00 PM', 1),
(2691, 89, 2, '2:00 PM', 1),
(2692, 89, 2, '3:00 PM', 1),
(2693, 90, 4, '11:00 AM', 1),
(2694, 90, 4, '12:00 PM', 1),
(2695, 90, 4, '1:00 PM', 1),
(2696, 90, 4, '2:00 PM', 1),
(2697, 90, 4, '3:00 PM', 1),
(2698, 90, 4, '4:00 PM', 1),
(2699, 90, 4, '5:00 PM', 1),
(2700, 90, 4, '6:00 PM', 1),
(2701, 90, 1, '11:00 AM', 1),
(2702, 90, 1, '12:00 PM', 1),
(2703, 90, 1, '1:00 PM', 1),
(2704, 90, 1, '2:00 PM', 1),
(2705, 90, 1, '3:00 PM', 1),
(2706, 90, 1, '4:00 PM', 1),
(2707, 90, 1, '5:00 PM', 1),
(2708, 90, 1, '6:00 PM', 1),
(2709, 90, 2, '11:00 AM', 1),
(2710, 90, 2, '12:00 PM', 1),
(2711, 90, 2, '1:00 PM', 1),
(2712, 90, 2, '2:00 PM', 1),
(2713, 90, 2, '3:00 PM', 1),
(2714, 90, 2, '4:00 PM', 1),
(2715, 90, 2, '5:00 PM', 1),
(2716, 90, 2, '6:00 PM', 1),
(2717, 90, 6, '11:00 AM', 1),
(2718, 90, 6, '12:00 PM', 1),
(2719, 90, 6, '1:00 PM', 1),
(2720, 90, 6, '2:00 PM', 1),
(2721, 90, 6, '3:00 PM', 1),
(2722, 90, 6, '4:00 PM', 1),
(2723, 90, 6, '5:00 PM', 1),
(2724, 90, 6, '6:00 PM', 1),
(2725, 90, 7, '11:00 AM', 1),
(2726, 90, 7, '12:00 PM', 1),
(2727, 90, 7, '1:00 PM', 1),
(2728, 90, 7, '2:00 PM', 1),
(2729, 90, 7, '3:00 PM', 1),
(2730, 90, 7, '4:00 PM', 1),
(2731, 90, 7, '5:00 PM', 1),
(2732, 90, 7, '6:00 PM', 1),
(2733, 91, 2, '8:00 AM', 1),
(2734, 91, 2, '9:00 AM', 1),
(2735, 91, 2, '10:00 AM', 1),
(2736, 91, 2, '11:00 AM', 1),
(2737, 91, 2, '12:00 PM', 1),
(2738, 91, 2, '1:00 PM', 1),
(2739, 91, 3, '8:00 AM', 1),
(2740, 91, 3, '9:00 AM', 1),
(2741, 91, 3, '10:00 AM', 1),
(2742, 91, 3, '11:00 AM', 1),
(2743, 91, 3, '12:00 PM', 1),
(2744, 91, 3, '1:00 PM', 1),
(2745, 91, 1, '8:00 AM', 1),
(2746, 91, 1, '9:00 AM', 1),
(2747, 91, 1, '10:00 AM', 1),
(2748, 91, 1, '11:00 AM', 1),
(2749, 91, 1, '12:00 PM', 1),
(2750, 91, 1, '1:00 PM', 1),
(2751, 91, 5, '8:00 AM', 1),
(2752, 91, 5, '9:00 AM', 1),
(2753, 91, 5, '10:00 AM', 1),
(2754, 91, 5, '11:00 AM', 1),
(2755, 91, 5, '12:00 PM', 1),
(2756, 91, 5, '1:00 PM', 1),
(2757, 92, 3, '10:00 AM', 1),
(2758, 92, 3, '11:00 AM', 1),
(2759, 92, 3, '12:00 PM', 1),
(2760, 92, 7, '10:00 AM', 1),
(2761, 92, 7, '11:00 AM', 1),
(2762, 92, 7, '12:00 PM', 1),
(2763, 92, 1, '10:00 AM', 1),
(2764, 92, 1, '11:00 AM', 1),
(2765, 92, 1, '12:00 PM', 1),
(2766, 93, 2, '9:00 AM', 1),
(2767, 93, 2, '10:00 AM', 1),
(2768, 93, 2, '11:00 AM', 1),
(2769, 93, 2, '12:00 PM', 1),
(2770, 93, 2, '1:00 PM', 1),
(2771, 93, 2, '2:00 PM', 1),
(2772, 93, 2, '3:00 PM', 1),
(2773, 93, 2, '4:00 PM', 1),
(2774, 93, 2, '5:00 PM', 1),
(2775, 93, 5, '9:00 AM', 1),
(2776, 93, 5, '10:00 AM', 1),
(2777, 93, 5, '11:00 AM', 1),
(2778, 93, 5, '12:00 PM', 1),
(2779, 93, 5, '1:00 PM', 1),
(2780, 93, 5, '2:00 PM', 1),
(2781, 93, 5, '3:00 PM', 1),
(2782, 93, 5, '4:00 PM', 1),
(2783, 93, 5, '5:00 PM', 1),
(2784, 93, 6, '9:00 AM', 1),
(2785, 93, 6, '10:00 AM', 1),
(2786, 93, 6, '11:00 AM', 1),
(2787, 93, 6, '12:00 PM', 1),
(2788, 93, 6, '1:00 PM', 1),
(2789, 93, 6, '2:00 PM', 1),
(2790, 93, 6, '3:00 PM', 1),
(2791, 93, 6, '4:00 PM', 1),
(2792, 93, 6, '5:00 PM', 1),
(2793, 93, 7, '9:00 AM', 1),
(2794, 93, 7, '10:00 AM', 1),
(2795, 93, 7, '11:00 AM', 1),
(2796, 93, 7, '12:00 PM', 1),
(2797, 93, 7, '1:00 PM', 1),
(2798, 93, 7, '2:00 PM', 1),
(2799, 93, 7, '3:00 PM', 1),
(2800, 93, 7, '4:00 PM', 1),
(2801, 93, 7, '5:00 PM', 1),
(2802, 94, 4, '6:00 AM', 1),
(2803, 94, 4, '7:00 AM', 1),
(2804, 94, 4, '8:00 AM', 1),
(2805, 94, 4, '9:00 AM', 1),
(2806, 94, 4, '10:00 AM', 1),
(2807, 94, 4, '11:00 AM', 1),
(2808, 94, 4, '12:00 PM', 1),
(2809, 94, 4, '1:00 PM', 1),
(2810, 94, 4, '2:00 PM', 1),
(2811, 94, 4, '3:00 PM', 1),
(2812, 94, 4, '4:00 PM', 1),
(2813, 94, 4, '5:00 PM', 1),
(2814, 94, 4, '6:00 PM', 1),
(2815, 94, 4, '7:00 PM', 1),
(2816, 94, 4, '8:00 PM', 1),
(2817, 94, 4, '9:00 PM', 1),
(2818, 94, 1, '6:00 AM', 1),
(2819, 94, 1, '7:00 AM', 1),
(2820, 94, 1, '8:00 AM', 1),
(2821, 94, 1, '9:00 AM', 1),
(2822, 94, 1, '10:00 AM', 1),
(2823, 94, 1, '11:00 AM', 1),
(2824, 94, 1, '12:00 PM', 1),
(2825, 94, 1, '1:00 PM', 1),
(2826, 94, 1, '2:00 PM', 1),
(2827, 94, 1, '3:00 PM', 1),
(2828, 94, 1, '4:00 PM', 1),
(2829, 94, 1, '5:00 PM', 1),
(2830, 94, 1, '6:00 PM', 1),
(2831, 94, 1, '7:00 PM', 1),
(2832, 94, 1, '8:00 PM', 1),
(2833, 94, 1, '9:00 PM', 1),
(2834, 95, 1, '7:00 AM', 1),
(2835, 95, 1, '8:00 AM', 1),
(2836, 95, 1, '9:00 AM', 1),
(2837, 95, 1, '10:00 AM', 1),
(2838, 95, 1, '11:00 AM', 1),
(2839, 95, 1, '12:00 PM', 1),
(2840, 95, 1, '1:00 PM', 1),
(2841, 95, 1, '2:00 PM', 1),
(2842, 95, 1, '3:00 PM', 1),
(2843, 95, 6, '7:00 AM', 1),
(2844, 95, 6, '8:00 AM', 1),
(2845, 95, 6, '9:00 AM', 1),
(2846, 95, 6, '10:00 AM', 1),
(2847, 95, 6, '11:00 AM', 1),
(2848, 95, 6, '12:00 PM', 1),
(2849, 95, 6, '1:00 PM', 1),
(2850, 95, 6, '2:00 PM', 1),
(2851, 95, 6, '3:00 PM', 1),
(2852, 95, 5, '7:00 AM', 1),
(2853, 95, 5, '8:00 AM', 1),
(2854, 95, 5, '9:00 AM', 1),
(2855, 95, 5, '10:00 AM', 1),
(2856, 95, 5, '11:00 AM', 1),
(2857, 95, 5, '12:00 PM', 1),
(2858, 95, 5, '1:00 PM', 1),
(2859, 95, 5, '2:00 PM', 1),
(2860, 95, 5, '3:00 PM', 1),
(2861, 95, 7, '7:00 AM', 1),
(2862, 95, 7, '8:00 AM', 1),
(2863, 95, 7, '9:00 AM', 1),
(2864, 95, 7, '10:00 AM', 1),
(2865, 95, 7, '11:00 AM', 1),
(2866, 95, 7, '12:00 PM', 1),
(2867, 95, 7, '1:00 PM', 1),
(2868, 95, 7, '2:00 PM', 1),
(2869, 95, 7, '3:00 PM', 1),
(2870, 96, 3, '7:00 AM', 1),
(2871, 96, 3, '8:00 AM', 1),
(2872, 96, 3, '9:00 AM', 1),
(2873, 96, 3, '10:00 AM', 1),
(2874, 96, 3, '11:00 AM', 1),
(2875, 96, 3, '12:00 PM', 1),
(2876, 96, 3, '1:00 PM', 1),
(2877, 96, 3, '2:00 PM', 1),
(2878, 96, 3, '3:00 PM', 1),
(2879, 96, 1, '7:00 AM', 1),
(2880, 96, 1, '8:00 AM', 1),
(2881, 96, 1, '9:00 AM', 1),
(2882, 96, 1, '10:00 AM', 1),
(2883, 96, 1, '11:00 AM', 1),
(2884, 96, 1, '12:00 PM', 1),
(2885, 96, 1, '1:00 PM', 1),
(2886, 96, 1, '2:00 PM', 1),
(2887, 96, 1, '3:00 PM', 1),
(2888, 96, 2, '7:00 AM', 1),
(2889, 96, 2, '8:00 AM', 1),
(2890, 96, 2, '9:00 AM', 1),
(2891, 96, 2, '10:00 AM', 1),
(2892, 96, 2, '11:00 AM', 1),
(2893, 96, 2, '12:00 PM', 1),
(2894, 96, 2, '1:00 PM', 1),
(2895, 96, 2, '2:00 PM', 1),
(2896, 96, 2, '3:00 PM', 1),
(2897, 96, 6, '7:00 AM', 1),
(2898, 96, 6, '8:00 AM', 1),
(2899, 96, 6, '9:00 AM', 1),
(2900, 96, 6, '10:00 AM', 1),
(2901, 96, 6, '11:00 AM', 1),
(2902, 96, 6, '12:00 PM', 1),
(2903, 96, 6, '1:00 PM', 1),
(2904, 96, 6, '2:00 PM', 1),
(2905, 96, 6, '3:00 PM', 1),
(2906, 96, 5, '7:00 AM', 1),
(2907, 96, 5, '8:00 AM', 1),
(2908, 96, 5, '9:00 AM', 1),
(2909, 96, 5, '10:00 AM', 1),
(2910, 96, 5, '11:00 AM', 1),
(2911, 96, 5, '12:00 PM', 1),
(2912, 96, 5, '1:00 PM', 1),
(2913, 96, 5, '2:00 PM', 1),
(2914, 96, 5, '3:00 PM', 1),
(2915, 97, 5, '9:00 AM', 1),
(2916, 97, 5, '10:00 AM', 1),
(2917, 97, 5, '11:00 AM', 1),
(2918, 97, 5, '12:00 PM', 1),
(2919, 97, 5, '1:00 PM', 1),
(2920, 97, 5, '2:00 PM', 1),
(2921, 97, 5, '3:00 PM', 1),
(2922, 97, 5, '4:00 PM', 1),
(2923, 97, 5, '5:00 PM', 1),
(2924, 97, 5, '6:00 PM', 1),
(2925, 97, 5, '7:00 PM', 1),
(2926, 97, 7, '9:00 AM', 1),
(2927, 97, 7, '10:00 AM', 1),
(2928, 97, 7, '11:00 AM', 1),
(2929, 97, 7, '12:00 PM', 1),
(2930, 97, 7, '1:00 PM', 1),
(2931, 97, 7, '2:00 PM', 1),
(2932, 97, 7, '3:00 PM', 1),
(2933, 97, 7, '4:00 PM', 1),
(2934, 97, 7, '5:00 PM', 1),
(2935, 97, 7, '6:00 PM', 1),
(2936, 97, 7, '7:00 PM', 1),
(2937, 97, 4, '9:00 AM', 1),
(2938, 97, 4, '10:00 AM', 1),
(2939, 97, 4, '11:00 AM', 1),
(2940, 97, 4, '12:00 PM', 1),
(2941, 97, 4, '1:00 PM', 1),
(2942, 97, 4, '2:00 PM', 1),
(2943, 97, 4, '3:00 PM', 1),
(2944, 97, 4, '4:00 PM', 1),
(2945, 97, 4, '5:00 PM', 1),
(2946, 97, 4, '6:00 PM', 1),
(2947, 97, 4, '7:00 PM', 1),
(2948, 97, 1, '9:00 AM', 1),
(2949, 97, 1, '10:00 AM', 1),
(2950, 97, 1, '11:00 AM', 1),
(2951, 97, 1, '12:00 PM', 1),
(2952, 97, 1, '1:00 PM', 1),
(2953, 97, 1, '2:00 PM', 1),
(2954, 97, 1, '3:00 PM', 1),
(2955, 97, 1, '4:00 PM', 1),
(2956, 97, 1, '5:00 PM', 1),
(2957, 97, 1, '6:00 PM', 1),
(2958, 97, 1, '7:00 PM', 1),
(2959, 98, 5, '12:00 PM', 1),
(2960, 98, 5, '1:00 PM', 1),
(2961, 98, 5, '2:00 PM', 1),
(2962, 98, 5, '3:00 PM', 1),
(2963, 98, 5, '4:00 PM', 1),
(2964, 98, 5, '5:00 PM', 1),
(2965, 98, 5, '6:00 PM', 1),
(2966, 98, 3, '12:00 PM', 1),
(2967, 98, 3, '1:00 PM', 1),
(2968, 98, 3, '2:00 PM', 1),
(2969, 98, 3, '3:00 PM', 1),
(2970, 98, 3, '4:00 PM', 1),
(2971, 98, 3, '5:00 PM', 1),
(2972, 98, 3, '6:00 PM', 1),
(2973, 98, 6, '12:00 PM', 1),
(2974, 98, 6, '1:00 PM', 1),
(2975, 98, 6, '2:00 PM', 1),
(2976, 98, 6, '3:00 PM', 1),
(2977, 98, 6, '4:00 PM', 1),
(2978, 98, 6, '5:00 PM', 1),
(2979, 98, 6, '6:00 PM', 1),
(2980, 98, 2, '12:00 PM', 1),
(2981, 98, 2, '1:00 PM', 1),
(2982, 98, 2, '2:00 PM', 1),
(2983, 98, 2, '3:00 PM', 1),
(2984, 98, 2, '4:00 PM', 1),
(2985, 98, 2, '5:00 PM', 1),
(2986, 98, 2, '6:00 PM', 1),
(2987, 99, 7, '8:00 AM', 1),
(2988, 99, 7, '9:00 AM', 1),
(2989, 99, 7, '10:00 AM', 1),
(2990, 99, 7, '11:00 AM', 1),
(2991, 99, 7, '12:00 PM', 1),
(2992, 99, 7, '1:00 PM', 1),
(2993, 99, 7, '2:00 PM', 1),
(2994, 99, 7, '3:00 PM', 1),
(2995, 99, 7, '4:00 PM', 1),
(2996, 99, 6, '8:00 AM', 1),
(2997, 99, 6, '9:00 AM', 1),
(2998, 99, 6, '10:00 AM', 1),
(2999, 99, 6, '11:00 AM', 1),
(3000, 99, 6, '12:00 PM', 1),
(3001, 99, 6, '1:00 PM', 1),
(3002, 99, 6, '2:00 PM', 1),
(3003, 99, 6, '3:00 PM', 1),
(3004, 99, 6, '4:00 PM', 1),
(3005, 99, 2, '8:00 AM', 1),
(3006, 99, 2, '9:00 AM', 1),
(3007, 99, 2, '10:00 AM', 1),
(3008, 99, 2, '11:00 AM', 1),
(3009, 99, 2, '12:00 PM', 1),
(3010, 99, 2, '1:00 PM', 1),
(3011, 99, 2, '2:00 PM', 1),
(3012, 99, 2, '3:00 PM', 1),
(3013, 99, 2, '4:00 PM', 1),
(3014, 100, 5, '11:00 AM', 1),
(3015, 100, 5, '12:00 PM', 1),
(3016, 100, 5, '1:00 PM', 1),
(3017, 100, 5, '2:00 PM', 1),
(3018, 100, 5, '3:00 PM', 1),
(3019, 100, 5, '4:00 PM', 1),
(3020, 100, 5, '5:00 PM', 1),
(3021, 100, 5, '6:00 PM', 1),
(3022, 100, 5, '7:00 PM', 1),
(3023, 100, 5, '8:00 PM', 1),
(3024, 100, 5, '9:00 PM', 1),
(3025, 100, 4, '11:00 AM', 1),
(3026, 100, 4, '12:00 PM', 1),
(3027, 100, 4, '1:00 PM', 1),
(3028, 100, 4, '2:00 PM', 1),
(3029, 100, 4, '3:00 PM', 1),
(3030, 100, 4, '4:00 PM', 1),
(3031, 100, 4, '5:00 PM', 1),
(3032, 100, 4, '6:00 PM', 1),
(3033, 100, 4, '7:00 PM', 1),
(3034, 100, 4, '8:00 PM', 1),
(3035, 100, 4, '9:00 PM', 1),
(3036, 100, 3, '11:00 AM', 1),
(3037, 100, 3, '12:00 PM', 1),
(3038, 100, 3, '1:00 PM', 1),
(3039, 100, 3, '2:00 PM', 1),
(3040, 100, 3, '3:00 PM', 1),
(3041, 100, 3, '4:00 PM', 1),
(3042, 100, 3, '5:00 PM', 1),
(3043, 100, 3, '6:00 PM', 1),
(3044, 100, 3, '7:00 PM', 1),
(3045, 100, 3, '8:00 PM', 1),
(3046, 100, 3, '9:00 PM', 1),
(3047, 100, 6, '11:00 AM', 1),
(3048, 100, 6, '12:00 PM', 1),
(3049, 100, 6, '1:00 PM', 1),
(3050, 100, 6, '2:00 PM', 1),
(3051, 100, 6, '3:00 PM', 1),
(3052, 100, 6, '4:00 PM', 1),
(3053, 100, 6, '5:00 PM', 1),
(3054, 100, 6, '6:00 PM', 1),
(3055, 100, 6, '7:00 PM', 1),
(3056, 100, 6, '8:00 PM', 1),
(3057, 100, 6, '9:00 PM', 1),
(3058, 100, 2, '11:00 AM', 1),
(3059, 100, 2, '12:00 PM', 1),
(3060, 100, 2, '1:00 PM', 1),
(3061, 100, 2, '2:00 PM', 1),
(3062, 100, 2, '3:00 PM', 1),
(3063, 100, 2, '4:00 PM', 1),
(3064, 100, 2, '5:00 PM', 1),
(3065, 100, 2, '6:00 PM', 1),
(3066, 100, 2, '7:00 PM', 1),
(3067, 100, 2, '8:00 PM', 1),
(3068, 100, 2, '9:00 PM', 1),
(3069, 101, 3, '9:00 AM', 1),
(3070, 101, 3, '10:00 AM', 1),
(3071, 101, 3, '11:00 AM', 1),
(3072, 101, 3, '12:00 PM', 1),
(3073, 101, 3, '1:00 PM', 1),
(3074, 101, 3, '2:00 PM', 1),
(3075, 101, 3, '3:00 PM', 1),
(3076, 101, 3, '4:00 PM', 1),
(3077, 101, 3, '5:00 PM', 1),
(3078, 101, 3, '6:00 PM', 1),
(3079, 101, 3, '7:00 PM', 1),
(3080, 101, 1, '9:00 AM', 1),
(3081, 101, 1, '10:00 AM', 1),
(3082, 101, 1, '11:00 AM', 1),
(3083, 101, 1, '12:00 PM', 1),
(3084, 101, 1, '1:00 PM', 1),
(3085, 101, 1, '2:00 PM', 1),
(3086, 101, 1, '3:00 PM', 1),
(3087, 101, 1, '4:00 PM', 1),
(3088, 101, 1, '5:00 PM', 1),
(3089, 101, 1, '6:00 PM', 1),
(3090, 101, 1, '7:00 PM', 1),
(3091, 101, 2, '9:00 AM', 1),
(3092, 101, 2, '10:00 AM', 1),
(3093, 101, 2, '11:00 AM', 1),
(3094, 101, 2, '12:00 PM', 1),
(3095, 101, 2, '1:00 PM', 1),
(3096, 101, 2, '2:00 PM', 1),
(3097, 101, 2, '3:00 PM', 1),
(3098, 101, 2, '4:00 PM', 1),
(3099, 101, 2, '5:00 PM', 1),
(3100, 101, 2, '6:00 PM', 1),
(3101, 101, 2, '7:00 PM', 1),
(3102, 101, 5, '9:00 AM', 1),
(3103, 101, 5, '10:00 AM', 1),
(3104, 101, 5, '11:00 AM', 1),
(3105, 101, 5, '12:00 PM', 1),
(3106, 101, 5, '1:00 PM', 1),
(3107, 101, 5, '2:00 PM', 1),
(3108, 101, 5, '3:00 PM', 1),
(3109, 101, 5, '4:00 PM', 1),
(3110, 101, 5, '5:00 PM', 1),
(3111, 101, 5, '6:00 PM', 1),
(3112, 101, 5, '7:00 PM', 1),
(3113, 101, 4, '9:00 AM', 1),
(3114, 101, 4, '10:00 AM', 1),
(3115, 101, 4, '11:00 AM', 1),
(3116, 101, 4, '12:00 PM', 1),
(3117, 101, 4, '1:00 PM', 1),
(3118, 101, 4, '2:00 PM', 1),
(3119, 101, 4, '3:00 PM', 1),
(3120, 101, 4, '4:00 PM', 1),
(3121, 101, 4, '5:00 PM', 1),
(3122, 101, 4, '6:00 PM', 1),
(3123, 101, 4, '7:00 PM', 1),
(3124, 102, 6, '10:00 AM', 1),
(3125, 102, 6, '11:00 AM', 1),
(3126, 102, 6, '12:00 PM', 1),
(3127, 102, 6, '1:00 PM', 1),
(3128, 102, 6, '2:00 PM', 1),
(3129, 102, 6, '3:00 PM', 1),
(3130, 102, 6, '4:00 PM', 1),
(3131, 102, 6, '5:00 PM', 1),
(3132, 102, 6, '6:00 PM', 1),
(3133, 102, 6, '7:00 PM', 1),
(3134, 102, 4, '10:00 AM', 1),
(3135, 102, 4, '11:00 AM', 1),
(3136, 102, 4, '12:00 PM', 1),
(3137, 102, 4, '1:00 PM', 1),
(3138, 102, 4, '2:00 PM', 1),
(3139, 102, 4, '3:00 PM', 1),
(3140, 102, 4, '4:00 PM', 1),
(3141, 102, 4, '5:00 PM', 1),
(3142, 102, 4, '6:00 PM', 1),
(3143, 102, 4, '7:00 PM', 1),
(3144, 102, 3, '10:00 AM', 1),
(3145, 102, 3, '11:00 AM', 1),
(3146, 102, 3, '12:00 PM', 1),
(3147, 102, 3, '1:00 PM', 1),
(3148, 102, 3, '2:00 PM', 1),
(3149, 102, 3, '3:00 PM', 1),
(3150, 102, 3, '4:00 PM', 1),
(3151, 102, 3, '5:00 PM', 1),
(3152, 102, 3, '6:00 PM', 1),
(3153, 102, 3, '7:00 PM', 1),
(3154, 102, 7, '10:00 AM', 1),
(3155, 102, 7, '11:00 AM', 1),
(3156, 102, 7, '12:00 PM', 1),
(3157, 102, 7, '1:00 PM', 1),
(3158, 102, 7, '2:00 PM', 1),
(3159, 102, 7, '3:00 PM', 1),
(3160, 102, 7, '4:00 PM', 1),
(3161, 102, 7, '5:00 PM', 1),
(3162, 102, 7, '6:00 PM', 1),
(3163, 102, 7, '7:00 PM', 1),
(3164, 102, 1, '10:00 AM', 1),
(3165, 102, 1, '11:00 AM', 1),
(3166, 102, 1, '12:00 PM', 1),
(3167, 102, 1, '1:00 PM', 1),
(3168, 102, 1, '2:00 PM', 1),
(3169, 102, 1, '3:00 PM', 1),
(3170, 102, 1, '4:00 PM', 1),
(3171, 102, 1, '5:00 PM', 1),
(3172, 102, 1, '6:00 PM', 1),
(3173, 102, 1, '7:00 PM', 1),
(3174, 103, 3, '8:00 AM', 1),
(3175, 103, 3, '9:00 AM', 1),
(3176, 103, 3, '10:00 AM', 1),
(3177, 103, 3, '11:00 AM', 1),
(3178, 103, 3, '12:00 PM', 1),
(3179, 103, 3, '1:00 PM', 1),
(3180, 103, 3, '2:00 PM', 1),
(3181, 103, 3, '3:00 PM', 1),
(3182, 103, 3, '4:00 PM', 1),
(3183, 103, 6, '8:00 AM', 1),
(3184, 103, 6, '9:00 AM', 1),
(3185, 103, 6, '10:00 AM', 1),
(3186, 103, 6, '11:00 AM', 1),
(3187, 103, 6, '12:00 PM', 1),
(3188, 103, 6, '1:00 PM', 1),
(3189, 103, 6, '2:00 PM', 1),
(3190, 103, 6, '3:00 PM', 1),
(3191, 103, 6, '4:00 PM', 1),
(3192, 103, 7, '8:00 AM', 1),
(3193, 103, 7, '9:00 AM', 1),
(3194, 103, 7, '10:00 AM', 1),
(3195, 103, 7, '11:00 AM', 1),
(3196, 103, 7, '12:00 PM', 1),
(3197, 103, 7, '1:00 PM', 1),
(3198, 103, 7, '2:00 PM', 1),
(3199, 103, 7, '3:00 PM', 1),
(3200, 103, 7, '4:00 PM', 1),
(3201, 103, 2, '8:00 AM', 1),
(3202, 103, 2, '9:00 AM', 1),
(3203, 103, 2, '10:00 AM', 1),
(3204, 103, 2, '11:00 AM', 1),
(3205, 103, 2, '12:00 PM', 1),
(3206, 103, 2, '1:00 PM', 1),
(3207, 103, 2, '2:00 PM', 1),
(3208, 103, 2, '3:00 PM', 1),
(3209, 103, 2, '4:00 PM', 1),
(3210, 103, 4, '8:00 AM', 1),
(3211, 103, 4, '9:00 AM', 1),
(3212, 103, 4, '10:00 AM', 1),
(3213, 103, 4, '11:00 AM', 1),
(3214, 103, 4, '12:00 PM', 1),
(3215, 103, 4, '1:00 PM', 1),
(3216, 103, 4, '2:00 PM', 1),
(3217, 103, 4, '3:00 PM', 1),
(3218, 103, 4, '4:00 PM', 1),
(3219, 104, 2, '11:00 AM', 1),
(3220, 104, 2, '12:00 PM', 1),
(3221, 104, 2, '1:00 PM', 1),
(3222, 104, 2, '2:00 PM', 1),
(3223, 104, 2, '3:00 PM', 1),
(3224, 104, 2, '4:00 PM', 1),
(3225, 104, 2, '5:00 PM', 1),
(3226, 104, 2, '6:00 PM', 1),
(3227, 104, 4, '11:00 AM', 1),
(3228, 104, 4, '12:00 PM', 1),
(3229, 104, 4, '1:00 PM', 1),
(3230, 104, 4, '2:00 PM', 1),
(3231, 104, 4, '3:00 PM', 1),
(3232, 104, 4, '4:00 PM', 1),
(3233, 104, 4, '5:00 PM', 1),
(3234, 104, 4, '6:00 PM', 1),
(3235, 105, 4, '10:00 AM', 1),
(3236, 105, 4, '11:00 AM', 1),
(3237, 105, 4, '12:00 PM', 1),
(3238, 105, 4, '1:00 PM', 1),
(3239, 105, 4, '2:00 PM', 1),
(3240, 105, 4, '3:00 PM', 1),
(3241, 105, 4, '4:00 PM', 1),
(3242, 105, 7, '10:00 AM', 1),
(3243, 105, 7, '11:00 AM', 1),
(3244, 105, 7, '12:00 PM', 1),
(3245, 105, 7, '1:00 PM', 1),
(3246, 105, 7, '2:00 PM', 1),
(3247, 105, 7, '3:00 PM', 1),
(3248, 105, 7, '4:00 PM', 1),
(3249, 106, 7, '12:00 PM', 1),
(3250, 106, 7, '1:00 PM', 1),
(3251, 106, 7, '2:00 PM', 1),
(3252, 106, 1, '12:00 PM', 1),
(3253, 106, 1, '1:00 PM', 1),
(3254, 106, 1, '2:00 PM', 1),
(3255, 106, 3, '12:00 PM', 1),
(3256, 106, 3, '1:00 PM', 1),
(3257, 106, 3, '2:00 PM', 1),
(3258, 106, 2, '12:00 PM', 1),
(3259, 106, 2, '1:00 PM', 1),
(3260, 106, 2, '2:00 PM', 1),
(3261, 107, 5, '7:00 AM', 1),
(3262, 107, 5, '8:00 AM', 1),
(3263, 107, 5, '9:00 AM', 1),
(3264, 107, 5, '10:00 AM', 1),
(3265, 107, 5, '11:00 AM', 1),
(3266, 107, 5, '12:00 PM', 1),
(3267, 107, 5, '1:00 PM', 1),
(3268, 107, 5, '2:00 PM', 1),
(3269, 107, 5, '3:00 PM', 1),
(3270, 107, 5, '4:00 PM', 1),
(3271, 107, 5, '5:00 PM', 1),
(3272, 107, 5, '6:00 PM', 1),
(3273, 107, 5, '7:00 PM', 1),
(3274, 107, 5, '8:00 PM', 1),
(3275, 107, 3, '7:00 AM', 1),
(3276, 107, 3, '8:00 AM', 1),
(3277, 107, 3, '9:00 AM', 1),
(3278, 107, 3, '10:00 AM', 1),
(3279, 107, 3, '11:00 AM', 1),
(3280, 107, 3, '12:00 PM', 1),
(3281, 107, 3, '1:00 PM', 1),
(3282, 107, 3, '2:00 PM', 1),
(3283, 107, 3, '3:00 PM', 1),
(3284, 107, 3, '4:00 PM', 1),
(3285, 107, 3, '5:00 PM', 1),
(3286, 107, 3, '6:00 PM', 1),
(3287, 107, 3, '7:00 PM', 1),
(3288, 107, 3, '8:00 PM', 1),
(3289, 107, 1, '7:00 AM', 1),
(3290, 107, 1, '8:00 AM', 1),
(3291, 107, 1, '9:00 AM', 1),
(3292, 107, 1, '10:00 AM', 1),
(3293, 107, 1, '11:00 AM', 1),
(3294, 107, 1, '12:00 PM', 1),
(3295, 107, 1, '1:00 PM', 1),
(3296, 107, 1, '2:00 PM', 1),
(3297, 107, 1, '3:00 PM', 1),
(3298, 107, 1, '4:00 PM', 1),
(3299, 107, 1, '5:00 PM', 1),
(3300, 107, 1, '6:00 PM', 1),
(3301, 107, 1, '7:00 PM', 1),
(3302, 107, 1, '8:00 PM', 1),
(3303, 107, 6, '7:00 AM', 1),
(3304, 107, 6, '8:00 AM', 1),
(3305, 107, 6, '9:00 AM', 1),
(3306, 107, 6, '10:00 AM', 1),
(3307, 107, 6, '11:00 AM', 1),
(3308, 107, 6, '12:00 PM', 1),
(3309, 107, 6, '1:00 PM', 1),
(3310, 107, 6, '2:00 PM', 1),
(3311, 107, 6, '3:00 PM', 1),
(3312, 107, 6, '4:00 PM', 1),
(3313, 107, 6, '5:00 PM', 1),
(3314, 107, 6, '6:00 PM', 1),
(3315, 107, 6, '7:00 PM', 1),
(3316, 107, 6, '8:00 PM', 1),
(3317, 107, 2, '7:00 AM', 1),
(3318, 107, 2, '8:00 AM', 1),
(3319, 107, 2, '9:00 AM', 1),
(3320, 107, 2, '10:00 AM', 1),
(3321, 107, 2, '11:00 AM', 1),
(3322, 107, 2, '12:00 PM', 1),
(3323, 107, 2, '1:00 PM', 1),
(3324, 107, 2, '2:00 PM', 1),
(3325, 107, 2, '3:00 PM', 1),
(3326, 107, 2, '4:00 PM', 1),
(3327, 107, 2, '5:00 PM', 1),
(3328, 107, 2, '6:00 PM', 1),
(3329, 107, 2, '7:00 PM', 1),
(3330, 107, 2, '8:00 PM', 1),
(3331, 108, 5, '8:00 AM', 1),
(3332, 108, 5, '9:00 AM', 1),
(3333, 108, 5, '10:00 AM', 1),
(3334, 108, 5, '11:00 AM', 1),
(3335, 108, 5, '12:00 PM', 1),
(3336, 108, 5, '1:00 PM', 1),
(3337, 108, 5, '2:00 PM', 1),
(3338, 108, 4, '8:00 AM', 1),
(3339, 108, 4, '9:00 AM', 1),
(3340, 108, 4, '10:00 AM', 1),
(3341, 108, 4, '11:00 AM', 1),
(3342, 108, 4, '12:00 PM', 1),
(3343, 108, 4, '1:00 PM', 1),
(3344, 108, 4, '2:00 PM', 1),
(3345, 108, 7, '8:00 AM', 1),
(3346, 108, 7, '9:00 AM', 1),
(3347, 108, 7, '10:00 AM', 1),
(3348, 108, 7, '11:00 AM', 1),
(3349, 108, 7, '12:00 PM', 1),
(3350, 108, 7, '1:00 PM', 1),
(3351, 108, 7, '2:00 PM', 1),
(3352, 108, 2, '8:00 AM', 1),
(3353, 108, 2, '9:00 AM', 1),
(3354, 108, 2, '10:00 AM', 1),
(3355, 108, 2, '11:00 AM', 1),
(3356, 108, 2, '12:00 PM', 1),
(3357, 108, 2, '1:00 PM', 1),
(3358, 108, 2, '2:00 PM', 1),
(3359, 109, 3, '7:00 AM', 1),
(3360, 109, 3, '8:00 AM', 1),
(3361, 109, 3, '9:00 AM', 1),
(3362, 109, 3, '10:00 AM', 1),
(3363, 109, 3, '11:00 AM', 1),
(3364, 109, 3, '12:00 PM', 1),
(3365, 109, 3, '1:00 PM', 1),
(3366, 109, 3, '2:00 PM', 1),
(3367, 109, 3, '3:00 PM', 1),
(3368, 109, 3, '4:00 PM', 1),
(3369, 109, 3, '5:00 PM', 1),
(3370, 109, 3, '6:00 PM', 1),
(3371, 109, 3, '7:00 PM', 1),
(3372, 109, 3, '8:00 PM', 1),
(3373, 109, 3, '9:00 PM', 1),
(3374, 109, 5, '7:00 AM', 1),
(3375, 109, 5, '8:00 AM', 1),
(3376, 109, 5, '9:00 AM', 1),
(3377, 109, 5, '10:00 AM', 1),
(3378, 109, 5, '11:00 AM', 1),
(3379, 109, 5, '12:00 PM', 1),
(3380, 109, 5, '1:00 PM', 1),
(3381, 109, 5, '2:00 PM', 1),
(3382, 109, 5, '3:00 PM', 1),
(3383, 109, 5, '4:00 PM', 1),
(3384, 109, 5, '5:00 PM', 1),
(3385, 109, 5, '6:00 PM', 1),
(3386, 109, 5, '7:00 PM', 1),
(3387, 109, 5, '8:00 PM', 1),
(3388, 109, 5, '9:00 PM', 1),
(3389, 109, 6, '7:00 AM', 1),
(3390, 109, 6, '8:00 AM', 1),
(3391, 109, 6, '9:00 AM', 1),
(3392, 109, 6, '10:00 AM', 1),
(3393, 109, 6, '11:00 AM', 1),
(3394, 109, 6, '12:00 PM', 1),
(3395, 109, 6, '1:00 PM', 1),
(3396, 109, 6, '2:00 PM', 1),
(3397, 109, 6, '3:00 PM', 1),
(3398, 109, 6, '4:00 PM', 1),
(3399, 109, 6, '5:00 PM', 1),
(3400, 109, 6, '6:00 PM', 1),
(3401, 109, 6, '7:00 PM', 1),
(3402, 109, 6, '8:00 PM', 1),
(3403, 109, 6, '9:00 PM', 1),
(3404, 109, 7, '7:00 AM', 1),
(3405, 109, 7, '8:00 AM', 1),
(3406, 109, 7, '9:00 AM', 1),
(3407, 109, 7, '10:00 AM', 1),
(3408, 109, 7, '11:00 AM', 1),
(3409, 109, 7, '12:00 PM', 1),
(3410, 109, 7, '1:00 PM', 1),
(3411, 109, 7, '2:00 PM', 1),
(3412, 109, 7, '3:00 PM', 1),
(3413, 109, 7, '4:00 PM', 1),
(3414, 109, 7, '5:00 PM', 1),
(3415, 109, 7, '6:00 PM', 1),
(3416, 109, 7, '7:00 PM', 1),
(3417, 109, 7, '8:00 PM', 1),
(3418, 109, 7, '9:00 PM', 1),
(3419, 110, 5, '12:00 PM', 1),
(3420, 110, 5, '1:00 PM', 1),
(3421, 110, 5, '2:00 PM', 1),
(3422, 110, 1, '12:00 PM', 1),
(3423, 110, 1, '1:00 PM', 1),
(3424, 110, 1, '2:00 PM', 1),
(3425, 110, 2, '12:00 PM', 1),
(3426, 110, 2, '1:00 PM', 1),
(3427, 110, 2, '2:00 PM', 1),
(3428, 111, 7, '6:00 AM', 1),
(3429, 111, 7, '7:00 AM', 1),
(3430, 111, 7, '8:00 AM', 1),
(3431, 111, 7, '9:00 AM', 1),
(3432, 111, 7, '10:00 AM', 1),
(3433, 111, 7, '11:00 AM', 1),
(3434, 111, 7, '12:00 PM', 1),
(3435, 111, 7, '1:00 PM', 1),
(3436, 111, 7, '2:00 PM', 1),
(3437, 111, 7, '3:00 PM', 1),
(3438, 111, 3, '6:00 AM', 1),
(3439, 111, 3, '7:00 AM', 1),
(3440, 111, 3, '8:00 AM', 1),
(3441, 111, 3, '9:00 AM', 1),
(3442, 111, 3, '10:00 AM', 1),
(3443, 111, 3, '11:00 AM', 1),
(3444, 111, 3, '12:00 PM', 1),
(3445, 111, 3, '1:00 PM', 1),
(3446, 111, 3, '2:00 PM', 1),
(3447, 111, 3, '3:00 PM', 1),
(3448, 112, 7, '11:00 AM', 1),
(3449, 112, 7, '12:00 PM', 1),
(3450, 112, 4, '11:00 AM', 1),
(3451, 112, 4, '12:00 PM', 1),
(3452, 112, 6, '11:00 AM', 1),
(3453, 112, 6, '12:00 PM', 1),
(3454, 112, 5, '11:00 AM', 1),
(3455, 112, 5, '12:00 PM', 1),
(3456, 113, 7, '9:00 AM', 1),
(3457, 113, 7, '10:00 AM', 1),
(3458, 113, 7, '11:00 AM', 1),
(3459, 113, 7, '12:00 PM', 1),
(3460, 113, 5, '9:00 AM', 1),
(3461, 113, 5, '10:00 AM', 1),
(3462, 113, 5, '11:00 AM', 1),
(3463, 113, 5, '12:00 PM', 1),
(3464, 113, 4, '9:00 AM', 1),
(3465, 113, 4, '10:00 AM', 1),
(3466, 113, 4, '11:00 AM', 1),
(3467, 113, 4, '12:00 PM', 1),
(3468, 114, 2, '11:00 AM', 1),
(3469, 114, 2, '12:00 PM', 1),
(3470, 114, 2, '1:00 PM', 1),
(3471, 114, 2, '2:00 PM', 1),
(3472, 114, 2, '3:00 PM', 1),
(3473, 114, 2, '4:00 PM', 1),
(3474, 114, 2, '5:00 PM', 1),
(3475, 114, 2, '6:00 PM', 1),
(3476, 114, 2, '7:00 PM', 1),
(3477, 114, 1, '11:00 AM', 1),
(3478, 114, 1, '12:00 PM', 1),
(3479, 114, 1, '1:00 PM', 1),
(3480, 114, 1, '2:00 PM', 1),
(3481, 114, 1, '3:00 PM', 1),
(3482, 114, 1, '4:00 PM', 1),
(3483, 114, 1, '5:00 PM', 1),
(3484, 114, 1, '6:00 PM', 1),
(3485, 114, 1, '7:00 PM', 1),
(3486, 115, 4, '7:00 AM', 1),
(3487, 115, 4, '8:00 AM', 1),
(3488, 115, 4, '9:00 AM', 1),
(3489, 115, 4, '10:00 AM', 1),
(3490, 115, 4, '11:00 AM', 1),
(3491, 115, 4, '12:00 PM', 1),
(3492, 115, 4, '1:00 PM', 1),
(3493, 115, 4, '2:00 PM', 1),
(3494, 115, 4, '3:00 PM', 1),
(3495, 115, 4, '4:00 PM', 1),
(3496, 115, 4, '5:00 PM', 1),
(3497, 115, 4, '6:00 PM', 1),
(3498, 115, 4, '7:00 PM', 1),
(3499, 115, 3, '7:00 AM', 1),
(3500, 115, 3, '8:00 AM', 1),
(3501, 115, 3, '9:00 AM', 1),
(3502, 115, 3, '10:00 AM', 1),
(3503, 115, 3, '11:00 AM', 1),
(3504, 115, 3, '12:00 PM', 1),
(3505, 115, 3, '1:00 PM', 1),
(3506, 115, 3, '2:00 PM', 1),
(3507, 115, 3, '3:00 PM', 1),
(3508, 115, 3, '4:00 PM', 1),
(3509, 115, 3, '5:00 PM', 1),
(3510, 115, 3, '6:00 PM', 1),
(3511, 115, 3, '7:00 PM', 1),
(3512, 115, 1, '7:00 AM', 1),
(3513, 115, 1, '8:00 AM', 1),
(3514, 115, 1, '9:00 AM', 1),
(3515, 115, 1, '10:00 AM', 1),
(3516, 115, 1, '11:00 AM', 1),
(3517, 115, 1, '12:00 PM', 1),
(3518, 115, 1, '1:00 PM', 1),
(3519, 115, 1, '2:00 PM', 1),
(3520, 115, 1, '3:00 PM', 1),
(3521, 115, 1, '4:00 PM', 1),
(3522, 115, 1, '5:00 PM', 1),
(3523, 115, 1, '6:00 PM', 1),
(3524, 115, 1, '7:00 PM', 1),
(3525, 115, 6, '7:00 AM', 1),
(3526, 115, 6, '8:00 AM', 1),
(3527, 115, 6, '9:00 AM', 1),
(3528, 115, 6, '10:00 AM', 1),
(3529, 115, 6, '11:00 AM', 1),
(3530, 115, 6, '12:00 PM', 1),
(3531, 115, 6, '1:00 PM', 1),
(3532, 115, 6, '2:00 PM', 1),
(3533, 115, 6, '3:00 PM', 1),
(3534, 115, 6, '4:00 PM', 1),
(3535, 115, 6, '5:00 PM', 1),
(3536, 115, 6, '6:00 PM', 1),
(3537, 115, 6, '7:00 PM', 1),
(3538, 115, 7, '7:00 AM', 1),
(3539, 115, 7, '8:00 AM', 1),
(3540, 115, 7, '9:00 AM', 1),
(3541, 115, 7, '10:00 AM', 1),
(3542, 115, 7, '11:00 AM', 1),
(3543, 115, 7, '12:00 PM', 1),
(3544, 115, 7, '1:00 PM', 1),
(3545, 115, 7, '2:00 PM', 1),
(3546, 115, 7, '3:00 PM', 1),
(3547, 115, 7, '4:00 PM', 1),
(3548, 115, 7, '5:00 PM', 1),
(3549, 115, 7, '6:00 PM', 1),
(3550, 115, 7, '7:00 PM', 1),
(3551, 116, 1, '8:00 AM', 1),
(3552, 116, 1, '9:00 AM', 1),
(3553, 116, 1, '10:00 AM', 1),
(3554, 116, 1, '11:00 AM', 1),
(3555, 116, 1, '12:00 PM', 1),
(3556, 116, 1, '1:00 PM', 1),
(3557, 116, 1, '2:00 PM', 1),
(3558, 116, 1, '3:00 PM', 1),
(3559, 116, 6, '8:00 AM', 1),
(3560, 116, 6, '9:00 AM', 1),
(3561, 116, 6, '10:00 AM', 1),
(3562, 116, 6, '11:00 AM', 1),
(3563, 116, 6, '12:00 PM', 1),
(3564, 116, 6, '1:00 PM', 1),
(3565, 116, 6, '2:00 PM', 1),
(3566, 116, 6, '3:00 PM', 1),
(3567, 117, 2, '12:00 PM', 1),
(3568, 117, 2, '1:00 PM', 1),
(3569, 117, 2, '2:00 PM', 1),
(3570, 117, 2, '3:00 PM', 1),
(3571, 117, 2, '4:00 PM', 1),
(3572, 117, 2, '5:00 PM', 1),
(3573, 117, 2, '6:00 PM', 1),
(3574, 117, 2, '7:00 PM', 1),
(3575, 117, 6, '12:00 PM', 1),
(3576, 117, 6, '1:00 PM', 1),
(3577, 117, 6, '2:00 PM', 1),
(3578, 117, 6, '3:00 PM', 1),
(3579, 117, 6, '4:00 PM', 1),
(3580, 117, 6, '5:00 PM', 1),
(3581, 117, 6, '6:00 PM', 1),
(3582, 117, 6, '7:00 PM', 1),
(3583, 117, 7, '12:00 PM', 1),
(3584, 117, 7, '1:00 PM', 1),
(3585, 117, 7, '2:00 PM', 1),
(3586, 117, 7, '3:00 PM', 1),
(3587, 117, 7, '4:00 PM', 1),
(3588, 117, 7, '5:00 PM', 1),
(3589, 117, 7, '6:00 PM', 1),
(3590, 117, 7, '7:00 PM', 1),
(3591, 117, 5, '12:00 PM', 1),
(3592, 117, 5, '1:00 PM', 1),
(3593, 117, 5, '2:00 PM', 1),
(3594, 117, 5, '3:00 PM', 1),
(3595, 117, 5, '4:00 PM', 1),
(3596, 117, 5, '5:00 PM', 1),
(3597, 117, 5, '6:00 PM', 1),
(3598, 117, 5, '7:00 PM', 1),
(3599, 117, 3, '12:00 PM', 1),
(3600, 117, 3, '1:00 PM', 1),
(3601, 117, 3, '2:00 PM', 1),
(3602, 117, 3, '3:00 PM', 1),
(3603, 117, 3, '4:00 PM', 1),
(3604, 117, 3, '5:00 PM', 1),
(3605, 117, 3, '6:00 PM', 1),
(3606, 117, 3, '7:00 PM', 1),
(3607, 118, 4, '7:00 AM', 1),
(3608, 118, 4, '8:00 AM', 1),
(3609, 118, 4, '9:00 AM', 1),
(3610, 118, 4, '10:00 AM', 1),
(3611, 118, 4, '11:00 AM', 1),
(3612, 118, 4, '12:00 PM', 1),
(3613, 118, 5, '7:00 AM', 1),
(3614, 118, 5, '8:00 AM', 1),
(3615, 118, 5, '9:00 AM', 1),
(3616, 118, 5, '10:00 AM', 1),
(3617, 118, 5, '11:00 AM', 1),
(3618, 118, 5, '12:00 PM', 1),
(3619, 118, 6, '7:00 AM', 1),
(3620, 118, 6, '8:00 AM', 1),
(3621, 118, 6, '9:00 AM', 1),
(3622, 118, 6, '10:00 AM', 1),
(3623, 118, 6, '11:00 AM', 1),
(3624, 118, 6, '12:00 PM', 1),
(3625, 118, 2, '7:00 AM', 1),
(3626, 118, 2, '8:00 AM', 1),
(3627, 118, 2, '9:00 AM', 1),
(3628, 118, 2, '10:00 AM', 1),
(3629, 118, 2, '11:00 AM', 1),
(3630, 118, 2, '12:00 PM', 1),
(3631, 118, 7, '7:00 AM', 1),
(3632, 118, 7, '8:00 AM', 1),
(3633, 118, 7, '9:00 AM', 1),
(3634, 118, 7, '10:00 AM', 1),
(3635, 118, 7, '11:00 AM', 1),
(3636, 118, 7, '12:00 PM', 1),
(3637, 119, 1, '6:00 AM', 1),
(3638, 119, 1, '7:00 AM', 1),
(3639, 119, 1, '8:00 AM', 1),
(3640, 119, 1, '9:00 AM', 1),
(3641, 119, 1, '10:00 AM', 1),
(3642, 119, 1, '11:00 AM', 1),
(3643, 119, 1, '12:00 PM', 1),
(3644, 119, 1, '1:00 PM', 1),
(3645, 119, 1, '2:00 PM', 1),
(3646, 119, 1, '3:00 PM', 1),
(3647, 119, 5, '6:00 AM', 1),
(3648, 119, 5, '7:00 AM', 1),
(3649, 119, 5, '8:00 AM', 1),
(3650, 119, 5, '9:00 AM', 1),
(3651, 119, 5, '10:00 AM', 1),
(3652, 119, 5, '11:00 AM', 1),
(3653, 119, 5, '12:00 PM', 1),
(3654, 119, 5, '1:00 PM', 1),
(3655, 119, 5, '2:00 PM', 1),
(3656, 119, 5, '3:00 PM', 1),
(3657, 120, 4, '11:00 AM', 1),
(3658, 120, 4, '12:00 PM', 1),
(3659, 120, 4, '1:00 PM', 1),
(3660, 120, 4, '2:00 PM', 1),
(3661, 120, 4, '3:00 PM', 1),
(3662, 120, 4, '4:00 PM', 1),
(3663, 120, 4, '5:00 PM', 1),
(3664, 120, 4, '6:00 PM', 1),
(3665, 120, 4, '7:00 PM', 1),
(3666, 120, 4, '8:00 PM', 1),
(3667, 120, 4, '9:00 PM', 1),
(3668, 120, 7, '11:00 AM', 1),
(3669, 120, 7, '12:00 PM', 1),
(3670, 120, 7, '1:00 PM', 1),
(3671, 120, 7, '2:00 PM', 1),
(3672, 120, 7, '3:00 PM', 1),
(3673, 120, 7, '4:00 PM', 1),
(3674, 120, 7, '5:00 PM', 1),
(3675, 120, 7, '6:00 PM', 1),
(3676, 120, 7, '7:00 PM', 1),
(3677, 120, 7, '8:00 PM', 1),
(3678, 120, 7, '9:00 PM', 1),
(3679, 121, 5, '9:00 AM', 1),
(3680, 121, 5, '10:00 AM', 1),
(3681, 121, 5, '11:00 AM', 1);
INSERT INTO `dates` (`id`, `expert_id`, `day_id`, `time`, `available`) VALUES
(3682, 121, 5, '12:00 PM', 1),
(3683, 121, 5, '1:00 PM', 1),
(3684, 121, 5, '2:00 PM', 1),
(3685, 121, 5, '3:00 PM', 1),
(3686, 121, 5, '4:00 PM', 1),
(3687, 121, 5, '5:00 PM', 1),
(3688, 121, 5, '6:00 PM', 1),
(3689, 121, 7, '9:00 AM', 1),
(3690, 121, 7, '10:00 AM', 1),
(3691, 121, 7, '11:00 AM', 1),
(3692, 121, 7, '12:00 PM', 1),
(3693, 121, 7, '1:00 PM', 1),
(3694, 121, 7, '2:00 PM', 1),
(3695, 121, 7, '3:00 PM', 1),
(3696, 121, 7, '4:00 PM', 1),
(3697, 121, 7, '5:00 PM', 1),
(3698, 121, 7, '6:00 PM', 1),
(3699, 121, 2, '9:00 AM', 1),
(3700, 121, 2, '10:00 AM', 1),
(3701, 121, 2, '11:00 AM', 1),
(3702, 121, 2, '12:00 PM', 1),
(3703, 121, 2, '1:00 PM', 1),
(3704, 121, 2, '2:00 PM', 1),
(3705, 121, 2, '3:00 PM', 1),
(3706, 121, 2, '4:00 PM', 1),
(3707, 121, 2, '5:00 PM', 1),
(3708, 121, 2, '6:00 PM', 1),
(3709, 121, 1, '9:00 AM', 1),
(3710, 121, 1, '10:00 AM', 1),
(3711, 121, 1, '11:00 AM', 1),
(3712, 121, 1, '12:00 PM', 1),
(3713, 121, 1, '1:00 PM', 1),
(3714, 121, 1, '2:00 PM', 1),
(3715, 121, 1, '3:00 PM', 1),
(3716, 121, 1, '4:00 PM', 1),
(3717, 121, 1, '5:00 PM', 1),
(3718, 121, 1, '6:00 PM', 1),
(3719, 121, 6, '9:00 AM', 1),
(3720, 121, 6, '10:00 AM', 1),
(3721, 121, 6, '11:00 AM', 1),
(3722, 121, 6, '12:00 PM', 1),
(3723, 121, 6, '1:00 PM', 1),
(3724, 121, 6, '2:00 PM', 1),
(3725, 121, 6, '3:00 PM', 1),
(3726, 121, 6, '4:00 PM', 1),
(3727, 121, 6, '5:00 PM', 1),
(3728, 121, 6, '6:00 PM', 1),
(3729, 122, 5, '10:00 AM', 1),
(3730, 122, 5, '11:00 AM', 1),
(3731, 122, 5, '12:00 PM', 1),
(3732, 122, 5, '1:00 PM', 1),
(3733, 122, 5, '2:00 PM', 1),
(3734, 122, 5, '3:00 PM', 1),
(3735, 122, 5, '4:00 PM', 1),
(3736, 122, 5, '5:00 PM', 1),
(3737, 122, 5, '6:00 PM', 1),
(3738, 122, 5, '7:00 PM', 1),
(3739, 122, 1, '10:00 AM', 1),
(3740, 122, 1, '11:00 AM', 1),
(3741, 122, 1, '12:00 PM', 1),
(3742, 122, 1, '1:00 PM', 1),
(3743, 122, 1, '2:00 PM', 1),
(3744, 122, 1, '3:00 PM', 1),
(3745, 122, 1, '4:00 PM', 1),
(3746, 122, 1, '5:00 PM', 1),
(3747, 122, 1, '6:00 PM', 1),
(3748, 122, 1, '7:00 PM', 1),
(3749, 122, 4, '10:00 AM', 1),
(3750, 122, 4, '11:00 AM', 1),
(3751, 122, 4, '12:00 PM', 1),
(3752, 122, 4, '1:00 PM', 1),
(3753, 122, 4, '2:00 PM', 1),
(3754, 122, 4, '3:00 PM', 1),
(3755, 122, 4, '4:00 PM', 1),
(3756, 122, 4, '5:00 PM', 1),
(3757, 122, 4, '6:00 PM', 1),
(3758, 122, 4, '7:00 PM', 1),
(3759, 122, 3, '10:00 AM', 1),
(3760, 122, 3, '11:00 AM', 1),
(3761, 122, 3, '12:00 PM', 1),
(3762, 122, 3, '1:00 PM', 1),
(3763, 122, 3, '2:00 PM', 1),
(3764, 122, 3, '3:00 PM', 1),
(3765, 122, 3, '4:00 PM', 1),
(3766, 122, 3, '5:00 PM', 1),
(3767, 122, 3, '6:00 PM', 1),
(3768, 122, 3, '7:00 PM', 1),
(3769, 123, 6, '8:00 AM', 1),
(3770, 123, 6, '9:00 AM', 1),
(3771, 123, 6, '10:00 AM', 1),
(3772, 123, 6, '11:00 AM', 1),
(3773, 123, 6, '12:00 PM', 1),
(3774, 123, 6, '1:00 PM', 1),
(3775, 123, 6, '2:00 PM', 1),
(3776, 123, 6, '3:00 PM', 1),
(3777, 123, 1, '8:00 AM', 1),
(3778, 123, 1, '9:00 AM', 1),
(3779, 123, 1, '10:00 AM', 1),
(3780, 123, 1, '11:00 AM', 1),
(3781, 123, 1, '12:00 PM', 1),
(3782, 123, 1, '1:00 PM', 1),
(3783, 123, 1, '2:00 PM', 1),
(3784, 123, 1, '3:00 PM', 1),
(3785, 123, 3, '8:00 AM', 1),
(3786, 123, 3, '9:00 AM', 1),
(3787, 123, 3, '10:00 AM', 1),
(3788, 123, 3, '11:00 AM', 1),
(3789, 123, 3, '12:00 PM', 1),
(3790, 123, 3, '1:00 PM', 1),
(3791, 123, 3, '2:00 PM', 1),
(3792, 123, 3, '3:00 PM', 1),
(3793, 123, 4, '8:00 AM', 1),
(3794, 123, 4, '9:00 AM', 1),
(3795, 123, 4, '10:00 AM', 1),
(3796, 123, 4, '11:00 AM', 1),
(3797, 123, 4, '12:00 PM', 1),
(3798, 123, 4, '1:00 PM', 1),
(3799, 123, 4, '2:00 PM', 1),
(3800, 123, 4, '3:00 PM', 1),
(3801, 123, 5, '8:00 AM', 1),
(3802, 123, 5, '9:00 AM', 1),
(3803, 123, 5, '10:00 AM', 1),
(3804, 123, 5, '11:00 AM', 1),
(3805, 123, 5, '12:00 PM', 1),
(3806, 123, 5, '1:00 PM', 1),
(3807, 123, 5, '2:00 PM', 1),
(3808, 123, 5, '3:00 PM', 1),
(3809, 124, 6, '8:00 AM', 1),
(3810, 124, 6, '9:00 AM', 1),
(3811, 124, 6, '10:00 AM', 1),
(3812, 124, 6, '11:00 AM', 1),
(3813, 124, 6, '12:00 PM', 1),
(3814, 124, 6, '1:00 PM', 1),
(3815, 124, 6, '2:00 PM', 1),
(3816, 124, 6, '3:00 PM', 1),
(3817, 124, 6, '4:00 PM', 1),
(3818, 124, 6, '5:00 PM', 1),
(3819, 124, 7, '8:00 AM', 1),
(3820, 124, 7, '9:00 AM', 1),
(3821, 124, 7, '10:00 AM', 1),
(3822, 124, 7, '11:00 AM', 1),
(3823, 124, 7, '12:00 PM', 1),
(3824, 124, 7, '1:00 PM', 1),
(3825, 124, 7, '2:00 PM', 1),
(3826, 124, 7, '3:00 PM', 1),
(3827, 124, 7, '4:00 PM', 1),
(3828, 124, 7, '5:00 PM', 1),
(3829, 125, 7, '8:00 AM', 1),
(3830, 125, 7, '9:00 AM', 1),
(3831, 125, 7, '10:00 AM', 1),
(3832, 125, 7, '11:00 AM', 1),
(3833, 125, 7, '12:00 PM', 1),
(3834, 125, 4, '8:00 AM', 1),
(3835, 125, 4, '9:00 AM', 1),
(3836, 125, 4, '10:00 AM', 1),
(3837, 125, 4, '11:00 AM', 1),
(3838, 125, 4, '12:00 PM', 1),
(3839, 125, 5, '8:00 AM', 1),
(3840, 125, 5, '9:00 AM', 1),
(3841, 125, 5, '10:00 AM', 1),
(3842, 125, 5, '11:00 AM', 1),
(3843, 125, 5, '12:00 PM', 1),
(3844, 125, 1, '8:00 AM', 1),
(3845, 125, 1, '9:00 AM', 1),
(3846, 125, 1, '10:00 AM', 1),
(3847, 125, 1, '11:00 AM', 1),
(3848, 125, 1, '12:00 PM', 1),
(3849, 126, 5, '12:00 PM', 1),
(3850, 126, 5, '1:00 PM', 1),
(3851, 126, 5, '2:00 PM', 1),
(3852, 126, 1, '12:00 PM', 1),
(3853, 126, 1, '1:00 PM', 1),
(3854, 126, 1, '2:00 PM', 1),
(3855, 126, 6, '12:00 PM', 1),
(3856, 126, 6, '1:00 PM', 1),
(3857, 126, 6, '2:00 PM', 1),
(3858, 126, 7, '12:00 PM', 1),
(3859, 126, 7, '1:00 PM', 1),
(3860, 126, 7, '2:00 PM', 1),
(3861, 126, 3, '12:00 PM', 1),
(3862, 126, 3, '1:00 PM', 1),
(3863, 126, 3, '2:00 PM', 1),
(3864, 127, 2, '6:00 AM', 1),
(3865, 127, 2, '7:00 AM', 1),
(3866, 127, 2, '8:00 AM', 1),
(3867, 127, 2, '9:00 AM', 1),
(3868, 127, 2, '10:00 AM', 1),
(3869, 127, 2, '11:00 AM', 1),
(3870, 127, 2, '12:00 PM', 1),
(3871, 127, 2, '1:00 PM', 1),
(3872, 127, 3, '6:00 AM', 1),
(3873, 127, 3, '7:00 AM', 1),
(3874, 127, 3, '8:00 AM', 1),
(3875, 127, 3, '9:00 AM', 1),
(3876, 127, 3, '10:00 AM', 1),
(3877, 127, 3, '11:00 AM', 1),
(3878, 127, 3, '12:00 PM', 1),
(3879, 127, 3, '1:00 PM', 1),
(3880, 127, 6, '6:00 AM', 1),
(3881, 127, 6, '7:00 AM', 1),
(3882, 127, 6, '8:00 AM', 1),
(3883, 127, 6, '9:00 AM', 1),
(3884, 127, 6, '10:00 AM', 1),
(3885, 127, 6, '11:00 AM', 1),
(3886, 127, 6, '12:00 PM', 1),
(3887, 127, 6, '1:00 PM', 1),
(3888, 128, 7, '6:00 AM', 1),
(3889, 128, 7, '7:00 AM', 1),
(3890, 128, 7, '8:00 AM', 1),
(3891, 128, 7, '9:00 AM', 1),
(3892, 128, 7, '10:00 AM', 1),
(3893, 128, 7, '11:00 AM', 1),
(3894, 128, 7, '12:00 PM', 1),
(3895, 128, 4, '6:00 AM', 1),
(3896, 128, 4, '7:00 AM', 1),
(3897, 128, 4, '8:00 AM', 1),
(3898, 128, 4, '9:00 AM', 1),
(3899, 128, 4, '10:00 AM', 1),
(3900, 128, 4, '11:00 AM', 1),
(3901, 128, 4, '12:00 PM', 1),
(3902, 128, 6, '6:00 AM', 1),
(3903, 128, 6, '7:00 AM', 1),
(3904, 128, 6, '8:00 AM', 1),
(3905, 128, 6, '9:00 AM', 1),
(3906, 128, 6, '10:00 AM', 1),
(3907, 128, 6, '11:00 AM', 1),
(3908, 128, 6, '12:00 PM', 1),
(3909, 129, 2, '11:00 AM', 1),
(3910, 129, 2, '12:00 PM', 1),
(3911, 129, 2, '1:00 PM', 1),
(3912, 129, 4, '11:00 AM', 1),
(3913, 129, 4, '12:00 PM', 1),
(3914, 129, 4, '1:00 PM', 1),
(3915, 129, 3, '11:00 AM', 1),
(3916, 129, 3, '12:00 PM', 1),
(3917, 129, 3, '1:00 PM', 1),
(3918, 129, 1, '11:00 AM', 1),
(3919, 129, 1, '12:00 PM', 1),
(3920, 129, 1, '1:00 PM', 1),
(3921, 130, 5, '6:00 AM', 1),
(3922, 130, 5, '7:00 AM', 1),
(3923, 130, 5, '8:00 AM', 1),
(3924, 130, 5, '9:00 AM', 1),
(3925, 130, 5, '10:00 AM', 1),
(3926, 130, 5, '11:00 AM', 1),
(3927, 130, 5, '12:00 PM', 1),
(3928, 130, 5, '1:00 PM', 1),
(3929, 130, 5, '2:00 PM', 1),
(3930, 130, 5, '3:00 PM', 1),
(3931, 130, 5, '4:00 PM', 1),
(3932, 130, 5, '5:00 PM', 1),
(3933, 130, 5, '6:00 PM', 1),
(3934, 130, 5, '7:00 PM', 1),
(3935, 130, 3, '6:00 AM', 1),
(3936, 130, 3, '7:00 AM', 1),
(3937, 130, 3, '8:00 AM', 1),
(3938, 130, 3, '9:00 AM', 1),
(3939, 130, 3, '10:00 AM', 1),
(3940, 130, 3, '11:00 AM', 1),
(3941, 130, 3, '12:00 PM', 1),
(3942, 130, 3, '1:00 PM', 1),
(3943, 130, 3, '2:00 PM', 1),
(3944, 130, 3, '3:00 PM', 1),
(3945, 130, 3, '4:00 PM', 1),
(3946, 130, 3, '5:00 PM', 1),
(3947, 130, 3, '6:00 PM', 1),
(3948, 130, 3, '7:00 PM', 1),
(3949, 130, 6, '6:00 AM', 1),
(3950, 130, 6, '7:00 AM', 1),
(3951, 130, 6, '8:00 AM', 1),
(3952, 130, 6, '9:00 AM', 1),
(3953, 130, 6, '10:00 AM', 1),
(3954, 130, 6, '11:00 AM', 1),
(3955, 130, 6, '12:00 PM', 1),
(3956, 130, 6, '1:00 PM', 1),
(3957, 130, 6, '2:00 PM', 1),
(3958, 130, 6, '3:00 PM', 1),
(3959, 130, 6, '4:00 PM', 1),
(3960, 130, 6, '5:00 PM', 1),
(3961, 130, 6, '6:00 PM', 1),
(3962, 130, 6, '7:00 PM', 1),
(3963, 130, 7, '6:00 AM', 1),
(3964, 130, 7, '7:00 AM', 1),
(3965, 130, 7, '8:00 AM', 1),
(3966, 130, 7, '9:00 AM', 1),
(3967, 130, 7, '10:00 AM', 1),
(3968, 130, 7, '11:00 AM', 1),
(3969, 130, 7, '12:00 PM', 1),
(3970, 130, 7, '1:00 PM', 1),
(3971, 130, 7, '2:00 PM', 1),
(3972, 130, 7, '3:00 PM', 1),
(3973, 130, 7, '4:00 PM', 1),
(3974, 130, 7, '5:00 PM', 1),
(3975, 130, 7, '6:00 PM', 1),
(3976, 130, 7, '7:00 PM', 1),
(3977, 130, 2, '6:00 AM', 1),
(3978, 130, 2, '7:00 AM', 1),
(3979, 130, 2, '8:00 AM', 1),
(3980, 130, 2, '9:00 AM', 1),
(3981, 130, 2, '10:00 AM', 1),
(3982, 130, 2, '11:00 AM', 1),
(3983, 130, 2, '12:00 PM', 1),
(3984, 130, 2, '1:00 PM', 1),
(3985, 130, 2, '2:00 PM', 1),
(3986, 130, 2, '3:00 PM', 1),
(3987, 130, 2, '4:00 PM', 1),
(3988, 130, 2, '5:00 PM', 1),
(3989, 130, 2, '6:00 PM', 1),
(3990, 130, 2, '7:00 PM', 1),
(3991, 131, 4, '9:00 AM', 1),
(3992, 131, 4, '10:00 AM', 1),
(3993, 131, 4, '11:00 AM', 1),
(3994, 131, 4, '12:00 PM', 1),
(3995, 131, 4, '1:00 PM', 1),
(3996, 131, 4, '2:00 PM', 1),
(3997, 131, 4, '3:00 PM', 1),
(3998, 131, 4, '4:00 PM', 1),
(3999, 131, 4, '5:00 PM', 1),
(4000, 131, 4, '6:00 PM', 1),
(4001, 131, 2, '9:00 AM', 1),
(4002, 131, 2, '10:00 AM', 1),
(4003, 131, 2, '11:00 AM', 1),
(4004, 131, 2, '12:00 PM', 1),
(4005, 131, 2, '1:00 PM', 1),
(4006, 131, 2, '2:00 PM', 1),
(4007, 131, 2, '3:00 PM', 1),
(4008, 131, 2, '4:00 PM', 1),
(4009, 131, 2, '5:00 PM', 1),
(4010, 131, 2, '6:00 PM', 1),
(4011, 131, 7, '9:00 AM', 1),
(4012, 131, 7, '10:00 AM', 1),
(4013, 131, 7, '11:00 AM', 1),
(4014, 131, 7, '12:00 PM', 1),
(4015, 131, 7, '1:00 PM', 1),
(4016, 131, 7, '2:00 PM', 1),
(4017, 131, 7, '3:00 PM', 1),
(4018, 131, 7, '4:00 PM', 1),
(4019, 131, 7, '5:00 PM', 1),
(4020, 131, 7, '6:00 PM', 1),
(4021, 132, 1, '8:00 AM', 1),
(4022, 132, 1, '9:00 AM', 1),
(4023, 132, 1, '10:00 AM', 1),
(4024, 132, 1, '11:00 AM', 1),
(4025, 132, 1, '12:00 PM', 1),
(4026, 132, 1, '1:00 PM', 1),
(4027, 132, 1, '2:00 PM', 1),
(4028, 132, 1, '3:00 PM', 1),
(4029, 132, 1, '4:00 PM', 1),
(4030, 132, 1, '5:00 PM', 1),
(4031, 132, 2, '8:00 AM', 1),
(4032, 132, 2, '9:00 AM', 1),
(4033, 132, 2, '10:00 AM', 1),
(4034, 132, 2, '11:00 AM', 1),
(4035, 132, 2, '12:00 PM', 1),
(4036, 132, 2, '1:00 PM', 1),
(4037, 132, 2, '2:00 PM', 1),
(4038, 132, 2, '3:00 PM', 1),
(4039, 132, 2, '4:00 PM', 1),
(4040, 132, 2, '5:00 PM', 1),
(4041, 133, 1, '8:00 AM', 1),
(4042, 133, 1, '9:00 AM', 1),
(4043, 133, 1, '10:00 AM', 1),
(4044, 133, 1, '11:00 AM', 1),
(4045, 133, 1, '12:00 PM', 1),
(4046, 133, 1, '1:00 PM', 1),
(4047, 133, 1, '2:00 PM', 1),
(4048, 133, 1, '3:00 PM', 1),
(4049, 133, 1, '4:00 PM', 1),
(4050, 133, 1, '5:00 PM', 1),
(4051, 133, 1, '6:00 PM', 1),
(4052, 133, 3, '8:00 AM', 1),
(4053, 133, 3, '9:00 AM', 1),
(4054, 133, 3, '10:00 AM', 1),
(4055, 133, 3, '11:00 AM', 1),
(4056, 133, 3, '12:00 PM', 1),
(4057, 133, 3, '1:00 PM', 1),
(4058, 133, 3, '2:00 PM', 1),
(4059, 133, 3, '3:00 PM', 1),
(4060, 133, 3, '4:00 PM', 1),
(4061, 133, 3, '5:00 PM', 1),
(4062, 133, 3, '6:00 PM', 1),
(4063, 133, 4, '8:00 AM', 1),
(4064, 133, 4, '9:00 AM', 1),
(4065, 133, 4, '10:00 AM', 1),
(4066, 133, 4, '11:00 AM', 1),
(4067, 133, 4, '12:00 PM', 1),
(4068, 133, 4, '1:00 PM', 1),
(4069, 133, 4, '2:00 PM', 1),
(4070, 133, 4, '3:00 PM', 1),
(4071, 133, 4, '4:00 PM', 1),
(4072, 133, 4, '5:00 PM', 1),
(4073, 133, 4, '6:00 PM', 1),
(4074, 134, 1, '9:00 AM', 1),
(4075, 134, 1, '10:00 AM', 1),
(4076, 134, 1, '11:00 AM', 1),
(4077, 134, 1, '12:00 PM', 1),
(4078, 134, 1, '1:00 PM', 1),
(4079, 134, 6, '9:00 AM', 1),
(4080, 134, 6, '10:00 AM', 1),
(4081, 134, 6, '11:00 AM', 1),
(4082, 134, 6, '12:00 PM', 1),
(4083, 134, 6, '1:00 PM', 1),
(4084, 134, 7, '9:00 AM', 1),
(4085, 134, 7, '10:00 AM', 1),
(4086, 134, 7, '11:00 AM', 1),
(4087, 134, 7, '12:00 PM', 1),
(4088, 134, 7, '1:00 PM', 1),
(4089, 135, 1, '6:00 AM', 1),
(4090, 135, 1, '7:00 AM', 1),
(4091, 135, 1, '8:00 AM', 1),
(4092, 135, 1, '9:00 AM', 1),
(4093, 135, 1, '10:00 AM', 1),
(4094, 135, 1, '11:00 AM', 1),
(4095, 135, 1, '12:00 PM', 1),
(4096, 135, 1, '1:00 PM', 1),
(4097, 135, 1, '2:00 PM', 1),
(4098, 135, 1, '3:00 PM', 1),
(4099, 135, 1, '4:00 PM', 1),
(4100, 135, 1, '5:00 PM', 1),
(4101, 135, 1, '6:00 PM', 1),
(4102, 135, 1, '7:00 PM', 1),
(4103, 135, 1, '8:00 PM', 1),
(4104, 135, 1, '9:00 PM', 1),
(4105, 135, 4, '6:00 AM', 1),
(4106, 135, 4, '7:00 AM', 1),
(4107, 135, 4, '8:00 AM', 1),
(4108, 135, 4, '9:00 AM', 1),
(4109, 135, 4, '10:00 AM', 1),
(4110, 135, 4, '11:00 AM', 1),
(4111, 135, 4, '12:00 PM', 1),
(4112, 135, 4, '1:00 PM', 1),
(4113, 135, 4, '2:00 PM', 1),
(4114, 135, 4, '3:00 PM', 1),
(4115, 135, 4, '4:00 PM', 1),
(4116, 135, 4, '5:00 PM', 1),
(4117, 135, 4, '6:00 PM', 1),
(4118, 135, 4, '7:00 PM', 1),
(4119, 135, 4, '8:00 PM', 1),
(4120, 135, 4, '9:00 PM', 1),
(4121, 136, 7, '9:00 AM', 1),
(4122, 136, 7, '10:00 AM', 1),
(4123, 136, 7, '11:00 AM', 1),
(4124, 136, 7, '12:00 PM', 1),
(4125, 136, 7, '1:00 PM', 1),
(4126, 136, 7, '2:00 PM', 1),
(4127, 136, 7, '3:00 PM', 1),
(4128, 136, 7, '4:00 PM', 1),
(4129, 136, 7, '5:00 PM', 1),
(4130, 136, 3, '9:00 AM', 1),
(4131, 136, 3, '10:00 AM', 1),
(4132, 136, 3, '11:00 AM', 1),
(4133, 136, 3, '12:00 PM', 1),
(4134, 136, 3, '1:00 PM', 1),
(4135, 136, 3, '2:00 PM', 1),
(4136, 136, 3, '3:00 PM', 1),
(4137, 136, 3, '4:00 PM', 1),
(4138, 136, 3, '5:00 PM', 1),
(4139, 137, 2, '9:00 AM', 1),
(4140, 137, 2, '10:00 AM', 1),
(4141, 137, 2, '11:00 AM', 1),
(4142, 137, 2, '12:00 PM', 1),
(4143, 137, 2, '1:00 PM', 1),
(4144, 137, 1, '9:00 AM', 1),
(4145, 137, 1, '10:00 AM', 1),
(4146, 137, 1, '11:00 AM', 1),
(4147, 137, 1, '12:00 PM', 1),
(4148, 137, 1, '1:00 PM', 1),
(4149, 137, 6, '9:00 AM', 1),
(4150, 137, 6, '10:00 AM', 1),
(4151, 137, 6, '11:00 AM', 1),
(4152, 137, 6, '12:00 PM', 1),
(4153, 137, 6, '1:00 PM', 1),
(4154, 138, 2, '8:00 AM', 1),
(4155, 138, 2, '9:00 AM', 1),
(4156, 138, 2, '10:00 AM', 1),
(4157, 138, 2, '11:00 AM', 1),
(4158, 138, 2, '12:00 PM', 1),
(4159, 138, 2, '1:00 PM', 1),
(4160, 138, 2, '2:00 PM', 1),
(4161, 138, 2, '3:00 PM', 1),
(4162, 138, 4, '8:00 AM', 1),
(4163, 138, 4, '9:00 AM', 1),
(4164, 138, 4, '10:00 AM', 1),
(4165, 138, 4, '11:00 AM', 1),
(4166, 138, 4, '12:00 PM', 1),
(4167, 138, 4, '1:00 PM', 1),
(4168, 138, 4, '2:00 PM', 1),
(4169, 138, 4, '3:00 PM', 1),
(4170, 138, 6, '8:00 AM', 1),
(4171, 138, 6, '9:00 AM', 1),
(4172, 138, 6, '10:00 AM', 1),
(4173, 138, 6, '11:00 AM', 1),
(4174, 138, 6, '12:00 PM', 1),
(4175, 138, 6, '1:00 PM', 1),
(4176, 138, 6, '2:00 PM', 1),
(4177, 138, 6, '3:00 PM', 1),
(4178, 138, 1, '8:00 AM', 1),
(4179, 138, 1, '9:00 AM', 1),
(4180, 138, 1, '10:00 AM', 1),
(4181, 138, 1, '11:00 AM', 1),
(4182, 138, 1, '12:00 PM', 1),
(4183, 138, 1, '1:00 PM', 1),
(4184, 138, 1, '2:00 PM', 1),
(4185, 138, 1, '3:00 PM', 1),
(4186, 139, 1, '9:00 AM', 1),
(4187, 139, 1, '10:00 AM', 1),
(4188, 139, 1, '11:00 AM', 1),
(4189, 139, 1, '12:00 PM', 1),
(4190, 139, 1, '1:00 PM', 1),
(4191, 139, 1, '2:00 PM', 1),
(4192, 139, 1, '3:00 PM', 1),
(4193, 139, 6, '9:00 AM', 1),
(4194, 139, 6, '10:00 AM', 1),
(4195, 139, 6, '11:00 AM', 1),
(4196, 139, 6, '12:00 PM', 1),
(4197, 139, 6, '1:00 PM', 1),
(4198, 139, 6, '2:00 PM', 1),
(4199, 139, 6, '3:00 PM', 1),
(4200, 139, 7, '9:00 AM', 1),
(4201, 139, 7, '10:00 AM', 1),
(4202, 139, 7, '11:00 AM', 1),
(4203, 139, 7, '12:00 PM', 1),
(4204, 139, 7, '1:00 PM', 1),
(4205, 139, 7, '2:00 PM', 1),
(4206, 139, 7, '3:00 PM', 1),
(4207, 140, 6, '10:00 AM', 1),
(4208, 140, 6, '11:00 AM', 1),
(4209, 140, 6, '12:00 PM', 1),
(4210, 140, 4, '10:00 AM', 1),
(4211, 140, 4, '11:00 AM', 1),
(4212, 140, 4, '12:00 PM', 1),
(4213, 141, 4, '10:00 AM', 1),
(4214, 141, 4, '11:00 AM', 1),
(4215, 141, 4, '12:00 PM', 1),
(4216, 141, 3, '10:00 AM', 1),
(4217, 141, 3, '11:00 AM', 1),
(4218, 141, 3, '12:00 PM', 1),
(4219, 141, 5, '10:00 AM', 1),
(4220, 141, 5, '11:00 AM', 1),
(4221, 141, 5, '12:00 PM', 1),
(4222, 142, 1, '12:00 PM', 1),
(4223, 142, 1, '1:00 PM', 1),
(4224, 142, 1, '2:00 PM', 1),
(4225, 142, 1, '3:00 PM', 1),
(4226, 142, 5, '12:00 PM', 1),
(4227, 142, 5, '1:00 PM', 1),
(4228, 142, 5, '2:00 PM', 1),
(4229, 142, 5, '3:00 PM', 1),
(4230, 142, 6, '12:00 PM', 1),
(4231, 142, 6, '1:00 PM', 1),
(4232, 142, 6, '2:00 PM', 1),
(4233, 142, 6, '3:00 PM', 1),
(4234, 143, 6, '8:00 AM', 1),
(4235, 143, 6, '9:00 AM', 1),
(4236, 143, 6, '10:00 AM', 1),
(4237, 143, 6, '11:00 AM', 1),
(4238, 143, 6, '12:00 PM', 1),
(4239, 143, 6, '1:00 PM', 1),
(4240, 143, 6, '2:00 PM', 1),
(4241, 143, 6, '3:00 PM', 1),
(4242, 143, 6, '4:00 PM', 1),
(4243, 143, 6, '5:00 PM', 1),
(4244, 143, 6, '6:00 PM', 1),
(4245, 143, 6, '7:00 PM', 1),
(4246, 143, 6, '8:00 PM', 1),
(4247, 143, 6, '9:00 PM', 1),
(4248, 143, 1, '8:00 AM', 1),
(4249, 143, 1, '9:00 AM', 1),
(4250, 143, 1, '10:00 AM', 1),
(4251, 143, 1, '11:00 AM', 1),
(4252, 143, 1, '12:00 PM', 1),
(4253, 143, 1, '1:00 PM', 1),
(4254, 143, 1, '2:00 PM', 1),
(4255, 143, 1, '3:00 PM', 1),
(4256, 143, 1, '4:00 PM', 1),
(4257, 143, 1, '5:00 PM', 1),
(4258, 143, 1, '6:00 PM', 1),
(4259, 143, 1, '7:00 PM', 1),
(4260, 143, 1, '8:00 PM', 1),
(4261, 143, 1, '9:00 PM', 1),
(4262, 144, 2, '11:00 AM', 1),
(4263, 144, 2, '12:00 PM', 1),
(4264, 144, 2, '1:00 PM', 1),
(4265, 144, 2, '2:00 PM', 1),
(4266, 144, 2, '3:00 PM', 1),
(4267, 144, 2, '4:00 PM', 1),
(4268, 144, 2, '5:00 PM', 1),
(4269, 144, 2, '6:00 PM', 1),
(4270, 144, 2, '7:00 PM', 1),
(4271, 144, 2, '8:00 PM', 1),
(4272, 144, 7, '11:00 AM', 1),
(4273, 144, 7, '12:00 PM', 1),
(4274, 144, 7, '1:00 PM', 1),
(4275, 144, 7, '2:00 PM', 1),
(4276, 144, 7, '3:00 PM', 1),
(4277, 144, 7, '4:00 PM', 1),
(4278, 144, 7, '5:00 PM', 1),
(4279, 144, 7, '6:00 PM', 1),
(4280, 144, 7, '7:00 PM', 1),
(4281, 144, 7, '8:00 PM', 1),
(4282, 144, 5, '11:00 AM', 1),
(4283, 144, 5, '12:00 PM', 1),
(4284, 144, 5, '1:00 PM', 1),
(4285, 144, 5, '2:00 PM', 1),
(4286, 144, 5, '3:00 PM', 1),
(4287, 144, 5, '4:00 PM', 1),
(4288, 144, 5, '5:00 PM', 1),
(4289, 144, 5, '6:00 PM', 1),
(4290, 144, 5, '7:00 PM', 1),
(4291, 144, 5, '8:00 PM', 1),
(4292, 144, 6, '11:00 AM', 1),
(4293, 144, 6, '12:00 PM', 1),
(4294, 144, 6, '1:00 PM', 1),
(4295, 144, 6, '2:00 PM', 1),
(4296, 144, 6, '3:00 PM', 1),
(4297, 144, 6, '4:00 PM', 1),
(4298, 144, 6, '5:00 PM', 1),
(4299, 144, 6, '6:00 PM', 1),
(4300, 144, 6, '7:00 PM', 1),
(4301, 144, 6, '8:00 PM', 1),
(4302, 144, 4, '11:00 AM', 1),
(4303, 144, 4, '12:00 PM', 1),
(4304, 144, 4, '1:00 PM', 1),
(4305, 144, 4, '2:00 PM', 1),
(4306, 144, 4, '3:00 PM', 1),
(4307, 144, 4, '4:00 PM', 1),
(4308, 144, 4, '5:00 PM', 1),
(4309, 144, 4, '6:00 PM', 1),
(4310, 144, 4, '7:00 PM', 1),
(4311, 144, 4, '8:00 PM', 1),
(4312, 145, 5, '7:00 AM', 1),
(4313, 145, 5, '8:00 AM', 1),
(4314, 145, 5, '9:00 AM', 1),
(4315, 145, 5, '10:00 AM', 1),
(4316, 145, 5, '11:00 AM', 1),
(4317, 145, 5, '12:00 PM', 1),
(4318, 145, 5, '1:00 PM', 1),
(4319, 145, 5, '2:00 PM', 1),
(4320, 145, 5, '3:00 PM', 1),
(4321, 145, 5, '4:00 PM', 1),
(4322, 145, 5, '5:00 PM', 1),
(4323, 145, 5, '6:00 PM', 1),
(4324, 145, 5, '7:00 PM', 1),
(4325, 145, 5, '8:00 PM', 1),
(4326, 145, 7, '7:00 AM', 1),
(4327, 145, 7, '8:00 AM', 1),
(4328, 145, 7, '9:00 AM', 1),
(4329, 145, 7, '10:00 AM', 1),
(4330, 145, 7, '11:00 AM', 1),
(4331, 145, 7, '12:00 PM', 1),
(4332, 145, 7, '1:00 PM', 1),
(4333, 145, 7, '2:00 PM', 1),
(4334, 145, 7, '3:00 PM', 1),
(4335, 145, 7, '4:00 PM', 1),
(4336, 145, 7, '5:00 PM', 1),
(4337, 145, 7, '6:00 PM', 1),
(4338, 145, 7, '7:00 PM', 1),
(4339, 145, 7, '8:00 PM', 1),
(4340, 146, 2, '11:00 AM', 1),
(4341, 146, 2, '12:00 PM', 1),
(4342, 146, 2, '1:00 PM', 1),
(4343, 146, 2, '2:00 PM', 1),
(4344, 146, 2, '3:00 PM', 1),
(4345, 146, 2, '4:00 PM', 1),
(4346, 146, 2, '5:00 PM', 1),
(4347, 146, 2, '6:00 PM', 1),
(4348, 146, 3, '11:00 AM', 1),
(4349, 146, 3, '12:00 PM', 1),
(4350, 146, 3, '1:00 PM', 1),
(4351, 146, 3, '2:00 PM', 1),
(4352, 146, 3, '3:00 PM', 1),
(4353, 146, 3, '4:00 PM', 1),
(4354, 146, 3, '5:00 PM', 1),
(4355, 146, 3, '6:00 PM', 1),
(4356, 146, 5, '11:00 AM', 1),
(4357, 146, 5, '12:00 PM', 1),
(4358, 146, 5, '1:00 PM', 1),
(4359, 146, 5, '2:00 PM', 1),
(4360, 146, 5, '3:00 PM', 1),
(4361, 146, 5, '4:00 PM', 1),
(4362, 146, 5, '5:00 PM', 1),
(4363, 146, 5, '6:00 PM', 1),
(4364, 147, 7, '11:00 AM', 1),
(4365, 147, 7, '12:00 PM', 1),
(4366, 147, 7, '1:00 PM', 1),
(4367, 147, 7, '2:00 PM', 1),
(4368, 147, 1, '11:00 AM', 1),
(4369, 147, 1, '12:00 PM', 1),
(4370, 147, 1, '1:00 PM', 1),
(4371, 147, 1, '2:00 PM', 1),
(4372, 147, 6, '11:00 AM', 1),
(4373, 147, 6, '12:00 PM', 1),
(4374, 147, 6, '1:00 PM', 1),
(4375, 147, 6, '2:00 PM', 1),
(4376, 147, 3, '11:00 AM', 1),
(4377, 147, 3, '12:00 PM', 1),
(4378, 147, 3, '1:00 PM', 1),
(4379, 147, 3, '2:00 PM', 1),
(4380, 148, 5, '12:00 PM', 1),
(4381, 148, 5, '1:00 PM', 1),
(4382, 148, 5, '2:00 PM', 1),
(4383, 148, 4, '12:00 PM', 1),
(4384, 148, 4, '1:00 PM', 1),
(4385, 148, 4, '2:00 PM', 1),
(4386, 148, 2, '12:00 PM', 1),
(4387, 148, 2, '1:00 PM', 1),
(4388, 148, 2, '2:00 PM', 1),
(4389, 148, 6, '12:00 PM', 1),
(4390, 148, 6, '1:00 PM', 1),
(4391, 148, 6, '2:00 PM', 1),
(4392, 149, 2, '11:00 AM', 1),
(4393, 149, 2, '12:00 PM', 1),
(4394, 149, 2, '1:00 PM', 1),
(4395, 149, 2, '2:00 PM', 1),
(4396, 149, 2, '3:00 PM', 1),
(4397, 149, 5, '11:00 AM', 1),
(4398, 149, 5, '12:00 PM', 1),
(4399, 149, 5, '1:00 PM', 1),
(4400, 149, 5, '2:00 PM', 1),
(4401, 149, 5, '3:00 PM', 1),
(4402, 149, 6, '11:00 AM', 1),
(4403, 149, 6, '12:00 PM', 1),
(4404, 149, 6, '1:00 PM', 1),
(4405, 149, 6, '2:00 PM', 1),
(4406, 149, 6, '3:00 PM', 1),
(4407, 150, 5, '6:00 AM', 1),
(4408, 150, 5, '7:00 AM', 1),
(4409, 150, 5, '8:00 AM', 1),
(4410, 150, 5, '9:00 AM', 1),
(4411, 150, 5, '10:00 AM', 1),
(4412, 150, 5, '11:00 AM', 1),
(4413, 150, 5, '12:00 PM', 1),
(4414, 150, 5, '1:00 PM', 1),
(4415, 150, 5, '2:00 PM', 1),
(4416, 150, 5, '3:00 PM', 1),
(4417, 150, 3, '6:00 AM', 1),
(4418, 150, 3, '7:00 AM', 1),
(4419, 150, 3, '8:00 AM', 1),
(4420, 150, 3, '9:00 AM', 1),
(4421, 150, 3, '10:00 AM', 1),
(4422, 150, 3, '11:00 AM', 1),
(4423, 150, 3, '12:00 PM', 1),
(4424, 150, 3, '1:00 PM', 1),
(4425, 150, 3, '2:00 PM', 1),
(4426, 150, 3, '3:00 PM', 1),
(4427, 151, 7, '11:00 AM', 1),
(4428, 151, 7, '12:00 PM', 1),
(4429, 151, 7, '1:00 PM', 1),
(4430, 151, 7, '2:00 PM', 1),
(4431, 151, 7, '3:00 PM', 1),
(4432, 151, 7, '4:00 PM', 1),
(4433, 151, 7, '5:00 PM', 1),
(4434, 151, 7, '6:00 PM', 1),
(4435, 151, 1, '11:00 AM', 1),
(4436, 151, 1, '12:00 PM', 1),
(4437, 151, 1, '1:00 PM', 1),
(4438, 151, 1, '2:00 PM', 1),
(4439, 151, 1, '3:00 PM', 1),
(4440, 151, 1, '4:00 PM', 1),
(4441, 151, 1, '5:00 PM', 1),
(4442, 151, 1, '6:00 PM', 1),
(4443, 151, 4, '11:00 AM', 1),
(4444, 151, 4, '12:00 PM', 1),
(4445, 151, 4, '1:00 PM', 1),
(4446, 151, 4, '2:00 PM', 1),
(4447, 151, 4, '3:00 PM', 1),
(4448, 151, 4, '4:00 PM', 1),
(4449, 151, 4, '5:00 PM', 1),
(4450, 151, 4, '6:00 PM', 1),
(4451, 151, 3, '11:00 AM', 1),
(4452, 151, 3, '12:00 PM', 1),
(4453, 151, 3, '1:00 PM', 1),
(4454, 151, 3, '2:00 PM', 1),
(4455, 151, 3, '3:00 PM', 1),
(4456, 151, 3, '4:00 PM', 1),
(4457, 151, 3, '5:00 PM', 1),
(4458, 151, 3, '6:00 PM', 1),
(4459, 152, 4, '8:00 AM', 1),
(4460, 152, 4, '9:00 AM', 1),
(4461, 152, 4, '10:00 AM', 1),
(4462, 152, 4, '11:00 AM', 1),
(4463, 152, 4, '12:00 PM', 1),
(4464, 152, 4, '1:00 PM', 1),
(4465, 152, 7, '8:00 AM', 1),
(4466, 152, 7, '9:00 AM', 1),
(4467, 152, 7, '10:00 AM', 1),
(4468, 152, 7, '11:00 AM', 1),
(4469, 152, 7, '12:00 PM', 1),
(4470, 152, 7, '1:00 PM', 1),
(4471, 152, 2, '8:00 AM', 1),
(4472, 152, 2, '9:00 AM', 1),
(4473, 152, 2, '10:00 AM', 1),
(4474, 152, 2, '11:00 AM', 1),
(4475, 152, 2, '12:00 PM', 1),
(4476, 152, 2, '1:00 PM', 1),
(4477, 152, 5, '8:00 AM', 1),
(4478, 152, 5, '9:00 AM', 1),
(4479, 152, 5, '10:00 AM', 1),
(4480, 152, 5, '11:00 AM', 1),
(4481, 152, 5, '12:00 PM', 1),
(4482, 152, 5, '1:00 PM', 1),
(4483, 153, 3, '9:00 AM', 1),
(4484, 153, 3, '10:00 AM', 1),
(4485, 153, 3, '11:00 AM', 1),
(4486, 153, 3, '12:00 PM', 1),
(4487, 153, 3, '1:00 PM', 1),
(4488, 153, 3, '2:00 PM', 1),
(4489, 153, 3, '3:00 PM', 1),
(4490, 153, 3, '4:00 PM', 1),
(4491, 153, 3, '5:00 PM', 1),
(4492, 153, 3, '6:00 PM', 1),
(4493, 153, 3, '7:00 PM', 1),
(4494, 153, 3, '8:00 PM', 1),
(4495, 153, 7, '9:00 AM', 1),
(4496, 153, 7, '10:00 AM', 1),
(4497, 153, 7, '11:00 AM', 1),
(4498, 153, 7, '12:00 PM', 1),
(4499, 153, 7, '1:00 PM', 1),
(4500, 153, 7, '2:00 PM', 1),
(4501, 153, 7, '3:00 PM', 1),
(4502, 153, 7, '4:00 PM', 1),
(4503, 153, 7, '5:00 PM', 1),
(4504, 153, 7, '6:00 PM', 1),
(4505, 153, 7, '7:00 PM', 1),
(4506, 153, 7, '8:00 PM', 1),
(4507, 154, 7, '9:00 AM', 1),
(4508, 154, 7, '10:00 AM', 1),
(4509, 154, 7, '11:00 AM', 1),
(4510, 154, 7, '12:00 PM', 1),
(4511, 154, 3, '9:00 AM', 1),
(4512, 154, 3, '10:00 AM', 1),
(4513, 154, 3, '11:00 AM', 1),
(4514, 154, 3, '12:00 PM', 1),
(4515, 154, 4, '9:00 AM', 1),
(4516, 154, 4, '10:00 AM', 1),
(4517, 154, 4, '11:00 AM', 1),
(4518, 154, 4, '12:00 PM', 1),
(4519, 154, 1, '9:00 AM', 1),
(4520, 154, 1, '10:00 AM', 1),
(4521, 154, 1, '11:00 AM', 1),
(4522, 154, 1, '12:00 PM', 1),
(4523, 155, 5, '9:00 AM', 1),
(4524, 155, 5, '10:00 AM', 1),
(4525, 155, 5, '11:00 AM', 1),
(4526, 155, 5, '12:00 PM', 1),
(4527, 155, 5, '1:00 PM', 1),
(4528, 155, 5, '2:00 PM', 1),
(4529, 155, 6, '9:00 AM', 1),
(4530, 155, 6, '10:00 AM', 1),
(4531, 155, 6, '11:00 AM', 1),
(4532, 155, 6, '12:00 PM', 1),
(4533, 155, 6, '1:00 PM', 1),
(4534, 155, 6, '2:00 PM', 1),
(4535, 155, 1, '9:00 AM', 1),
(4536, 155, 1, '10:00 AM', 1),
(4537, 155, 1, '11:00 AM', 1),
(4538, 155, 1, '12:00 PM', 1),
(4539, 155, 1, '1:00 PM', 1),
(4540, 155, 1, '2:00 PM', 1),
(4541, 155, 3, '9:00 AM', 1),
(4542, 155, 3, '10:00 AM', 1),
(4543, 155, 3, '11:00 AM', 1),
(4544, 155, 3, '12:00 PM', 1),
(4545, 155, 3, '1:00 PM', 1),
(4546, 155, 3, '2:00 PM', 1),
(4547, 156, 4, '7:00 AM', 1),
(4548, 156, 4, '8:00 AM', 1),
(4549, 156, 4, '9:00 AM', 1),
(4550, 156, 4, '10:00 AM', 1),
(4551, 156, 4, '11:00 AM', 1),
(4552, 156, 4, '12:00 PM', 1),
(4553, 156, 4, '1:00 PM', 1),
(4554, 156, 4, '2:00 PM', 1),
(4555, 156, 4, '3:00 PM', 1),
(4556, 156, 4, '4:00 PM', 1),
(4557, 156, 4, '5:00 PM', 1),
(4558, 156, 4, '6:00 PM', 1),
(4559, 156, 2, '7:00 AM', 1),
(4560, 156, 2, '8:00 AM', 1),
(4561, 156, 2, '9:00 AM', 1),
(4562, 156, 2, '10:00 AM', 1),
(4563, 156, 2, '11:00 AM', 1),
(4564, 156, 2, '12:00 PM', 1),
(4565, 156, 2, '1:00 PM', 1),
(4566, 156, 2, '2:00 PM', 1),
(4567, 156, 2, '3:00 PM', 1),
(4568, 156, 2, '4:00 PM', 1),
(4569, 156, 2, '5:00 PM', 1),
(4570, 156, 2, '6:00 PM', 1),
(4571, 156, 7, '7:00 AM', 1),
(4572, 156, 7, '8:00 AM', 1),
(4573, 156, 7, '9:00 AM', 1),
(4574, 156, 7, '10:00 AM', 1),
(4575, 156, 7, '11:00 AM', 1),
(4576, 156, 7, '12:00 PM', 1),
(4577, 156, 7, '1:00 PM', 1),
(4578, 156, 7, '2:00 PM', 1),
(4579, 156, 7, '3:00 PM', 1),
(4580, 156, 7, '4:00 PM', 1),
(4581, 156, 7, '5:00 PM', 1),
(4582, 156, 7, '6:00 PM', 1),
(4583, 156, 1, '7:00 AM', 1),
(4584, 156, 1, '8:00 AM', 1),
(4585, 156, 1, '9:00 AM', 1),
(4586, 156, 1, '10:00 AM', 1),
(4587, 156, 1, '11:00 AM', 1),
(4588, 156, 1, '12:00 PM', 1),
(4589, 156, 1, '1:00 PM', 1),
(4590, 156, 1, '2:00 PM', 1),
(4591, 156, 1, '3:00 PM', 1),
(4592, 156, 1, '4:00 PM', 1),
(4593, 156, 1, '5:00 PM', 1),
(4594, 156, 1, '6:00 PM', 1),
(4595, 157, 5, '10:00 AM', 1),
(4596, 157, 5, '11:00 AM', 1),
(4597, 157, 5, '12:00 PM', 1),
(4598, 157, 5, '1:00 PM', 1),
(4599, 157, 5, '2:00 PM', 1),
(4600, 157, 5, '3:00 PM', 1),
(4601, 157, 5, '4:00 PM', 1),
(4602, 157, 5, '5:00 PM', 1),
(4603, 157, 3, '10:00 AM', 1),
(4604, 157, 3, '11:00 AM', 1),
(4605, 157, 3, '12:00 PM', 1),
(4606, 157, 3, '1:00 PM', 1),
(4607, 157, 3, '2:00 PM', 1),
(4608, 157, 3, '3:00 PM', 1),
(4609, 157, 3, '4:00 PM', 1),
(4610, 157, 3, '5:00 PM', 1),
(4611, 157, 7, '10:00 AM', 1),
(4612, 157, 7, '11:00 AM', 1),
(4613, 157, 7, '12:00 PM', 1),
(4614, 157, 7, '1:00 PM', 1),
(4615, 157, 7, '2:00 PM', 1),
(4616, 157, 7, '3:00 PM', 1),
(4617, 157, 7, '4:00 PM', 1),
(4618, 157, 7, '5:00 PM', 1),
(4619, 158, 4, '12:00 PM', 1),
(4620, 158, 4, '1:00 PM', 1),
(4621, 158, 4, '2:00 PM', 1),
(4622, 158, 4, '3:00 PM', 1),
(4623, 158, 4, '4:00 PM', 1),
(4624, 158, 4, '5:00 PM', 1),
(4625, 158, 4, '6:00 PM', 1),
(4626, 158, 4, '7:00 PM', 1),
(4627, 158, 2, '12:00 PM', 1),
(4628, 158, 2, '1:00 PM', 1),
(4629, 158, 2, '2:00 PM', 1),
(4630, 158, 2, '3:00 PM', 1),
(4631, 158, 2, '4:00 PM', 1),
(4632, 158, 2, '5:00 PM', 1),
(4633, 158, 2, '6:00 PM', 1),
(4634, 158, 2, '7:00 PM', 1),
(4635, 159, 7, '9:00 AM', 1),
(4636, 159, 7, '10:00 AM', 1),
(4637, 159, 7, '11:00 AM', 1),
(4638, 159, 7, '12:00 PM', 1),
(4639, 159, 7, '1:00 PM', 1),
(4640, 159, 7, '2:00 PM', 1),
(4641, 159, 7, '3:00 PM', 1),
(4642, 159, 7, '4:00 PM', 1),
(4643, 159, 1, '9:00 AM', 1),
(4644, 159, 1, '10:00 AM', 1),
(4645, 159, 1, '11:00 AM', 1),
(4646, 159, 1, '12:00 PM', 1),
(4647, 159, 1, '1:00 PM', 1),
(4648, 159, 1, '2:00 PM', 1),
(4649, 159, 1, '3:00 PM', 1),
(4650, 159, 1, '4:00 PM', 1),
(4651, 159, 2, '9:00 AM', 1),
(4652, 159, 2, '10:00 AM', 1),
(4653, 159, 2, '11:00 AM', 1),
(4654, 159, 2, '12:00 PM', 1),
(4655, 159, 2, '1:00 PM', 1),
(4656, 159, 2, '2:00 PM', 1),
(4657, 159, 2, '3:00 PM', 1),
(4658, 159, 2, '4:00 PM', 1),
(4659, 159, 6, '9:00 AM', 1),
(4660, 159, 6, '10:00 AM', 1),
(4661, 159, 6, '11:00 AM', 1),
(4662, 159, 6, '12:00 PM', 1),
(4663, 159, 6, '1:00 PM', 1),
(4664, 159, 6, '2:00 PM', 1),
(4665, 159, 6, '3:00 PM', 1),
(4666, 159, 6, '4:00 PM', 1),
(4667, 159, 5, '9:00 AM', 1),
(4668, 159, 5, '10:00 AM', 1),
(4669, 159, 5, '11:00 AM', 1),
(4670, 159, 5, '12:00 PM', 1),
(4671, 159, 5, '1:00 PM', 1),
(4672, 159, 5, '2:00 PM', 1),
(4673, 159, 5, '3:00 PM', 1),
(4674, 159, 5, '4:00 PM', 1),
(4675, 160, 7, '7:00 AM', 1),
(4676, 160, 7, '8:00 AM', 1),
(4677, 160, 7, '9:00 AM', 1),
(4678, 160, 7, '10:00 AM', 1),
(4679, 160, 7, '11:00 AM', 1),
(4680, 160, 7, '12:00 PM', 1),
(4681, 160, 6, '7:00 AM', 1),
(4682, 160, 6, '8:00 AM', 1),
(4683, 160, 6, '9:00 AM', 1),
(4684, 160, 6, '10:00 AM', 1),
(4685, 160, 6, '11:00 AM', 1),
(4686, 160, 6, '12:00 PM', 1),
(4687, 160, 5, '7:00 AM', 1),
(4688, 160, 5, '8:00 AM', 1),
(4689, 160, 5, '9:00 AM', 1),
(4690, 160, 5, '10:00 AM', 1),
(4691, 160, 5, '11:00 AM', 1),
(4692, 160, 5, '12:00 PM', 1),
(4693, 160, 3, '7:00 AM', 1),
(4694, 160, 3, '8:00 AM', 1),
(4695, 160, 3, '9:00 AM', 1),
(4696, 160, 3, '10:00 AM', 1),
(4697, 160, 3, '11:00 AM', 1),
(4698, 160, 3, '12:00 PM', 1),
(4699, 160, 4, '7:00 AM', 1),
(4700, 160, 4, '8:00 AM', 1),
(4701, 160, 4, '9:00 AM', 1),
(4702, 160, 4, '10:00 AM', 1),
(4703, 160, 4, '11:00 AM', 1),
(4704, 160, 4, '12:00 PM', 1),
(4705, 161, 5, '6:00 AM', 1),
(4706, 161, 5, '7:00 AM', 1),
(4707, 161, 5, '8:00 AM', 1),
(4708, 161, 5, '9:00 AM', 1),
(4709, 161, 5, '10:00 AM', 1),
(4710, 161, 5, '11:00 AM', 1),
(4711, 161, 5, '12:00 PM', 1),
(4712, 161, 5, '1:00 PM', 1),
(4713, 161, 5, '2:00 PM', 1),
(4714, 161, 5, '3:00 PM', 1),
(4715, 161, 5, '4:00 PM', 1),
(4716, 161, 5, '5:00 PM', 1),
(4717, 161, 5, '6:00 PM', 1),
(4718, 161, 4, '6:00 AM', 1),
(4719, 161, 4, '7:00 AM', 1),
(4720, 161, 4, '8:00 AM', 1),
(4721, 161, 4, '9:00 AM', 1),
(4722, 161, 4, '10:00 AM', 1),
(4723, 161, 4, '11:00 AM', 1),
(4724, 161, 4, '12:00 PM', 1),
(4725, 161, 4, '1:00 PM', 1),
(4726, 161, 4, '2:00 PM', 1),
(4727, 161, 4, '3:00 PM', 1),
(4728, 161, 4, '4:00 PM', 1),
(4729, 161, 4, '5:00 PM', 1),
(4730, 161, 4, '6:00 PM', 1),
(4731, 161, 7, '6:00 AM', 1),
(4732, 161, 7, '7:00 AM', 1),
(4733, 161, 7, '8:00 AM', 1),
(4734, 161, 7, '9:00 AM', 1),
(4735, 161, 7, '10:00 AM', 1),
(4736, 161, 7, '11:00 AM', 1),
(4737, 161, 7, '12:00 PM', 1),
(4738, 161, 7, '1:00 PM', 1),
(4739, 161, 7, '2:00 PM', 1),
(4740, 161, 7, '3:00 PM', 1),
(4741, 161, 7, '4:00 PM', 1),
(4742, 161, 7, '5:00 PM', 1),
(4743, 161, 7, '6:00 PM', 1),
(4744, 161, 1, '6:00 AM', 1),
(4745, 161, 1, '7:00 AM', 1),
(4746, 161, 1, '8:00 AM', 1),
(4747, 161, 1, '9:00 AM', 1),
(4748, 161, 1, '10:00 AM', 1),
(4749, 161, 1, '11:00 AM', 1),
(4750, 161, 1, '12:00 PM', 1),
(4751, 161, 1, '1:00 PM', 1),
(4752, 161, 1, '2:00 PM', 1),
(4753, 161, 1, '3:00 PM', 1),
(4754, 161, 1, '4:00 PM', 1),
(4755, 161, 1, '5:00 PM', 1),
(4756, 161, 1, '6:00 PM', 1),
(4757, 161, 6, '6:00 AM', 1),
(4758, 161, 6, '7:00 AM', 1),
(4759, 161, 6, '8:00 AM', 1),
(4760, 161, 6, '9:00 AM', 1),
(4761, 161, 6, '10:00 AM', 1),
(4762, 161, 6, '11:00 AM', 1),
(4763, 161, 6, '12:00 PM', 1),
(4764, 161, 6, '1:00 PM', 1),
(4765, 161, 6, '2:00 PM', 1),
(4766, 161, 6, '3:00 PM', 1),
(4767, 161, 6, '4:00 PM', 1),
(4768, 161, 6, '5:00 PM', 1),
(4769, 161, 6, '6:00 PM', 1),
(4770, 162, 2, '12:00 PM', 1),
(4771, 162, 7, '12:00 PM', 1),
(4772, 163, 7, '7:00 AM', 1),
(4773, 163, 7, '8:00 AM', 1),
(4774, 163, 7, '9:00 AM', 1),
(4775, 163, 7, '10:00 AM', 1),
(4776, 163, 7, '11:00 AM', 1),
(4777, 163, 7, '12:00 PM', 1),
(4778, 163, 3, '7:00 AM', 1),
(4779, 163, 3, '8:00 AM', 1),
(4780, 163, 3, '9:00 AM', 1),
(4781, 163, 3, '10:00 AM', 1),
(4782, 163, 3, '11:00 AM', 1),
(4783, 163, 3, '12:00 PM', 1),
(4784, 164, 4, '11:00 AM', 1),
(4785, 164, 4, '12:00 PM', 1),
(4786, 164, 4, '1:00 PM', 1),
(4787, 164, 4, '2:00 PM', 1),
(4788, 164, 4, '3:00 PM', 1),
(4789, 164, 2, '11:00 AM', 1),
(4790, 164, 2, '12:00 PM', 1),
(4791, 164, 2, '1:00 PM', 1),
(4792, 164, 2, '2:00 PM', 1),
(4793, 164, 2, '3:00 PM', 1),
(4794, 164, 5, '11:00 AM', 1),
(4795, 164, 5, '12:00 PM', 1),
(4796, 164, 5, '1:00 PM', 1),
(4797, 164, 5, '2:00 PM', 1),
(4798, 164, 5, '3:00 PM', 1),
(4799, 165, 1, '6:00 AM', 1),
(4800, 165, 1, '7:00 AM', 1),
(4801, 165, 1, '8:00 AM', 1),
(4802, 165, 1, '9:00 AM', 1),
(4803, 165, 1, '10:00 AM', 1),
(4804, 165, 1, '11:00 AM', 1),
(4805, 165, 1, '12:00 PM', 1),
(4806, 165, 1, '1:00 PM', 1),
(4807, 165, 1, '2:00 PM', 1),
(4808, 165, 1, '3:00 PM', 1),
(4809, 165, 1, '4:00 PM', 1),
(4810, 165, 1, '5:00 PM', 1),
(4811, 165, 1, '6:00 PM', 1),
(4812, 165, 3, '6:00 AM', 1),
(4813, 165, 3, '7:00 AM', 1),
(4814, 165, 3, '8:00 AM', 1),
(4815, 165, 3, '9:00 AM', 1),
(4816, 165, 3, '10:00 AM', 1),
(4817, 165, 3, '11:00 AM', 1),
(4818, 165, 3, '12:00 PM', 1),
(4819, 165, 3, '1:00 PM', 1),
(4820, 165, 3, '2:00 PM', 1),
(4821, 165, 3, '3:00 PM', 1),
(4822, 165, 3, '4:00 PM', 1),
(4823, 165, 3, '5:00 PM', 1),
(4824, 165, 3, '6:00 PM', 1),
(4825, 165, 4, '6:00 AM', 1),
(4826, 165, 4, '7:00 AM', 1),
(4827, 165, 4, '8:00 AM', 1),
(4828, 165, 4, '9:00 AM', 1),
(4829, 165, 4, '10:00 AM', 1),
(4830, 165, 4, '11:00 AM', 1),
(4831, 165, 4, '12:00 PM', 1),
(4832, 165, 4, '1:00 PM', 1),
(4833, 165, 4, '2:00 PM', 1),
(4834, 165, 4, '3:00 PM', 1),
(4835, 165, 4, '4:00 PM', 1),
(4836, 165, 4, '5:00 PM', 1),
(4837, 165, 4, '6:00 PM', 1),
(4838, 165, 5, '6:00 AM', 1),
(4839, 165, 5, '7:00 AM', 1),
(4840, 165, 5, '8:00 AM', 1),
(4841, 165, 5, '9:00 AM', 1),
(4842, 165, 5, '10:00 AM', 1),
(4843, 165, 5, '11:00 AM', 1),
(4844, 165, 5, '12:00 PM', 1),
(4845, 165, 5, '1:00 PM', 1),
(4846, 165, 5, '2:00 PM', 1),
(4847, 165, 5, '3:00 PM', 1),
(4848, 165, 5, '4:00 PM', 1),
(4849, 165, 5, '5:00 PM', 1),
(4850, 165, 5, '6:00 PM', 1),
(4851, 166, 6, '10:00 AM', 1),
(4852, 166, 6, '11:00 AM', 1),
(4853, 166, 6, '12:00 PM', 1),
(4854, 166, 6, '1:00 PM', 1),
(4855, 166, 3, '10:00 AM', 1),
(4856, 166, 3, '11:00 AM', 1),
(4857, 166, 3, '12:00 PM', 1),
(4858, 166, 3, '1:00 PM', 1),
(4859, 166, 5, '10:00 AM', 1),
(4860, 166, 5, '11:00 AM', 1),
(4861, 166, 5, '12:00 PM', 1),
(4862, 166, 5, '1:00 PM', 1),
(4863, 166, 2, '10:00 AM', 1),
(4864, 166, 2, '11:00 AM', 1),
(4865, 166, 2, '12:00 PM', 1),
(4866, 166, 2, '1:00 PM', 1),
(4867, 167, 2, '12:00 PM', 1),
(4868, 167, 2, '1:00 PM', 1),
(4869, 167, 2, '2:00 PM', 1),
(4870, 167, 2, '3:00 PM', 1),
(4871, 167, 2, '4:00 PM', 1),
(4872, 167, 2, '5:00 PM', 1),
(4873, 167, 2, '6:00 PM', 1),
(4874, 167, 2, '7:00 PM', 1),
(4875, 167, 5, '12:00 PM', 1),
(4876, 167, 5, '1:00 PM', 1),
(4877, 167, 5, '2:00 PM', 1),
(4878, 167, 5, '3:00 PM', 1),
(4879, 167, 5, '4:00 PM', 1),
(4880, 167, 5, '5:00 PM', 1),
(4881, 167, 5, '6:00 PM', 1),
(4882, 167, 5, '7:00 PM', 1),
(4883, 167, 7, '12:00 PM', 1),
(4884, 167, 7, '1:00 PM', 1),
(4885, 167, 7, '2:00 PM', 1),
(4886, 167, 7, '3:00 PM', 1),
(4887, 167, 7, '4:00 PM', 1),
(4888, 167, 7, '5:00 PM', 1),
(4889, 167, 7, '6:00 PM', 1),
(4890, 167, 7, '7:00 PM', 1),
(4891, 168, 1, '8:00 AM', 1),
(4892, 168, 1, '9:00 AM', 1),
(4893, 168, 1, '10:00 AM', 1),
(4894, 168, 1, '11:00 AM', 1),
(4895, 168, 1, '12:00 PM', 1),
(4896, 168, 1, '1:00 PM', 1),
(4897, 168, 7, '8:00 AM', 1),
(4898, 168, 7, '9:00 AM', 1),
(4899, 168, 7, '10:00 AM', 1),
(4900, 168, 7, '11:00 AM', 1),
(4901, 168, 7, '12:00 PM', 1),
(4902, 168, 7, '1:00 PM', 1),
(4903, 169, 2, '12:00 PM', 1),
(4904, 169, 2, '1:00 PM', 1),
(4905, 169, 2, '2:00 PM', 1),
(4906, 169, 2, '3:00 PM', 1),
(4907, 169, 2, '4:00 PM', 1),
(4908, 169, 2, '5:00 PM', 1),
(4909, 169, 2, '6:00 PM', 1),
(4910, 169, 2, '7:00 PM', 1),
(4911, 169, 4, '12:00 PM', 1),
(4912, 169, 4, '1:00 PM', 1),
(4913, 169, 4, '2:00 PM', 1),
(4914, 169, 4, '3:00 PM', 1),
(4915, 169, 4, '4:00 PM', 1),
(4916, 169, 4, '5:00 PM', 1),
(4917, 169, 4, '6:00 PM', 1),
(4918, 169, 4, '7:00 PM', 1),
(4919, 169, 6, '12:00 PM', 1),
(4920, 169, 6, '1:00 PM', 1),
(4921, 169, 6, '2:00 PM', 1),
(4922, 169, 6, '3:00 PM', 1),
(4923, 169, 6, '4:00 PM', 1),
(4924, 169, 6, '5:00 PM', 1),
(4925, 169, 6, '6:00 PM', 1),
(4926, 169, 6, '7:00 PM', 1),
(4927, 169, 7, '12:00 PM', 1),
(4928, 169, 7, '1:00 PM', 1),
(4929, 169, 7, '2:00 PM', 1),
(4930, 169, 7, '3:00 PM', 1),
(4931, 169, 7, '4:00 PM', 1),
(4932, 169, 7, '5:00 PM', 1),
(4933, 169, 7, '6:00 PM', 1),
(4934, 169, 7, '7:00 PM', 1),
(4935, 169, 3, '12:00 PM', 1),
(4936, 169, 3, '1:00 PM', 1),
(4937, 169, 3, '2:00 PM', 1),
(4938, 169, 3, '3:00 PM', 1),
(4939, 169, 3, '4:00 PM', 1),
(4940, 169, 3, '5:00 PM', 1),
(4941, 169, 3, '6:00 PM', 1),
(4942, 169, 3, '7:00 PM', 1),
(4943, 170, 4, '8:00 AM', 1),
(4944, 170, 4, '9:00 AM', 1),
(4945, 170, 4, '10:00 AM', 1),
(4946, 170, 4, '11:00 AM', 1),
(4947, 170, 4, '12:00 PM', 1),
(4948, 170, 4, '1:00 PM', 1),
(4949, 170, 4, '2:00 PM', 1),
(4950, 170, 4, '3:00 PM', 1),
(4951, 170, 4, '4:00 PM', 1),
(4952, 170, 4, '5:00 PM', 1),
(4953, 170, 4, '6:00 PM', 1),
(4954, 170, 6, '8:00 AM', 1),
(4955, 170, 6, '9:00 AM', 1),
(4956, 170, 6, '10:00 AM', 1),
(4957, 170, 6, '11:00 AM', 1),
(4958, 170, 6, '12:00 PM', 1),
(4959, 170, 6, '1:00 PM', 1),
(4960, 170, 6, '2:00 PM', 1),
(4961, 170, 6, '3:00 PM', 1),
(4962, 170, 6, '4:00 PM', 1),
(4963, 170, 6, '5:00 PM', 1),
(4964, 170, 6, '6:00 PM', 1),
(4965, 170, 1, '8:00 AM', 1),
(4966, 170, 1, '9:00 AM', 1),
(4967, 170, 1, '10:00 AM', 1),
(4968, 170, 1, '11:00 AM', 1),
(4969, 170, 1, '12:00 PM', 1),
(4970, 170, 1, '1:00 PM', 1),
(4971, 170, 1, '2:00 PM', 1),
(4972, 170, 1, '3:00 PM', 1),
(4973, 170, 1, '4:00 PM', 1),
(4974, 170, 1, '5:00 PM', 1),
(4975, 170, 1, '6:00 PM', 1),
(4976, 170, 5, '8:00 AM', 1),
(4977, 170, 5, '9:00 AM', 1),
(4978, 170, 5, '10:00 AM', 1),
(4979, 170, 5, '11:00 AM', 1),
(4980, 170, 5, '12:00 PM', 1),
(4981, 170, 5, '1:00 PM', 1),
(4982, 170, 5, '2:00 PM', 1),
(4983, 170, 5, '3:00 PM', 1),
(4984, 170, 5, '4:00 PM', 1),
(4985, 170, 5, '5:00 PM', 1),
(4986, 170, 5, '6:00 PM', 1),
(4987, 171, 4, '10:00 AM', 1),
(4988, 171, 4, '11:00 AM', 1),
(4989, 171, 4, '12:00 PM', 1),
(4990, 171, 4, '1:00 PM', 1),
(4991, 171, 4, '2:00 PM', 1),
(4992, 171, 4, '3:00 PM', 1),
(4993, 171, 4, '4:00 PM', 1),
(4994, 171, 4, '5:00 PM', 1),
(4995, 171, 5, '10:00 AM', 1),
(4996, 171, 5, '11:00 AM', 1),
(4997, 171, 5, '12:00 PM', 1),
(4998, 171, 5, '1:00 PM', 1),
(4999, 171, 5, '2:00 PM', 1),
(5000, 171, 5, '3:00 PM', 1),
(5001, 171, 5, '4:00 PM', 1),
(5002, 171, 5, '5:00 PM', 1),
(5003, 171, 1, '10:00 AM', 1),
(5004, 171, 1, '11:00 AM', 1),
(5005, 171, 1, '12:00 PM', 1),
(5006, 171, 1, '1:00 PM', 1),
(5007, 171, 1, '2:00 PM', 1),
(5008, 171, 1, '3:00 PM', 1),
(5009, 171, 1, '4:00 PM', 1),
(5010, 171, 1, '5:00 PM', 1),
(5011, 172, 2, '7:00 AM', 1),
(5012, 172, 2, '8:00 AM', 1),
(5013, 172, 2, '9:00 AM', 1),
(5014, 172, 2, '10:00 AM', 1),
(5015, 172, 2, '11:00 AM', 1),
(5016, 172, 2, '12:00 PM', 1),
(5017, 172, 2, '1:00 PM', 1),
(5018, 172, 2, '2:00 PM', 1),
(5019, 172, 2, '3:00 PM', 1),
(5020, 172, 2, '4:00 PM', 1),
(5021, 172, 3, '7:00 AM', 1),
(5022, 172, 3, '8:00 AM', 1),
(5023, 172, 3, '9:00 AM', 1),
(5024, 172, 3, '10:00 AM', 1),
(5025, 172, 3, '11:00 AM', 1),
(5026, 172, 3, '12:00 PM', 1),
(5027, 172, 3, '1:00 PM', 1),
(5028, 172, 3, '2:00 PM', 1),
(5029, 172, 3, '3:00 PM', 1),
(5030, 172, 3, '4:00 PM', 1),
(5031, 172, 6, '7:00 AM', 1),
(5032, 172, 6, '8:00 AM', 1),
(5033, 172, 6, '9:00 AM', 1),
(5034, 172, 6, '10:00 AM', 1),
(5035, 172, 6, '11:00 AM', 1),
(5036, 172, 6, '12:00 PM', 1),
(5037, 172, 6, '1:00 PM', 1),
(5038, 172, 6, '2:00 PM', 1),
(5039, 172, 6, '3:00 PM', 1),
(5040, 172, 6, '4:00 PM', 1),
(5041, 173, 6, '8:00 AM', 1),
(5042, 173, 6, '9:00 AM', 1),
(5043, 173, 6, '10:00 AM', 1),
(5044, 173, 6, '11:00 AM', 1),
(5045, 173, 6, '12:00 PM', 1),
(5046, 173, 6, '1:00 PM', 1),
(5047, 173, 6, '2:00 PM', 1),
(5048, 173, 6, '3:00 PM', 1),
(5049, 173, 1, '8:00 AM', 1),
(5050, 173, 1, '9:00 AM', 1),
(5051, 173, 1, '10:00 AM', 1),
(5052, 173, 1, '11:00 AM', 1),
(5053, 173, 1, '12:00 PM', 1),
(5054, 173, 1, '1:00 PM', 1),
(5055, 173, 1, '2:00 PM', 1),
(5056, 173, 1, '3:00 PM', 1),
(5057, 173, 4, '8:00 AM', 1),
(5058, 173, 4, '9:00 AM', 1),
(5059, 173, 4, '10:00 AM', 1),
(5060, 173, 4, '11:00 AM', 1),
(5061, 173, 4, '12:00 PM', 1),
(5062, 173, 4, '1:00 PM', 1),
(5063, 173, 4, '2:00 PM', 1),
(5064, 173, 4, '3:00 PM', 1),
(5065, 174, 5, '10:00 AM', 1),
(5066, 174, 5, '11:00 AM', 1),
(5067, 174, 5, '12:00 PM', 1),
(5068, 174, 5, '1:00 PM', 1),
(5069, 174, 5, '2:00 PM', 1),
(5070, 174, 1, '10:00 AM', 1),
(5071, 174, 1, '11:00 AM', 1),
(5072, 174, 1, '12:00 PM', 1),
(5073, 174, 1, '1:00 PM', 1),
(5074, 174, 1, '2:00 PM', 1),
(5075, 174, 6, '10:00 AM', 1),
(5076, 174, 6, '11:00 AM', 1),
(5077, 174, 6, '12:00 PM', 1),
(5078, 174, 6, '1:00 PM', 1),
(5079, 174, 6, '2:00 PM', 1),
(5080, 175, 3, '6:00 AM', 1),
(5081, 175, 3, '7:00 AM', 1),
(5082, 175, 3, '8:00 AM', 1),
(5083, 175, 3, '9:00 AM', 1),
(5084, 175, 3, '10:00 AM', 1),
(5085, 175, 3, '11:00 AM', 1),
(5086, 175, 3, '12:00 PM', 1),
(5087, 175, 3, '1:00 PM', 1),
(5088, 175, 3, '2:00 PM', 1),
(5089, 175, 3, '3:00 PM', 1),
(5090, 175, 3, '4:00 PM', 1),
(5091, 175, 3, '5:00 PM', 1),
(5092, 175, 3, '6:00 PM', 1),
(5093, 175, 3, '7:00 PM', 1),
(5094, 175, 3, '8:00 PM', 1),
(5095, 175, 5, '6:00 AM', 1),
(5096, 175, 5, '7:00 AM', 1),
(5097, 175, 5, '8:00 AM', 1),
(5098, 175, 5, '9:00 AM', 1),
(5099, 175, 5, '10:00 AM', 1),
(5100, 175, 5, '11:00 AM', 1),
(5101, 175, 5, '12:00 PM', 1),
(5102, 175, 5, '1:00 PM', 1),
(5103, 175, 5, '2:00 PM', 1),
(5104, 175, 5, '3:00 PM', 1),
(5105, 175, 5, '4:00 PM', 1),
(5106, 175, 5, '5:00 PM', 1),
(5107, 175, 5, '6:00 PM', 1),
(5108, 175, 5, '7:00 PM', 1),
(5109, 175, 5, '8:00 PM', 1),
(5110, 175, 7, '6:00 AM', 1),
(5111, 175, 7, '7:00 AM', 1),
(5112, 175, 7, '8:00 AM', 1),
(5113, 175, 7, '9:00 AM', 1),
(5114, 175, 7, '10:00 AM', 1),
(5115, 175, 7, '11:00 AM', 1),
(5116, 175, 7, '12:00 PM', 1),
(5117, 175, 7, '1:00 PM', 1),
(5118, 175, 7, '2:00 PM', 1),
(5119, 175, 7, '3:00 PM', 1),
(5120, 175, 7, '4:00 PM', 1),
(5121, 175, 7, '5:00 PM', 1),
(5122, 175, 7, '6:00 PM', 1),
(5123, 175, 7, '7:00 PM', 1),
(5124, 175, 7, '8:00 PM', 1),
(5125, 175, 4, '6:00 AM', 1),
(5126, 175, 4, '7:00 AM', 1),
(5127, 175, 4, '8:00 AM', 1),
(5128, 175, 4, '9:00 AM', 1),
(5129, 175, 4, '10:00 AM', 1),
(5130, 175, 4, '11:00 AM', 1),
(5131, 175, 4, '12:00 PM', 1),
(5132, 175, 4, '1:00 PM', 1),
(5133, 175, 4, '2:00 PM', 1),
(5134, 175, 4, '3:00 PM', 1),
(5135, 175, 4, '4:00 PM', 1),
(5136, 175, 4, '5:00 PM', 1),
(5137, 175, 4, '6:00 PM', 1),
(5138, 175, 4, '7:00 PM', 1),
(5139, 175, 4, '8:00 PM', 1),
(5140, 176, 5, '12:00 PM', 1),
(5141, 176, 5, '1:00 PM', 1),
(5142, 176, 5, '2:00 PM', 1),
(5143, 176, 4, '12:00 PM', 1),
(5144, 176, 4, '1:00 PM', 1),
(5145, 176, 4, '2:00 PM', 1),
(5146, 177, 1, '9:00 AM', 1),
(5147, 177, 1, '10:00 AM', 1),
(5148, 177, 1, '11:00 AM', 1),
(5149, 177, 1, '12:00 PM', 1),
(5150, 177, 1, '1:00 PM', 1),
(5151, 177, 4, '9:00 AM', 1),
(5152, 177, 4, '10:00 AM', 1),
(5153, 177, 4, '11:00 AM', 1),
(5154, 177, 4, '12:00 PM', 1),
(5155, 177, 4, '1:00 PM', 1),
(5156, 177, 7, '9:00 AM', 1),
(5157, 177, 7, '10:00 AM', 1),
(5158, 177, 7, '11:00 AM', 1),
(5159, 177, 7, '12:00 PM', 1),
(5160, 177, 7, '1:00 PM', 1),
(5161, 177, 5, '9:00 AM', 1),
(5162, 177, 5, '10:00 AM', 1),
(5163, 177, 5, '11:00 AM', 1),
(5164, 177, 5, '12:00 PM', 1),
(5165, 177, 5, '1:00 PM', 1),
(5166, 177, 6, '9:00 AM', 1),
(5167, 177, 6, '10:00 AM', 1),
(5168, 177, 6, '11:00 AM', 1),
(5169, 177, 6, '12:00 PM', 1),
(5170, 177, 6, '1:00 PM', 1),
(5171, 178, 1, '12:00 PM', 1),
(5172, 178, 1, '1:00 PM', 1),
(5173, 178, 1, '2:00 PM', 1),
(5174, 178, 4, '12:00 PM', 1),
(5175, 178, 4, '1:00 PM', 1),
(5176, 178, 4, '2:00 PM', 1),
(5177, 179, 6, '12:00 PM', 1),
(5178, 179, 4, '12:00 PM', 1),
(5179, 179, 7, '12:00 PM', 1),
(5180, 180, 3, '12:00 PM', 1),
(5181, 180, 3, '1:00 PM', 1),
(5182, 180, 3, '2:00 PM', 1),
(5183, 180, 3, '3:00 PM', 1),
(5184, 180, 3, '4:00 PM', 1),
(5185, 180, 3, '5:00 PM', 1),
(5186, 180, 4, '12:00 PM', 1),
(5187, 180, 4, '1:00 PM', 1),
(5188, 180, 4, '2:00 PM', 1),
(5189, 180, 4, '3:00 PM', 1),
(5190, 180, 4, '4:00 PM', 1),
(5191, 180, 4, '5:00 PM', 1),
(5192, 180, 5, '12:00 PM', 1),
(5193, 180, 5, '1:00 PM', 1),
(5194, 180, 5, '2:00 PM', 1),
(5195, 180, 5, '3:00 PM', 1),
(5196, 180, 5, '4:00 PM', 1),
(5197, 180, 5, '5:00 PM', 1),
(5198, 181, 1, '11:00 AM', 1),
(5199, 181, 1, '12:00 PM', 1),
(5200, 181, 1, '1:00 PM', 1),
(5201, 181, 1, '2:00 PM', 1),
(5202, 181, 1, '3:00 PM', 1),
(5203, 181, 1, '4:00 PM', 1),
(5204, 181, 1, '5:00 PM', 1),
(5205, 181, 1, '6:00 PM', 1),
(5206, 181, 6, '11:00 AM', 1),
(5207, 181, 6, '12:00 PM', 1),
(5208, 181, 6, '1:00 PM', 1),
(5209, 181, 6, '2:00 PM', 1),
(5210, 181, 6, '3:00 PM', 1),
(5211, 181, 6, '4:00 PM', 1),
(5212, 181, 6, '5:00 PM', 1),
(5213, 181, 6, '6:00 PM', 1),
(5214, 181, 7, '11:00 AM', 1),
(5215, 181, 7, '12:00 PM', 1),
(5216, 181, 7, '1:00 PM', 1),
(5217, 181, 7, '2:00 PM', 1),
(5218, 181, 7, '3:00 PM', 1),
(5219, 181, 7, '4:00 PM', 1),
(5220, 181, 7, '5:00 PM', 1),
(5221, 181, 7, '6:00 PM', 1),
(5222, 181, 3, '11:00 AM', 1),
(5223, 181, 3, '12:00 PM', 1),
(5224, 181, 3, '1:00 PM', 1),
(5225, 181, 3, '2:00 PM', 1),
(5226, 181, 3, '3:00 PM', 1),
(5227, 181, 3, '4:00 PM', 1),
(5228, 181, 3, '5:00 PM', 1),
(5229, 181, 3, '6:00 PM', 1),
(5230, 181, 5, '11:00 AM', 1),
(5231, 181, 5, '12:00 PM', 1),
(5232, 181, 5, '1:00 PM', 1),
(5233, 181, 5, '2:00 PM', 1),
(5234, 181, 5, '3:00 PM', 1),
(5235, 181, 5, '4:00 PM', 1),
(5236, 181, 5, '5:00 PM', 1),
(5237, 181, 5, '6:00 PM', 1),
(5238, 182, 2, '11:00 AM', 1),
(5239, 182, 2, '12:00 PM', 1),
(5240, 182, 4, '11:00 AM', 1),
(5241, 182, 4, '12:00 PM', 1),
(5242, 182, 5, '11:00 AM', 1),
(5243, 182, 5, '12:00 PM', 1),
(5244, 182, 6, '11:00 AM', 1),
(5245, 182, 6, '12:00 PM', 1),
(5246, 182, 7, '11:00 AM', 1),
(5247, 182, 7, '12:00 PM', 1),
(5248, 183, 7, '6:00 AM', 1),
(5249, 183, 7, '7:00 AM', 1),
(5250, 183, 7, '8:00 AM', 1),
(5251, 183, 7, '9:00 AM', 1),
(5252, 183, 7, '10:00 AM', 1),
(5253, 183, 7, '11:00 AM', 1),
(5254, 183, 7, '12:00 PM', 1),
(5255, 183, 7, '1:00 PM', 1),
(5256, 183, 7, '2:00 PM', 1),
(5257, 183, 7, '3:00 PM', 1),
(5258, 183, 7, '4:00 PM', 1),
(5259, 183, 7, '5:00 PM', 1),
(5260, 183, 7, '6:00 PM', 1),
(5261, 183, 5, '6:00 AM', 1),
(5262, 183, 5, '7:00 AM', 1),
(5263, 183, 5, '8:00 AM', 1),
(5264, 183, 5, '9:00 AM', 1),
(5265, 183, 5, '10:00 AM', 1),
(5266, 183, 5, '11:00 AM', 1),
(5267, 183, 5, '12:00 PM', 1),
(5268, 183, 5, '1:00 PM', 1),
(5269, 183, 5, '2:00 PM', 1),
(5270, 183, 5, '3:00 PM', 1),
(5271, 183, 5, '4:00 PM', 1),
(5272, 183, 5, '5:00 PM', 1),
(5273, 183, 5, '6:00 PM', 1),
(5274, 184, 3, '9:00 AM', 1),
(5275, 184, 3, '10:00 AM', 1),
(5276, 184, 3, '11:00 AM', 1),
(5277, 184, 3, '12:00 PM', 1),
(5278, 184, 3, '1:00 PM', 1),
(5279, 184, 3, '2:00 PM', 1),
(5280, 184, 3, '3:00 PM', 1),
(5281, 184, 3, '4:00 PM', 1),
(5282, 184, 3, '5:00 PM', 1),
(5283, 184, 3, '6:00 PM', 1),
(5284, 184, 4, '9:00 AM', 1),
(5285, 184, 4, '10:00 AM', 1),
(5286, 184, 4, '11:00 AM', 1),
(5287, 184, 4, '12:00 PM', 1),
(5288, 184, 4, '1:00 PM', 1),
(5289, 184, 4, '2:00 PM', 1),
(5290, 184, 4, '3:00 PM', 1),
(5291, 184, 4, '4:00 PM', 1),
(5292, 184, 4, '5:00 PM', 1),
(5293, 184, 4, '6:00 PM', 1),
(5294, 184, 6, '9:00 AM', 1),
(5295, 184, 6, '10:00 AM', 1),
(5296, 184, 6, '11:00 AM', 1),
(5297, 184, 6, '12:00 PM', 1),
(5298, 184, 6, '1:00 PM', 1),
(5299, 184, 6, '2:00 PM', 1),
(5300, 184, 6, '3:00 PM', 1),
(5301, 184, 6, '4:00 PM', 1),
(5302, 184, 6, '5:00 PM', 1),
(5303, 184, 6, '6:00 PM', 1),
(5304, 184, 7, '9:00 AM', 1),
(5305, 184, 7, '10:00 AM', 1),
(5306, 184, 7, '11:00 AM', 1),
(5307, 184, 7, '12:00 PM', 1),
(5308, 184, 7, '1:00 PM', 1),
(5309, 184, 7, '2:00 PM', 1),
(5310, 184, 7, '3:00 PM', 1),
(5311, 184, 7, '4:00 PM', 1),
(5312, 184, 7, '5:00 PM', 1),
(5313, 184, 7, '6:00 PM', 1),
(5314, 184, 1, '9:00 AM', 1),
(5315, 184, 1, '10:00 AM', 1),
(5316, 184, 1, '11:00 AM', 1),
(5317, 184, 1, '12:00 PM', 1),
(5318, 184, 1, '1:00 PM', 1),
(5319, 184, 1, '2:00 PM', 1),
(5320, 184, 1, '3:00 PM', 1),
(5321, 184, 1, '4:00 PM', 1),
(5322, 184, 1, '5:00 PM', 1),
(5323, 184, 1, '6:00 PM', 1),
(5324, 185, 4, '12:00 PM', 1),
(5325, 185, 4, '1:00 PM', 1),
(5326, 185, 4, '2:00 PM', 1),
(5327, 185, 4, '3:00 PM', 1),
(5328, 185, 4, '4:00 PM', 1),
(5329, 185, 4, '5:00 PM', 1),
(5330, 185, 4, '6:00 PM', 1),
(5331, 185, 4, '7:00 PM', 1),
(5332, 185, 4, '8:00 PM', 1),
(5333, 185, 6, '12:00 PM', 1),
(5334, 185, 6, '1:00 PM', 1),
(5335, 185, 6, '2:00 PM', 1),
(5336, 185, 6, '3:00 PM', 1),
(5337, 185, 6, '4:00 PM', 1),
(5338, 185, 6, '5:00 PM', 1),
(5339, 185, 6, '6:00 PM', 1),
(5340, 185, 6, '7:00 PM', 1),
(5341, 185, 6, '8:00 PM', 1),
(5342, 186, 4, '6:00 AM', 1),
(5343, 186, 4, '7:00 AM', 1),
(5344, 186, 4, '8:00 AM', 1),
(5345, 186, 4, '9:00 AM', 1),
(5346, 186, 4, '10:00 AM', 1),
(5347, 186, 4, '11:00 AM', 1),
(5348, 186, 4, '12:00 PM', 1),
(5349, 186, 4, '1:00 PM', 1),
(5350, 186, 4, '2:00 PM', 1),
(5351, 186, 3, '6:00 AM', 1),
(5352, 186, 3, '7:00 AM', 1),
(5353, 186, 3, '8:00 AM', 1),
(5354, 186, 3, '9:00 AM', 1),
(5355, 186, 3, '10:00 AM', 1),
(5356, 186, 3, '11:00 AM', 1),
(5357, 186, 3, '12:00 PM', 1),
(5358, 186, 3, '1:00 PM', 1),
(5359, 186, 3, '2:00 PM', 1),
(5360, 186, 5, '6:00 AM', 1),
(5361, 186, 5, '7:00 AM', 1),
(5362, 186, 5, '8:00 AM', 1),
(5363, 186, 5, '9:00 AM', 1),
(5364, 186, 5, '10:00 AM', 1),
(5365, 186, 5, '11:00 AM', 1),
(5366, 186, 5, '12:00 PM', 1),
(5367, 186, 5, '1:00 PM', 1),
(5368, 186, 5, '2:00 PM', 1),
(5369, 187, 3, '10:00 AM', 1),
(5370, 187, 3, '11:00 AM', 1),
(5371, 187, 3, '12:00 PM', 1),
(5372, 187, 3, '1:00 PM', 1),
(5373, 187, 3, '2:00 PM', 1),
(5374, 187, 3, '3:00 PM', 1),
(5375, 187, 3, '4:00 PM', 1),
(5376, 187, 3, '5:00 PM', 1),
(5377, 187, 3, '6:00 PM', 1),
(5378, 187, 3, '7:00 PM', 1),
(5379, 187, 3, '8:00 PM', 1),
(5380, 187, 3, '9:00 PM', 1),
(5381, 187, 5, '10:00 AM', 1),
(5382, 187, 5, '11:00 AM', 1),
(5383, 187, 5, '12:00 PM', 1),
(5384, 187, 5, '1:00 PM', 1),
(5385, 187, 5, '2:00 PM', 1),
(5386, 187, 5, '3:00 PM', 1),
(5387, 187, 5, '4:00 PM', 1),
(5388, 187, 5, '5:00 PM', 1),
(5389, 187, 5, '6:00 PM', 1),
(5390, 187, 5, '7:00 PM', 1),
(5391, 187, 5, '8:00 PM', 1),
(5392, 187, 5, '9:00 PM', 1),
(5393, 187, 4, '10:00 AM', 1),
(5394, 187, 4, '11:00 AM', 1),
(5395, 187, 4, '12:00 PM', 1),
(5396, 187, 4, '1:00 PM', 1),
(5397, 187, 4, '2:00 PM', 1),
(5398, 187, 4, '3:00 PM', 1),
(5399, 187, 4, '4:00 PM', 1),
(5400, 187, 4, '5:00 PM', 1),
(5401, 187, 4, '6:00 PM', 1),
(5402, 187, 4, '7:00 PM', 1),
(5403, 187, 4, '8:00 PM', 1),
(5404, 187, 4, '9:00 PM', 1),
(5405, 187, 6, '10:00 AM', 1),
(5406, 187, 6, '11:00 AM', 1),
(5407, 187, 6, '12:00 PM', 1),
(5408, 187, 6, '1:00 PM', 1),
(5409, 187, 6, '2:00 PM', 1),
(5410, 187, 6, '3:00 PM', 1),
(5411, 187, 6, '4:00 PM', 1),
(5412, 187, 6, '5:00 PM', 1),
(5413, 187, 6, '6:00 PM', 1),
(5414, 187, 6, '7:00 PM', 1),
(5415, 187, 6, '8:00 PM', 1),
(5416, 187, 6, '9:00 PM', 1),
(5417, 188, 4, '6:00 AM', 1),
(5418, 188, 4, '7:00 AM', 1),
(5419, 188, 4, '8:00 AM', 1),
(5420, 188, 4, '9:00 AM', 1),
(5421, 188, 4, '10:00 AM', 1),
(5422, 188, 4, '11:00 AM', 1),
(5423, 188, 4, '12:00 PM', 1),
(5424, 188, 4, '1:00 PM', 1),
(5425, 188, 4, '2:00 PM', 1),
(5426, 188, 4, '3:00 PM', 1),
(5427, 188, 4, '4:00 PM', 1),
(5428, 188, 4, '5:00 PM', 1),
(5429, 188, 4, '6:00 PM', 1),
(5430, 188, 4, '7:00 PM', 1),
(5431, 188, 1, '6:00 AM', 1),
(5432, 188, 1, '7:00 AM', 1),
(5433, 188, 1, '8:00 AM', 1),
(5434, 188, 1, '9:00 AM', 1),
(5435, 188, 1, '10:00 AM', 1),
(5436, 188, 1, '11:00 AM', 1),
(5437, 188, 1, '12:00 PM', 1),
(5438, 188, 1, '1:00 PM', 1),
(5439, 188, 1, '2:00 PM', 1),
(5440, 188, 1, '3:00 PM', 1),
(5441, 188, 1, '4:00 PM', 1),
(5442, 188, 1, '5:00 PM', 1),
(5443, 188, 1, '6:00 PM', 1);
INSERT INTO `dates` (`id`, `expert_id`, `day_id`, `time`, `available`) VALUES
(5444, 188, 1, '7:00 PM', 1),
(5445, 188, 2, '6:00 AM', 1),
(5446, 188, 2, '7:00 AM', 1),
(5447, 188, 2, '8:00 AM', 1),
(5448, 188, 2, '9:00 AM', 1),
(5449, 188, 2, '10:00 AM', 1),
(5450, 188, 2, '11:00 AM', 1),
(5451, 188, 2, '12:00 PM', 1),
(5452, 188, 2, '1:00 PM', 1),
(5453, 188, 2, '2:00 PM', 1),
(5454, 188, 2, '3:00 PM', 1),
(5455, 188, 2, '4:00 PM', 1),
(5456, 188, 2, '5:00 PM', 1),
(5457, 188, 2, '6:00 PM', 1),
(5458, 188, 2, '7:00 PM', 1),
(5459, 189, 5, '7:00 AM', 1),
(5460, 189, 5, '8:00 AM', 1),
(5461, 189, 5, '9:00 AM', 1),
(5462, 189, 5, '10:00 AM', 1),
(5463, 189, 5, '11:00 AM', 1),
(5464, 189, 5, '12:00 PM', 1),
(5465, 189, 5, '1:00 PM', 1),
(5466, 189, 5, '2:00 PM', 1),
(5467, 189, 5, '3:00 PM', 1),
(5468, 189, 5, '4:00 PM', 1),
(5469, 189, 4, '7:00 AM', 1),
(5470, 189, 4, '8:00 AM', 1),
(5471, 189, 4, '9:00 AM', 1),
(5472, 189, 4, '10:00 AM', 1),
(5473, 189, 4, '11:00 AM', 1),
(5474, 189, 4, '12:00 PM', 1),
(5475, 189, 4, '1:00 PM', 1),
(5476, 189, 4, '2:00 PM', 1),
(5477, 189, 4, '3:00 PM', 1),
(5478, 189, 4, '4:00 PM', 1),
(5479, 189, 7, '7:00 AM', 1),
(5480, 189, 7, '8:00 AM', 1),
(5481, 189, 7, '9:00 AM', 1),
(5482, 189, 7, '10:00 AM', 1),
(5483, 189, 7, '11:00 AM', 1),
(5484, 189, 7, '12:00 PM', 1),
(5485, 189, 7, '1:00 PM', 1),
(5486, 189, 7, '2:00 PM', 1),
(5487, 189, 7, '3:00 PM', 1),
(5488, 189, 7, '4:00 PM', 1),
(5489, 189, 1, '7:00 AM', 1),
(5490, 189, 1, '8:00 AM', 1),
(5491, 189, 1, '9:00 AM', 1),
(5492, 189, 1, '10:00 AM', 1),
(5493, 189, 1, '11:00 AM', 1),
(5494, 189, 1, '12:00 PM', 1),
(5495, 189, 1, '1:00 PM', 1),
(5496, 189, 1, '2:00 PM', 1),
(5497, 189, 1, '3:00 PM', 1),
(5498, 189, 1, '4:00 PM', 1),
(5499, 190, 4, '6:00 AM', 1),
(5500, 190, 4, '7:00 AM', 1),
(5501, 190, 4, '8:00 AM', 1),
(5502, 190, 4, '9:00 AM', 1),
(5503, 190, 4, '10:00 AM', 1),
(5504, 190, 4, '11:00 AM', 1),
(5505, 190, 4, '12:00 PM', 1),
(5506, 190, 4, '1:00 PM', 1),
(5507, 190, 4, '2:00 PM', 1),
(5508, 190, 4, '3:00 PM', 1),
(5509, 190, 4, '4:00 PM', 1),
(5510, 190, 7, '6:00 AM', 1),
(5511, 190, 7, '7:00 AM', 1),
(5512, 190, 7, '8:00 AM', 1),
(5513, 190, 7, '9:00 AM', 1),
(5514, 190, 7, '10:00 AM', 1),
(5515, 190, 7, '11:00 AM', 1),
(5516, 190, 7, '12:00 PM', 1),
(5517, 190, 7, '1:00 PM', 1),
(5518, 190, 7, '2:00 PM', 1),
(5519, 190, 7, '3:00 PM', 1),
(5520, 190, 7, '4:00 PM', 1),
(5521, 191, 4, '6:00 AM', 1),
(5522, 191, 4, '7:00 AM', 1),
(5523, 191, 4, '8:00 AM', 1),
(5524, 191, 4, '9:00 AM', 1),
(5525, 191, 4, '10:00 AM', 1),
(5526, 191, 4, '11:00 AM', 1),
(5527, 191, 4, '12:00 PM', 1),
(5528, 191, 4, '1:00 PM', 1),
(5529, 191, 4, '2:00 PM', 1),
(5530, 191, 4, '3:00 PM', 1),
(5531, 191, 4, '4:00 PM', 1),
(5532, 191, 3, '6:00 AM', 1),
(5533, 191, 3, '7:00 AM', 1),
(5534, 191, 3, '8:00 AM', 1),
(5535, 191, 3, '9:00 AM', 1),
(5536, 191, 3, '10:00 AM', 1),
(5537, 191, 3, '11:00 AM', 1),
(5538, 191, 3, '12:00 PM', 1),
(5539, 191, 3, '1:00 PM', 1),
(5540, 191, 3, '2:00 PM', 1),
(5541, 191, 3, '3:00 PM', 1),
(5542, 191, 3, '4:00 PM', 1),
(5543, 191, 6, '6:00 AM', 1),
(5544, 191, 6, '7:00 AM', 1),
(5545, 191, 6, '8:00 AM', 1),
(5546, 191, 6, '9:00 AM', 1),
(5547, 191, 6, '10:00 AM', 1),
(5548, 191, 6, '11:00 AM', 1),
(5549, 191, 6, '12:00 PM', 1),
(5550, 191, 6, '1:00 PM', 1),
(5551, 191, 6, '2:00 PM', 1),
(5552, 191, 6, '3:00 PM', 1),
(5553, 191, 6, '4:00 PM', 1),
(5554, 191, 1, '6:00 AM', 1),
(5555, 191, 1, '7:00 AM', 1),
(5556, 191, 1, '8:00 AM', 1),
(5557, 191, 1, '9:00 AM', 1),
(5558, 191, 1, '10:00 AM', 1),
(5559, 191, 1, '11:00 AM', 1),
(5560, 191, 1, '12:00 PM', 1),
(5561, 191, 1, '1:00 PM', 1),
(5562, 191, 1, '2:00 PM', 1),
(5563, 191, 1, '3:00 PM', 1),
(5564, 191, 1, '4:00 PM', 1),
(5565, 191, 7, '6:00 AM', 1),
(5566, 191, 7, '7:00 AM', 1),
(5567, 191, 7, '8:00 AM', 1),
(5568, 191, 7, '9:00 AM', 1),
(5569, 191, 7, '10:00 AM', 1),
(5570, 191, 7, '11:00 AM', 1),
(5571, 191, 7, '12:00 PM', 1),
(5572, 191, 7, '1:00 PM', 1),
(5573, 191, 7, '2:00 PM', 1),
(5574, 191, 7, '3:00 PM', 1),
(5575, 191, 7, '4:00 PM', 1),
(5576, 192, 1, '10:00 AM', 1),
(5577, 192, 1, '11:00 AM', 1),
(5578, 192, 1, '12:00 PM', 1),
(5579, 192, 1, '1:00 PM', 1),
(5580, 192, 1, '2:00 PM', 1),
(5581, 192, 5, '10:00 AM', 1),
(5582, 192, 5, '11:00 AM', 1),
(5583, 192, 5, '12:00 PM', 1),
(5584, 192, 5, '1:00 PM', 1),
(5585, 192, 5, '2:00 PM', 1),
(5586, 193, 3, '10:00 AM', 1),
(5587, 193, 3, '11:00 AM', 1),
(5588, 193, 3, '12:00 PM', 1),
(5589, 193, 3, '1:00 PM', 1),
(5590, 193, 3, '2:00 PM', 1),
(5591, 193, 2, '10:00 AM', 1),
(5592, 193, 2, '11:00 AM', 1),
(5593, 193, 2, '12:00 PM', 1),
(5594, 193, 2, '1:00 PM', 1),
(5595, 193, 2, '2:00 PM', 1),
(5596, 193, 1, '10:00 AM', 1),
(5597, 193, 1, '11:00 AM', 1),
(5598, 193, 1, '12:00 PM', 1),
(5599, 193, 1, '1:00 PM', 1),
(5600, 193, 1, '2:00 PM', 1),
(5601, 193, 7, '10:00 AM', 1),
(5602, 193, 7, '11:00 AM', 1),
(5603, 193, 7, '12:00 PM', 1),
(5604, 193, 7, '1:00 PM', 1),
(5605, 193, 7, '2:00 PM', 1),
(5606, 193, 6, '10:00 AM', 1),
(5607, 193, 6, '11:00 AM', 1),
(5608, 193, 6, '12:00 PM', 1),
(5609, 193, 6, '1:00 PM', 1),
(5610, 193, 6, '2:00 PM', 1),
(5611, 194, 2, '11:00 AM', 1),
(5612, 194, 2, '12:00 PM', 1),
(5613, 194, 2, '1:00 PM', 1),
(5614, 194, 6, '11:00 AM', 1),
(5615, 194, 6, '12:00 PM', 1),
(5616, 194, 6, '1:00 PM', 1),
(5617, 194, 7, '11:00 AM', 1),
(5618, 194, 7, '12:00 PM', 1),
(5619, 194, 7, '1:00 PM', 1),
(5620, 194, 4, '11:00 AM', 1),
(5621, 194, 4, '12:00 PM', 1),
(5622, 194, 4, '1:00 PM', 1),
(5623, 195, 2, '12:00 PM', 1),
(5624, 195, 2, '1:00 PM', 1),
(5625, 195, 2, '2:00 PM', 1),
(5626, 195, 2, '3:00 PM', 1),
(5627, 195, 2, '4:00 PM', 1),
(5628, 195, 2, '5:00 PM', 1),
(5629, 195, 2, '6:00 PM', 1),
(5630, 195, 2, '7:00 PM', 1),
(5631, 195, 2, '8:00 PM', 1),
(5632, 195, 2, '9:00 PM', 1),
(5633, 195, 6, '12:00 PM', 1),
(5634, 195, 6, '1:00 PM', 1),
(5635, 195, 6, '2:00 PM', 1),
(5636, 195, 6, '3:00 PM', 1),
(5637, 195, 6, '4:00 PM', 1),
(5638, 195, 6, '5:00 PM', 1),
(5639, 195, 6, '6:00 PM', 1),
(5640, 195, 6, '7:00 PM', 1),
(5641, 195, 6, '8:00 PM', 1),
(5642, 195, 6, '9:00 PM', 1),
(5643, 195, 5, '12:00 PM', 1),
(5644, 195, 5, '1:00 PM', 1),
(5645, 195, 5, '2:00 PM', 1),
(5646, 195, 5, '3:00 PM', 1),
(5647, 195, 5, '4:00 PM', 1),
(5648, 195, 5, '5:00 PM', 1),
(5649, 195, 5, '6:00 PM', 1),
(5650, 195, 5, '7:00 PM', 1),
(5651, 195, 5, '8:00 PM', 1),
(5652, 195, 5, '9:00 PM', 1),
(5653, 195, 7, '12:00 PM', 1),
(5654, 195, 7, '1:00 PM', 1),
(5655, 195, 7, '2:00 PM', 1),
(5656, 195, 7, '3:00 PM', 1),
(5657, 195, 7, '4:00 PM', 1),
(5658, 195, 7, '5:00 PM', 1),
(5659, 195, 7, '6:00 PM', 1),
(5660, 195, 7, '7:00 PM', 1),
(5661, 195, 7, '8:00 PM', 1),
(5662, 195, 7, '9:00 PM', 1),
(5663, 195, 3, '12:00 PM', 1),
(5664, 195, 3, '1:00 PM', 1),
(5665, 195, 3, '2:00 PM', 1),
(5666, 195, 3, '3:00 PM', 1),
(5667, 195, 3, '4:00 PM', 1),
(5668, 195, 3, '5:00 PM', 1),
(5669, 195, 3, '6:00 PM', 1),
(5670, 195, 3, '7:00 PM', 1),
(5671, 195, 3, '8:00 PM', 1),
(5672, 195, 3, '9:00 PM', 1),
(5673, 196, 2, '7:00 AM', 1),
(5674, 196, 2, '8:00 AM', 1),
(5675, 196, 2, '9:00 AM', 1),
(5676, 196, 2, '10:00 AM', 1),
(5677, 196, 2, '11:00 AM', 1),
(5678, 196, 2, '12:00 PM', 1),
(5679, 196, 2, '1:00 PM', 1),
(5680, 196, 2, '2:00 PM', 1),
(5681, 196, 2, '3:00 PM', 1),
(5682, 196, 2, '4:00 PM', 1),
(5683, 196, 2, '5:00 PM', 1),
(5684, 196, 2, '6:00 PM', 1),
(5685, 196, 2, '7:00 PM', 1),
(5686, 196, 1, '7:00 AM', 1),
(5687, 196, 1, '8:00 AM', 1),
(5688, 196, 1, '9:00 AM', 1),
(5689, 196, 1, '10:00 AM', 1),
(5690, 196, 1, '11:00 AM', 1),
(5691, 196, 1, '12:00 PM', 1),
(5692, 196, 1, '1:00 PM', 1),
(5693, 196, 1, '2:00 PM', 1),
(5694, 196, 1, '3:00 PM', 1),
(5695, 196, 1, '4:00 PM', 1),
(5696, 196, 1, '5:00 PM', 1),
(5697, 196, 1, '6:00 PM', 1),
(5698, 196, 1, '7:00 PM', 1),
(5699, 196, 3, '7:00 AM', 1),
(5700, 196, 3, '8:00 AM', 1),
(5701, 196, 3, '9:00 AM', 1),
(5702, 196, 3, '10:00 AM', 1),
(5703, 196, 3, '11:00 AM', 1),
(5704, 196, 3, '12:00 PM', 1),
(5705, 196, 3, '1:00 PM', 1),
(5706, 196, 3, '2:00 PM', 1),
(5707, 196, 3, '3:00 PM', 1),
(5708, 196, 3, '4:00 PM', 1),
(5709, 196, 3, '5:00 PM', 1),
(5710, 196, 3, '6:00 PM', 1),
(5711, 196, 3, '7:00 PM', 1),
(5712, 196, 6, '7:00 AM', 1),
(5713, 196, 6, '8:00 AM', 1),
(5714, 196, 6, '9:00 AM', 1),
(5715, 196, 6, '10:00 AM', 1),
(5716, 196, 6, '11:00 AM', 1),
(5717, 196, 6, '12:00 PM', 1),
(5718, 196, 6, '1:00 PM', 1),
(5719, 196, 6, '2:00 PM', 1),
(5720, 196, 6, '3:00 PM', 1),
(5721, 196, 6, '4:00 PM', 1),
(5722, 196, 6, '5:00 PM', 1),
(5723, 196, 6, '6:00 PM', 1),
(5724, 196, 6, '7:00 PM', 1),
(5725, 197, 1, '11:00 AM', 1),
(5726, 197, 1, '12:00 PM', 1),
(5727, 197, 1, '1:00 PM', 1),
(5728, 197, 1, '2:00 PM', 1),
(5729, 197, 1, '3:00 PM', 1),
(5730, 197, 1, '4:00 PM', 1),
(5731, 197, 3, '11:00 AM', 1),
(5732, 197, 3, '12:00 PM', 1),
(5733, 197, 3, '1:00 PM', 1),
(5734, 197, 3, '2:00 PM', 1),
(5735, 197, 3, '3:00 PM', 1),
(5736, 197, 3, '4:00 PM', 1),
(5737, 198, 6, '8:00 AM', 1),
(5738, 198, 6, '9:00 AM', 1),
(5739, 198, 6, '10:00 AM', 1),
(5740, 198, 6, '11:00 AM', 1),
(5741, 198, 6, '12:00 PM', 1),
(5742, 198, 1, '8:00 AM', 1),
(5743, 198, 1, '9:00 AM', 1),
(5744, 198, 1, '10:00 AM', 1),
(5745, 198, 1, '11:00 AM', 1),
(5746, 198, 1, '12:00 PM', 1),
(5747, 198, 3, '8:00 AM', 1),
(5748, 198, 3, '9:00 AM', 1),
(5749, 198, 3, '10:00 AM', 1),
(5750, 198, 3, '11:00 AM', 1),
(5751, 198, 3, '12:00 PM', 1),
(5752, 199, 5, '11:00 AM', 1),
(5753, 199, 5, '12:00 PM', 1),
(5754, 199, 5, '1:00 PM', 1),
(5755, 199, 5, '2:00 PM', 1),
(5756, 199, 5, '3:00 PM', 1),
(5757, 199, 5, '4:00 PM', 1),
(5758, 199, 5, '5:00 PM', 1),
(5759, 199, 5, '6:00 PM', 1),
(5760, 199, 5, '7:00 PM', 1),
(5761, 199, 1, '11:00 AM', 1),
(5762, 199, 1, '12:00 PM', 1),
(5763, 199, 1, '1:00 PM', 1),
(5764, 199, 1, '2:00 PM', 1),
(5765, 199, 1, '3:00 PM', 1),
(5766, 199, 1, '4:00 PM', 1),
(5767, 199, 1, '5:00 PM', 1),
(5768, 199, 1, '6:00 PM', 1),
(5769, 199, 1, '7:00 PM', 1),
(5770, 199, 6, '11:00 AM', 1),
(5771, 199, 6, '12:00 PM', 1),
(5772, 199, 6, '1:00 PM', 1),
(5773, 199, 6, '2:00 PM', 1),
(5774, 199, 6, '3:00 PM', 1),
(5775, 199, 6, '4:00 PM', 1),
(5776, 199, 6, '5:00 PM', 1),
(5777, 199, 6, '6:00 PM', 1),
(5778, 199, 6, '7:00 PM', 1),
(5779, 200, 7, '8:00 AM', 1),
(5780, 200, 7, '9:00 AM', 1),
(5781, 200, 7, '10:00 AM', 1),
(5782, 200, 7, '11:00 AM', 1),
(5783, 200, 7, '12:00 PM', 1),
(5784, 200, 7, '1:00 PM', 1),
(5785, 200, 7, '2:00 PM', 1),
(5786, 200, 7, '3:00 PM', 1),
(5787, 200, 7, '4:00 PM', 1),
(5788, 200, 7, '5:00 PM', 1),
(5789, 200, 7, '6:00 PM', 1),
(5790, 200, 7, '7:00 PM', 1),
(5791, 200, 4, '8:00 AM', 1),
(5792, 200, 4, '9:00 AM', 1),
(5793, 200, 4, '10:00 AM', 1),
(5794, 200, 4, '11:00 AM', 1),
(5795, 200, 4, '12:00 PM', 1),
(5796, 200, 4, '1:00 PM', 1),
(5797, 200, 4, '2:00 PM', 1),
(5798, 200, 4, '3:00 PM', 1),
(5799, 200, 4, '4:00 PM', 1),
(5800, 200, 4, '5:00 PM', 1),
(5801, 200, 4, '6:00 PM', 1),
(5802, 200, 4, '7:00 PM', 1),
(5803, 200, 1, '8:00 AM', 1),
(5804, 200, 1, '9:00 AM', 1),
(5805, 200, 1, '10:00 AM', 1),
(5806, 200, 1, '11:00 AM', 1),
(5807, 200, 1, '12:00 PM', 1),
(5808, 200, 1, '1:00 PM', 1),
(5809, 200, 1, '2:00 PM', 1),
(5810, 200, 1, '3:00 PM', 1),
(5811, 200, 1, '4:00 PM', 1),
(5812, 200, 1, '5:00 PM', 1),
(5813, 200, 1, '6:00 PM', 1),
(5814, 200, 1, '7:00 PM', 1),
(5815, 201, 2, '10:00 AM', 1),
(5816, 201, 2, '11:00 AM', 1),
(5817, 201, 2, '12:00 PM', 1),
(5818, 201, 2, '1:00 PM', 1),
(5819, 201, 2, '2:00 PM', 1),
(5820, 201, 2, '3:00 PM', 1),
(5821, 201, 2, '4:00 PM', 1),
(5822, 201, 4, '10:00 AM', 1),
(5823, 201, 4, '11:00 AM', 1),
(5824, 201, 4, '12:00 PM', 1),
(5825, 201, 4, '1:00 PM', 1),
(5826, 201, 4, '2:00 PM', 1),
(5827, 201, 4, '3:00 PM', 1),
(5828, 201, 4, '4:00 PM', 1),
(5829, 201, 1, '10:00 AM', 1),
(5830, 201, 1, '11:00 AM', 1),
(5831, 201, 1, '12:00 PM', 1),
(5832, 201, 1, '1:00 PM', 1),
(5833, 201, 1, '2:00 PM', 1),
(5834, 201, 1, '3:00 PM', 1),
(5835, 201, 1, '4:00 PM', 1),
(5836, 201, 3, '10:00 AM', 1),
(5837, 201, 3, '11:00 AM', 1),
(5838, 201, 3, '12:00 PM', 1),
(5839, 201, 3, '1:00 PM', 1),
(5840, 201, 3, '2:00 PM', 1),
(5841, 201, 3, '3:00 PM', 1),
(5842, 201, 3, '4:00 PM', 1),
(5843, 202, 1, '12:00 PM', 1),
(5844, 202, 1, '1:00 PM', 1),
(5845, 202, 1, '2:00 PM', 1),
(5846, 202, 1, '3:00 PM', 1),
(5847, 202, 1, '4:00 PM', 1),
(5848, 202, 1, '5:00 PM', 1),
(5849, 202, 1, '6:00 PM', 1),
(5850, 202, 1, '7:00 PM', 1),
(5851, 202, 1, '8:00 PM', 1),
(5852, 202, 3, '12:00 PM', 1),
(5853, 202, 3, '1:00 PM', 1),
(5854, 202, 3, '2:00 PM', 1),
(5855, 202, 3, '3:00 PM', 1),
(5856, 202, 3, '4:00 PM', 1),
(5857, 202, 3, '5:00 PM', 1),
(5858, 202, 3, '6:00 PM', 1),
(5859, 202, 3, '7:00 PM', 1),
(5860, 202, 3, '8:00 PM', 1),
(5861, 202, 2, '12:00 PM', 1),
(5862, 202, 2, '1:00 PM', 1),
(5863, 202, 2, '2:00 PM', 1),
(5864, 202, 2, '3:00 PM', 1),
(5865, 202, 2, '4:00 PM', 1),
(5866, 202, 2, '5:00 PM', 1),
(5867, 202, 2, '6:00 PM', 1),
(5868, 202, 2, '7:00 PM', 1),
(5869, 202, 2, '8:00 PM', 1),
(5870, 202, 4, '12:00 PM', 1),
(5871, 202, 4, '1:00 PM', 1),
(5872, 202, 4, '2:00 PM', 1),
(5873, 202, 4, '3:00 PM', 1),
(5874, 202, 4, '4:00 PM', 1),
(5875, 202, 4, '5:00 PM', 1),
(5876, 202, 4, '6:00 PM', 1),
(5877, 202, 4, '7:00 PM', 1),
(5878, 202, 4, '8:00 PM', 1),
(5879, 203, 4, '8:00 AM', 1),
(5880, 203, 4, '9:00 AM', 1),
(5881, 203, 4, '10:00 AM', 1),
(5882, 203, 4, '11:00 AM', 1),
(5883, 203, 4, '12:00 PM', 1),
(5884, 203, 4, '1:00 PM', 1),
(5885, 203, 4, '2:00 PM', 1),
(5886, 203, 4, '3:00 PM', 1),
(5887, 203, 4, '4:00 PM', 1),
(5888, 203, 4, '5:00 PM', 1),
(5889, 203, 4, '6:00 PM', 1),
(5890, 203, 1, '8:00 AM', 1),
(5891, 203, 1, '9:00 AM', 1),
(5892, 203, 1, '10:00 AM', 1),
(5893, 203, 1, '11:00 AM', 1),
(5894, 203, 1, '12:00 PM', 1),
(5895, 203, 1, '1:00 PM', 1),
(5896, 203, 1, '2:00 PM', 1),
(5897, 203, 1, '3:00 PM', 1),
(5898, 203, 1, '4:00 PM', 1),
(5899, 203, 1, '5:00 PM', 1),
(5900, 203, 1, '6:00 PM', 1),
(5901, 204, 3, '6:00 AM', 1),
(5902, 204, 3, '7:00 AM', 1),
(5903, 204, 3, '8:00 AM', 1),
(5904, 204, 3, '9:00 AM', 1),
(5905, 204, 3, '10:00 AM', 1),
(5906, 204, 3, '11:00 AM', 1),
(5907, 204, 3, '12:00 PM', 1),
(5908, 204, 3, '1:00 PM', 1),
(5909, 204, 4, '6:00 AM', 1),
(5910, 204, 4, '7:00 AM', 1),
(5911, 204, 4, '8:00 AM', 1),
(5912, 204, 4, '9:00 AM', 1),
(5913, 204, 4, '10:00 AM', 1),
(5914, 204, 4, '11:00 AM', 1),
(5915, 204, 4, '12:00 PM', 1),
(5916, 204, 4, '1:00 PM', 1),
(5917, 204, 7, '6:00 AM', 1),
(5918, 204, 7, '7:00 AM', 1),
(5919, 204, 7, '8:00 AM', 1),
(5920, 204, 7, '9:00 AM', 1),
(5921, 204, 7, '10:00 AM', 1),
(5922, 204, 7, '11:00 AM', 1),
(5923, 204, 7, '12:00 PM', 1),
(5924, 204, 7, '1:00 PM', 1),
(5925, 205, 7, '7:00 AM', 1),
(5926, 205, 7, '8:00 AM', 1),
(5927, 205, 7, '9:00 AM', 1),
(5928, 205, 7, '10:00 AM', 1),
(5929, 205, 7, '11:00 AM', 1),
(5930, 205, 7, '12:00 PM', 1),
(5931, 205, 7, '1:00 PM', 1),
(5932, 205, 7, '2:00 PM', 1),
(5933, 205, 7, '3:00 PM', 1),
(5934, 205, 7, '4:00 PM', 1),
(5935, 205, 7, '5:00 PM', 1),
(5936, 205, 7, '6:00 PM', 1),
(5937, 205, 6, '7:00 AM', 1),
(5938, 205, 6, '8:00 AM', 1),
(5939, 205, 6, '9:00 AM', 1),
(5940, 205, 6, '10:00 AM', 1),
(5941, 205, 6, '11:00 AM', 1),
(5942, 205, 6, '12:00 PM', 1),
(5943, 205, 6, '1:00 PM', 1),
(5944, 205, 6, '2:00 PM', 1),
(5945, 205, 6, '3:00 PM', 1),
(5946, 205, 6, '4:00 PM', 1),
(5947, 205, 6, '5:00 PM', 1),
(5948, 205, 6, '6:00 PM', 1),
(5949, 205, 1, '7:00 AM', 1),
(5950, 205, 1, '8:00 AM', 1),
(5951, 205, 1, '9:00 AM', 1),
(5952, 205, 1, '10:00 AM', 1),
(5953, 205, 1, '11:00 AM', 1),
(5954, 205, 1, '12:00 PM', 1),
(5955, 205, 1, '1:00 PM', 1),
(5956, 205, 1, '2:00 PM', 1),
(5957, 205, 1, '3:00 PM', 1),
(5958, 205, 1, '4:00 PM', 1),
(5959, 205, 1, '5:00 PM', 1),
(5960, 205, 1, '6:00 PM', 1),
(5961, 205, 4, '7:00 AM', 1),
(5962, 205, 4, '8:00 AM', 1),
(5963, 205, 4, '9:00 AM', 1),
(5964, 205, 4, '10:00 AM', 1),
(5965, 205, 4, '11:00 AM', 1),
(5966, 205, 4, '12:00 PM', 1),
(5967, 205, 4, '1:00 PM', 1),
(5968, 205, 4, '2:00 PM', 1),
(5969, 205, 4, '3:00 PM', 1),
(5970, 205, 4, '4:00 PM', 1),
(5971, 205, 4, '5:00 PM', 1),
(5972, 205, 4, '6:00 PM', 1),
(5973, 206, 6, '9:00 AM', 1),
(5974, 206, 6, '10:00 AM', 1),
(5975, 206, 6, '11:00 AM', 1),
(5976, 206, 6, '12:00 PM', 1),
(5977, 206, 6, '1:00 PM', 1),
(5978, 206, 5, '9:00 AM', 1),
(5979, 206, 5, '10:00 AM', 1),
(5980, 206, 5, '11:00 AM', 1),
(5981, 206, 5, '12:00 PM', 1),
(5982, 206, 5, '1:00 PM', 1),
(5983, 206, 1, '9:00 AM', 1),
(5984, 206, 1, '10:00 AM', 1),
(5985, 206, 1, '11:00 AM', 1),
(5986, 206, 1, '12:00 PM', 1),
(5987, 206, 1, '1:00 PM', 1),
(5988, 207, 2, '10:00 AM', 1),
(5989, 207, 2, '11:00 AM', 1),
(5990, 207, 2, '12:00 PM', 1),
(5991, 207, 2, '1:00 PM', 1),
(5992, 207, 2, '2:00 PM', 1),
(5993, 207, 2, '3:00 PM', 1),
(5994, 207, 2, '4:00 PM', 1),
(5995, 207, 2, '5:00 PM', 1),
(5996, 207, 2, '6:00 PM', 1),
(5997, 207, 2, '7:00 PM', 1),
(5998, 207, 2, '8:00 PM', 1),
(5999, 207, 6, '10:00 AM', 1),
(6000, 207, 6, '11:00 AM', 1),
(6001, 207, 6, '12:00 PM', 1),
(6002, 207, 6, '1:00 PM', 1),
(6003, 207, 6, '2:00 PM', 1),
(6004, 207, 6, '3:00 PM', 1),
(6005, 207, 6, '4:00 PM', 1),
(6006, 207, 6, '5:00 PM', 1),
(6007, 207, 6, '6:00 PM', 1),
(6008, 207, 6, '7:00 PM', 1),
(6009, 207, 6, '8:00 PM', 1),
(6010, 207, 3, '10:00 AM', 1),
(6011, 207, 3, '11:00 AM', 1),
(6012, 207, 3, '12:00 PM', 1),
(6013, 207, 3, '1:00 PM', 1),
(6014, 207, 3, '2:00 PM', 1),
(6015, 207, 3, '3:00 PM', 1),
(6016, 207, 3, '4:00 PM', 1),
(6017, 207, 3, '5:00 PM', 1),
(6018, 207, 3, '6:00 PM', 1),
(6019, 207, 3, '7:00 PM', 1),
(6020, 207, 3, '8:00 PM', 1),
(6021, 207, 7, '10:00 AM', 1),
(6022, 207, 7, '11:00 AM', 1),
(6023, 207, 7, '12:00 PM', 1),
(6024, 207, 7, '1:00 PM', 1),
(6025, 207, 7, '2:00 PM', 1),
(6026, 207, 7, '3:00 PM', 1),
(6027, 207, 7, '4:00 PM', 1),
(6028, 207, 7, '5:00 PM', 1),
(6029, 207, 7, '6:00 PM', 1),
(6030, 207, 7, '7:00 PM', 1),
(6031, 207, 7, '8:00 PM', 1),
(6032, 208, 3, '9:00 AM', 1),
(6033, 208, 3, '10:00 AM', 1),
(6034, 208, 3, '11:00 AM', 1),
(6035, 208, 3, '12:00 PM', 1),
(6036, 208, 3, '1:00 PM', 1),
(6037, 208, 3, '2:00 PM', 1),
(6038, 208, 3, '3:00 PM', 1),
(6039, 208, 3, '4:00 PM', 1),
(6040, 208, 3, '5:00 PM', 1),
(6041, 208, 3, '6:00 PM', 1),
(6042, 208, 3, '7:00 PM', 1),
(6043, 208, 1, '9:00 AM', 1),
(6044, 208, 1, '10:00 AM', 1),
(6045, 208, 1, '11:00 AM', 1),
(6046, 208, 1, '12:00 PM', 1),
(6047, 208, 1, '1:00 PM', 1),
(6048, 208, 1, '2:00 PM', 1),
(6049, 208, 1, '3:00 PM', 1),
(6050, 208, 1, '4:00 PM', 1),
(6051, 208, 1, '5:00 PM', 1),
(6052, 208, 1, '6:00 PM', 1),
(6053, 208, 1, '7:00 PM', 1),
(6054, 208, 5, '9:00 AM', 1),
(6055, 208, 5, '10:00 AM', 1),
(6056, 208, 5, '11:00 AM', 1),
(6057, 208, 5, '12:00 PM', 1),
(6058, 208, 5, '1:00 PM', 1),
(6059, 208, 5, '2:00 PM', 1),
(6060, 208, 5, '3:00 PM', 1),
(6061, 208, 5, '4:00 PM', 1),
(6062, 208, 5, '5:00 PM', 1),
(6063, 208, 5, '6:00 PM', 1),
(6064, 208, 5, '7:00 PM', 1),
(6065, 209, 4, '9:00 AM', 1),
(6066, 209, 4, '10:00 AM', 1),
(6067, 209, 4, '11:00 AM', 1),
(6068, 209, 4, '12:00 PM', 1),
(6069, 209, 4, '1:00 PM', 1),
(6070, 209, 4, '2:00 PM', 1),
(6071, 209, 4, '3:00 PM', 1),
(6072, 209, 4, '4:00 PM', 1),
(6073, 209, 4, '5:00 PM', 1),
(6074, 209, 3, '9:00 AM', 1),
(6075, 209, 3, '10:00 AM', 1),
(6076, 209, 3, '11:00 AM', 1),
(6077, 209, 3, '12:00 PM', 1),
(6078, 209, 3, '1:00 PM', 1),
(6079, 209, 3, '2:00 PM', 1),
(6080, 209, 3, '3:00 PM', 1),
(6081, 209, 3, '4:00 PM', 1),
(6082, 209, 3, '5:00 PM', 1),
(6083, 209, 1, '9:00 AM', 1),
(6084, 209, 1, '10:00 AM', 1),
(6085, 209, 1, '11:00 AM', 1),
(6086, 209, 1, '12:00 PM', 1),
(6087, 209, 1, '1:00 PM', 1),
(6088, 209, 1, '2:00 PM', 1),
(6089, 209, 1, '3:00 PM', 1),
(6090, 209, 1, '4:00 PM', 1),
(6091, 209, 1, '5:00 PM', 1),
(6092, 210, 3, '11:00 AM', 1),
(6093, 210, 3, '12:00 PM', 1),
(6094, 210, 6, '11:00 AM', 1),
(6095, 210, 6, '12:00 PM', 1),
(6096, 210, 5, '11:00 AM', 1),
(6097, 210, 5, '12:00 PM', 1),
(6098, 211, 6, '12:00 PM', 1),
(6099, 211, 6, '1:00 PM', 1),
(6100, 211, 1, '12:00 PM', 1),
(6101, 211, 1, '1:00 PM', 1),
(6102, 211, 2, '12:00 PM', 1),
(6103, 211, 2, '1:00 PM', 1),
(6104, 211, 4, '12:00 PM', 1),
(6105, 211, 4, '1:00 PM', 1),
(6106, 212, 2, '8:00 AM', 1),
(6107, 212, 2, '9:00 AM', 1),
(6108, 212, 2, '10:00 AM', 1),
(6109, 212, 2, '11:00 AM', 1),
(6110, 212, 2, '12:00 PM', 1),
(6111, 212, 7, '8:00 AM', 1),
(6112, 212, 7, '9:00 AM', 1),
(6113, 212, 7, '10:00 AM', 1),
(6114, 212, 7, '11:00 AM', 1),
(6115, 212, 7, '12:00 PM', 1),
(6116, 212, 6, '8:00 AM', 1),
(6117, 212, 6, '9:00 AM', 1),
(6118, 212, 6, '10:00 AM', 1),
(6119, 212, 6, '11:00 AM', 1),
(6120, 212, 6, '12:00 PM', 1),
(6121, 212, 4, '8:00 AM', 1),
(6122, 212, 4, '9:00 AM', 1),
(6123, 212, 4, '10:00 AM', 1),
(6124, 212, 4, '11:00 AM', 1),
(6125, 212, 4, '12:00 PM', 1),
(6126, 212, 5, '8:00 AM', 1),
(6127, 212, 5, '9:00 AM', 1),
(6128, 212, 5, '10:00 AM', 1),
(6129, 212, 5, '11:00 AM', 1),
(6130, 212, 5, '12:00 PM', 1),
(6131, 213, 7, '7:00 AM', 1),
(6132, 213, 7, '8:00 AM', 1),
(6133, 213, 7, '9:00 AM', 1),
(6134, 213, 7, '10:00 AM', 1),
(6135, 213, 7, '11:00 AM', 1),
(6136, 213, 7, '12:00 PM', 1),
(6137, 213, 7, '1:00 PM', 1),
(6138, 213, 7, '2:00 PM', 1),
(6139, 213, 7, '3:00 PM', 1),
(6140, 213, 7, '4:00 PM', 1),
(6141, 213, 7, '5:00 PM', 1),
(6142, 213, 6, '7:00 AM', 1),
(6143, 213, 6, '8:00 AM', 1),
(6144, 213, 6, '9:00 AM', 1),
(6145, 213, 6, '10:00 AM', 1),
(6146, 213, 6, '11:00 AM', 1),
(6147, 213, 6, '12:00 PM', 1),
(6148, 213, 6, '1:00 PM', 1),
(6149, 213, 6, '2:00 PM', 1),
(6150, 213, 6, '3:00 PM', 1),
(6151, 213, 6, '4:00 PM', 1),
(6152, 213, 6, '5:00 PM', 1),
(6153, 213, 1, '7:00 AM', 1),
(6154, 213, 1, '8:00 AM', 1),
(6155, 213, 1, '9:00 AM', 1),
(6156, 213, 1, '10:00 AM', 1),
(6157, 213, 1, '11:00 AM', 1),
(6158, 213, 1, '12:00 PM', 1),
(6159, 213, 1, '1:00 PM', 1),
(6160, 213, 1, '2:00 PM', 1),
(6161, 213, 1, '3:00 PM', 1),
(6162, 213, 1, '4:00 PM', 1),
(6163, 213, 1, '5:00 PM', 1),
(6164, 213, 4, '7:00 AM', 1),
(6165, 213, 4, '8:00 AM', 1),
(6166, 213, 4, '9:00 AM', 1),
(6167, 213, 4, '10:00 AM', 1),
(6168, 213, 4, '11:00 AM', 1),
(6169, 213, 4, '12:00 PM', 1),
(6170, 213, 4, '1:00 PM', 1),
(6171, 213, 4, '2:00 PM', 1),
(6172, 213, 4, '3:00 PM', 1),
(6173, 213, 4, '4:00 PM', 1),
(6174, 213, 4, '5:00 PM', 1),
(6175, 214, 7, '10:00 AM', 1),
(6176, 214, 7, '11:00 AM', 1),
(6177, 214, 7, '12:00 PM', 1),
(6178, 214, 7, '1:00 PM', 1),
(6179, 214, 7, '2:00 PM', 1),
(6180, 214, 7, '3:00 PM', 1),
(6181, 214, 3, '10:00 AM', 1),
(6182, 214, 3, '11:00 AM', 1),
(6183, 214, 3, '12:00 PM', 1),
(6184, 214, 3, '1:00 PM', 1),
(6185, 214, 3, '2:00 PM', 1),
(6186, 214, 3, '3:00 PM', 1),
(6187, 214, 5, '10:00 AM', 1),
(6188, 214, 5, '11:00 AM', 1),
(6189, 214, 5, '12:00 PM', 1),
(6190, 214, 5, '1:00 PM', 1),
(6191, 214, 5, '2:00 PM', 1),
(6192, 214, 5, '3:00 PM', 1),
(6193, 214, 4, '10:00 AM', 1),
(6194, 214, 4, '11:00 AM', 1),
(6195, 214, 4, '12:00 PM', 1),
(6196, 214, 4, '1:00 PM', 1),
(6197, 214, 4, '2:00 PM', 1),
(6198, 214, 4, '3:00 PM', 1),
(6199, 215, 1, '7:00 AM', 1),
(6200, 215, 1, '8:00 AM', 1),
(6201, 215, 1, '9:00 AM', 1),
(6202, 215, 1, '10:00 AM', 1),
(6203, 215, 1, '11:00 AM', 1),
(6204, 215, 1, '12:00 PM', 1),
(6205, 215, 1, '1:00 PM', 1),
(6206, 215, 1, '2:00 PM', 1),
(6207, 215, 1, '3:00 PM', 1),
(6208, 215, 1, '4:00 PM', 1),
(6209, 215, 1, '5:00 PM', 1),
(6210, 215, 6, '7:00 AM', 1),
(6211, 215, 6, '8:00 AM', 1),
(6212, 215, 6, '9:00 AM', 1),
(6213, 215, 6, '10:00 AM', 1),
(6214, 215, 6, '11:00 AM', 1),
(6215, 215, 6, '12:00 PM', 1),
(6216, 215, 6, '1:00 PM', 1),
(6217, 215, 6, '2:00 PM', 1),
(6218, 215, 6, '3:00 PM', 1),
(6219, 215, 6, '4:00 PM', 1),
(6220, 215, 6, '5:00 PM', 1),
(6221, 215, 5, '7:00 AM', 1),
(6222, 215, 5, '8:00 AM', 1),
(6223, 215, 5, '9:00 AM', 1),
(6224, 215, 5, '10:00 AM', 1),
(6225, 215, 5, '11:00 AM', 1),
(6226, 215, 5, '12:00 PM', 1),
(6227, 215, 5, '1:00 PM', 1),
(6228, 215, 5, '2:00 PM', 1),
(6229, 215, 5, '3:00 PM', 1),
(6230, 215, 5, '4:00 PM', 1),
(6231, 215, 5, '5:00 PM', 1),
(6232, 215, 7, '7:00 AM', 1),
(6233, 215, 7, '8:00 AM', 1),
(6234, 215, 7, '9:00 AM', 1),
(6235, 215, 7, '10:00 AM', 1),
(6236, 215, 7, '11:00 AM', 1),
(6237, 215, 7, '12:00 PM', 1),
(6238, 215, 7, '1:00 PM', 1),
(6239, 215, 7, '2:00 PM', 1),
(6240, 215, 7, '3:00 PM', 1),
(6241, 215, 7, '4:00 PM', 1),
(6242, 215, 7, '5:00 PM', 1),
(6243, 216, 2, '7:00 AM', 1),
(6244, 216, 2, '8:00 AM', 1),
(6245, 216, 2, '9:00 AM', 1),
(6246, 216, 2, '10:00 AM', 1),
(6247, 216, 2, '11:00 AM', 1),
(6248, 216, 2, '12:00 PM', 1),
(6249, 216, 2, '1:00 PM', 1),
(6250, 216, 2, '2:00 PM', 1),
(6251, 216, 2, '3:00 PM', 1),
(6252, 216, 2, '4:00 PM', 1),
(6253, 216, 2, '5:00 PM', 1),
(6254, 216, 2, '6:00 PM', 1),
(6255, 216, 4, '7:00 AM', 1),
(6256, 216, 4, '8:00 AM', 1),
(6257, 216, 4, '9:00 AM', 1),
(6258, 216, 4, '10:00 AM', 1),
(6259, 216, 4, '11:00 AM', 1),
(6260, 216, 4, '12:00 PM', 1),
(6261, 216, 4, '1:00 PM', 1),
(6262, 216, 4, '2:00 PM', 1),
(6263, 216, 4, '3:00 PM', 1),
(6264, 216, 4, '4:00 PM', 1),
(6265, 216, 4, '5:00 PM', 1),
(6266, 216, 4, '6:00 PM', 1),
(6267, 217, 5, '10:00 AM', 1),
(6268, 217, 5, '11:00 AM', 1),
(6269, 217, 5, '12:00 PM', 1),
(6270, 217, 5, '1:00 PM', 1),
(6271, 217, 5, '2:00 PM', 1),
(6272, 217, 5, '3:00 PM', 1),
(6273, 217, 5, '4:00 PM', 1),
(6274, 217, 7, '10:00 AM', 1),
(6275, 217, 7, '11:00 AM', 1),
(6276, 217, 7, '12:00 PM', 1),
(6277, 217, 7, '1:00 PM', 1),
(6278, 217, 7, '2:00 PM', 1),
(6279, 217, 7, '3:00 PM', 1),
(6280, 217, 7, '4:00 PM', 1),
(6281, 217, 6, '10:00 AM', 1),
(6282, 217, 6, '11:00 AM', 1),
(6283, 217, 6, '12:00 PM', 1),
(6284, 217, 6, '1:00 PM', 1),
(6285, 217, 6, '2:00 PM', 1),
(6286, 217, 6, '3:00 PM', 1),
(6287, 217, 6, '4:00 PM', 1),
(6288, 217, 1, '10:00 AM', 1),
(6289, 217, 1, '11:00 AM', 1),
(6290, 217, 1, '12:00 PM', 1),
(6291, 217, 1, '1:00 PM', 1),
(6292, 217, 1, '2:00 PM', 1),
(6293, 217, 1, '3:00 PM', 1),
(6294, 217, 1, '4:00 PM', 1),
(6295, 217, 2, '10:00 AM', 1),
(6296, 217, 2, '11:00 AM', 1),
(6297, 217, 2, '12:00 PM', 1),
(6298, 217, 2, '1:00 PM', 1),
(6299, 217, 2, '2:00 PM', 1),
(6300, 217, 2, '3:00 PM', 1),
(6301, 217, 2, '4:00 PM', 1),
(6302, 218, 2, '6:00 AM', 1),
(6303, 218, 2, '7:00 AM', 1),
(6304, 218, 2, '8:00 AM', 1),
(6305, 218, 2, '9:00 AM', 1),
(6306, 218, 2, '10:00 AM', 1),
(6307, 218, 2, '11:00 AM', 1),
(6308, 218, 2, '12:00 PM', 1),
(6309, 218, 2, '1:00 PM', 1),
(6310, 218, 2, '2:00 PM', 1),
(6311, 218, 2, '3:00 PM', 1),
(6312, 218, 2, '4:00 PM', 1),
(6313, 218, 2, '5:00 PM', 1),
(6314, 218, 2, '6:00 PM', 1),
(6315, 218, 2, '7:00 PM', 1),
(6316, 218, 2, '8:00 PM', 1),
(6317, 218, 2, '9:00 PM', 1),
(6318, 218, 1, '6:00 AM', 1),
(6319, 218, 1, '7:00 AM', 1),
(6320, 218, 1, '8:00 AM', 1),
(6321, 218, 1, '9:00 AM', 1),
(6322, 218, 1, '10:00 AM', 1),
(6323, 218, 1, '11:00 AM', 1),
(6324, 218, 1, '12:00 PM', 1),
(6325, 218, 1, '1:00 PM', 1),
(6326, 218, 1, '2:00 PM', 1),
(6327, 218, 1, '3:00 PM', 1),
(6328, 218, 1, '4:00 PM', 1),
(6329, 218, 1, '5:00 PM', 1),
(6330, 218, 1, '6:00 PM', 1),
(6331, 218, 1, '7:00 PM', 1),
(6332, 218, 1, '8:00 PM', 1),
(6333, 218, 1, '9:00 PM', 1),
(6334, 218, 5, '6:00 AM', 1),
(6335, 218, 5, '7:00 AM', 1),
(6336, 218, 5, '8:00 AM', 1),
(6337, 218, 5, '9:00 AM', 1),
(6338, 218, 5, '10:00 AM', 1),
(6339, 218, 5, '11:00 AM', 1),
(6340, 218, 5, '12:00 PM', 1),
(6341, 218, 5, '1:00 PM', 1),
(6342, 218, 5, '2:00 PM', 1),
(6343, 218, 5, '3:00 PM', 1),
(6344, 218, 5, '4:00 PM', 1),
(6345, 218, 5, '5:00 PM', 1),
(6346, 218, 5, '6:00 PM', 1),
(6347, 218, 5, '7:00 PM', 1),
(6348, 218, 5, '8:00 PM', 1),
(6349, 218, 5, '9:00 PM', 1),
(6350, 219, 2, '9:00 AM', 1),
(6351, 219, 2, '10:00 AM', 1),
(6352, 219, 2, '11:00 AM', 1),
(6353, 219, 2, '12:00 PM', 1),
(6354, 219, 2, '1:00 PM', 1),
(6355, 219, 2, '2:00 PM', 1),
(6356, 219, 2, '3:00 PM', 1),
(6357, 219, 2, '4:00 PM', 1),
(6358, 219, 2, '5:00 PM', 1),
(6359, 219, 5, '9:00 AM', 1),
(6360, 219, 5, '10:00 AM', 1),
(6361, 219, 5, '11:00 AM', 1),
(6362, 219, 5, '12:00 PM', 1),
(6363, 219, 5, '1:00 PM', 1),
(6364, 219, 5, '2:00 PM', 1),
(6365, 219, 5, '3:00 PM', 1),
(6366, 219, 5, '4:00 PM', 1),
(6367, 219, 5, '5:00 PM', 1),
(6368, 219, 6, '9:00 AM', 1),
(6369, 219, 6, '10:00 AM', 1),
(6370, 219, 6, '11:00 AM', 1),
(6371, 219, 6, '12:00 PM', 1),
(6372, 219, 6, '1:00 PM', 1),
(6373, 219, 6, '2:00 PM', 1),
(6374, 219, 6, '3:00 PM', 1),
(6375, 219, 6, '4:00 PM', 1),
(6376, 219, 6, '5:00 PM', 1),
(6377, 220, 5, '10:00 AM', 1),
(6378, 220, 5, '11:00 AM', 1),
(6379, 220, 5, '12:00 PM', 1),
(6380, 220, 5, '1:00 PM', 1),
(6381, 220, 5, '2:00 PM', 1),
(6382, 220, 7, '10:00 AM', 1),
(6383, 220, 7, '11:00 AM', 1),
(6384, 220, 7, '12:00 PM', 1),
(6385, 220, 7, '1:00 PM', 1),
(6386, 220, 7, '2:00 PM', 1),
(6387, 220, 2, '10:00 AM', 1),
(6388, 220, 2, '11:00 AM', 1),
(6389, 220, 2, '12:00 PM', 1),
(6390, 220, 2, '1:00 PM', 1),
(6391, 220, 2, '2:00 PM', 1),
(6392, 220, 1, '10:00 AM', 1),
(6393, 220, 1, '11:00 AM', 1),
(6394, 220, 1, '12:00 PM', 1),
(6395, 220, 1, '1:00 PM', 1),
(6396, 220, 1, '2:00 PM', 1),
(6397, 220, 3, '10:00 AM', 1),
(6398, 220, 3, '11:00 AM', 1),
(6399, 220, 3, '12:00 PM', 1),
(6400, 220, 3, '1:00 PM', 1),
(6401, 220, 3, '2:00 PM', 1),
(6402, 221, 5, '6:00 AM', 1),
(6403, 221, 5, '7:00 AM', 1),
(6404, 221, 5, '8:00 AM', 1),
(6405, 221, 5, '9:00 AM', 1),
(6406, 221, 5, '10:00 AM', 1),
(6407, 221, 5, '11:00 AM', 1),
(6408, 221, 5, '12:00 PM', 1),
(6409, 221, 7, '6:00 AM', 1),
(6410, 221, 7, '7:00 AM', 1),
(6411, 221, 7, '8:00 AM', 1),
(6412, 221, 7, '9:00 AM', 1),
(6413, 221, 7, '10:00 AM', 1),
(6414, 221, 7, '11:00 AM', 1),
(6415, 221, 7, '12:00 PM', 1),
(6416, 222, 3, '6:00 AM', 1),
(6417, 222, 3, '7:00 AM', 1),
(6418, 222, 3, '8:00 AM', 1),
(6419, 222, 3, '9:00 AM', 1),
(6420, 222, 3, '10:00 AM', 1),
(6421, 222, 3, '11:00 AM', 1),
(6422, 222, 3, '12:00 PM', 1),
(6423, 222, 3, '1:00 PM', 1),
(6424, 222, 3, '2:00 PM', 1),
(6425, 222, 3, '3:00 PM', 1),
(6426, 222, 3, '4:00 PM', 1),
(6427, 222, 3, '5:00 PM', 1),
(6428, 222, 4, '6:00 AM', 1),
(6429, 222, 4, '7:00 AM', 1),
(6430, 222, 4, '8:00 AM', 1),
(6431, 222, 4, '9:00 AM', 1),
(6432, 222, 4, '10:00 AM', 1),
(6433, 222, 4, '11:00 AM', 1),
(6434, 222, 4, '12:00 PM', 1),
(6435, 222, 4, '1:00 PM', 1),
(6436, 222, 4, '2:00 PM', 1),
(6437, 222, 4, '3:00 PM', 1),
(6438, 222, 4, '4:00 PM', 1),
(6439, 222, 4, '5:00 PM', 1),
(6440, 223, 5, '9:00 AM', 1),
(6441, 223, 5, '10:00 AM', 1),
(6442, 223, 5, '11:00 AM', 1),
(6443, 223, 5, '12:00 PM', 1),
(6444, 223, 5, '1:00 PM', 1),
(6445, 223, 5, '2:00 PM', 1),
(6446, 223, 6, '9:00 AM', 1),
(6447, 223, 6, '10:00 AM', 1),
(6448, 223, 6, '11:00 AM', 1),
(6449, 223, 6, '12:00 PM', 1),
(6450, 223, 6, '1:00 PM', 1),
(6451, 223, 6, '2:00 PM', 1),
(6452, 223, 1, '9:00 AM', 1),
(6453, 223, 1, '10:00 AM', 1),
(6454, 223, 1, '11:00 AM', 1),
(6455, 223, 1, '12:00 PM', 1),
(6456, 223, 1, '1:00 PM', 1),
(6457, 223, 1, '2:00 PM', 1),
(6458, 223, 4, '9:00 AM', 1),
(6459, 223, 4, '10:00 AM', 1),
(6460, 223, 4, '11:00 AM', 1),
(6461, 223, 4, '12:00 PM', 1),
(6462, 223, 4, '1:00 PM', 1),
(6463, 223, 4, '2:00 PM', 1),
(6464, 224, 6, '8:00 AM', 1),
(6465, 224, 6, '9:00 AM', 1),
(6466, 224, 6, '10:00 AM', 1),
(6467, 224, 6, '11:00 AM', 1),
(6468, 224, 6, '12:00 PM', 1),
(6469, 224, 6, '1:00 PM', 1),
(6470, 224, 6, '2:00 PM', 1),
(6471, 224, 6, '3:00 PM', 1),
(6472, 224, 1, '8:00 AM', 1),
(6473, 224, 1, '9:00 AM', 1),
(6474, 224, 1, '10:00 AM', 1),
(6475, 224, 1, '11:00 AM', 1),
(6476, 224, 1, '12:00 PM', 1),
(6477, 224, 1, '1:00 PM', 1),
(6478, 224, 1, '2:00 PM', 1),
(6479, 224, 1, '3:00 PM', 1),
(6480, 224, 2, '8:00 AM', 1),
(6481, 224, 2, '9:00 AM', 1),
(6482, 224, 2, '10:00 AM', 1),
(6483, 224, 2, '11:00 AM', 1),
(6484, 224, 2, '12:00 PM', 1),
(6485, 224, 2, '1:00 PM', 1),
(6486, 224, 2, '2:00 PM', 1),
(6487, 224, 2, '3:00 PM', 1),
(6488, 224, 4, '8:00 AM', 1),
(6489, 224, 4, '9:00 AM', 1),
(6490, 224, 4, '10:00 AM', 1),
(6491, 224, 4, '11:00 AM', 1),
(6492, 224, 4, '12:00 PM', 1),
(6493, 224, 4, '1:00 PM', 1),
(6494, 224, 4, '2:00 PM', 1),
(6495, 224, 4, '3:00 PM', 1),
(6496, 224, 3, '8:00 AM', 1),
(6497, 224, 3, '9:00 AM', 1),
(6498, 224, 3, '10:00 AM', 1),
(6499, 224, 3, '11:00 AM', 1),
(6500, 224, 3, '12:00 PM', 1),
(6501, 224, 3, '1:00 PM', 1),
(6502, 224, 3, '2:00 PM', 1),
(6503, 224, 3, '3:00 PM', 1),
(6504, 225, 3, '12:00 PM', 1),
(6505, 225, 3, '1:00 PM', 1),
(6506, 225, 3, '2:00 PM', 1),
(6507, 225, 3, '3:00 PM', 1),
(6508, 225, 3, '4:00 PM', 1),
(6509, 225, 3, '5:00 PM', 1),
(6510, 225, 6, '12:00 PM', 1),
(6511, 225, 6, '1:00 PM', 1),
(6512, 225, 6, '2:00 PM', 1),
(6513, 225, 6, '3:00 PM', 1),
(6514, 225, 6, '4:00 PM', 1),
(6515, 225, 6, '5:00 PM', 1),
(6516, 225, 2, '12:00 PM', 1),
(6517, 225, 2, '1:00 PM', 1),
(6518, 225, 2, '2:00 PM', 1),
(6519, 225, 2, '3:00 PM', 1),
(6520, 225, 2, '4:00 PM', 1),
(6521, 225, 2, '5:00 PM', 1),
(6522, 225, 1, '12:00 PM', 1),
(6523, 225, 1, '1:00 PM', 1),
(6524, 225, 1, '2:00 PM', 1),
(6525, 225, 1, '3:00 PM', 1),
(6526, 225, 1, '4:00 PM', 1),
(6527, 225, 1, '5:00 PM', 1),
(6528, 226, 2, '7:00 AM', 1),
(6529, 226, 2, '8:00 AM', 1),
(6530, 226, 2, '9:00 AM', 1),
(6531, 226, 2, '10:00 AM', 1),
(6532, 226, 2, '11:00 AM', 1),
(6533, 226, 2, '12:00 PM', 1),
(6534, 226, 2, '1:00 PM', 1),
(6535, 226, 2, '2:00 PM', 1),
(6536, 226, 2, '3:00 PM', 1),
(6537, 226, 2, '4:00 PM', 1),
(6538, 226, 2, '5:00 PM', 1),
(6539, 226, 2, '6:00 PM', 1),
(6540, 226, 2, '7:00 PM', 1),
(6541, 226, 2, '8:00 PM', 1),
(6542, 226, 2, '9:00 PM', 1),
(6543, 226, 1, '7:00 AM', 1),
(6544, 226, 1, '8:00 AM', 1),
(6545, 226, 1, '9:00 AM', 1),
(6546, 226, 1, '10:00 AM', 1),
(6547, 226, 1, '11:00 AM', 1),
(6548, 226, 1, '12:00 PM', 1),
(6549, 226, 1, '1:00 PM', 1),
(6550, 226, 1, '2:00 PM', 1),
(6551, 226, 1, '3:00 PM', 1),
(6552, 226, 1, '4:00 PM', 1),
(6553, 226, 1, '5:00 PM', 1),
(6554, 226, 1, '6:00 PM', 1),
(6555, 226, 1, '7:00 PM', 1),
(6556, 226, 1, '8:00 PM', 1),
(6557, 226, 1, '9:00 PM', 1),
(6558, 227, 3, '7:00 AM', 1),
(6559, 227, 3, '8:00 AM', 1),
(6560, 227, 3, '9:00 AM', 1),
(6561, 227, 3, '10:00 AM', 1),
(6562, 227, 3, '11:00 AM', 1),
(6563, 227, 3, '12:00 PM', 1),
(6564, 227, 3, '1:00 PM', 1),
(6565, 227, 3, '2:00 PM', 1),
(6566, 227, 1, '7:00 AM', 1),
(6567, 227, 1, '8:00 AM', 1),
(6568, 227, 1, '9:00 AM', 1),
(6569, 227, 1, '10:00 AM', 1),
(6570, 227, 1, '11:00 AM', 1),
(6571, 227, 1, '12:00 PM', 1),
(6572, 227, 1, '1:00 PM', 1),
(6573, 227, 1, '2:00 PM', 1),
(6574, 228, 4, '10:00 AM', 1),
(6575, 228, 4, '11:00 AM', 1),
(6576, 228, 4, '12:00 PM', 1),
(6577, 228, 4, '1:00 PM', 1),
(6578, 228, 4, '2:00 PM', 1),
(6579, 228, 4, '3:00 PM', 1),
(6580, 228, 4, '4:00 PM', 1),
(6581, 228, 4, '5:00 PM', 1),
(6582, 228, 4, '6:00 PM', 1),
(6583, 228, 1, '10:00 AM', 1),
(6584, 228, 1, '11:00 AM', 1),
(6585, 228, 1, '12:00 PM', 1),
(6586, 228, 1, '1:00 PM', 1),
(6587, 228, 1, '2:00 PM', 1),
(6588, 228, 1, '3:00 PM', 1),
(6589, 228, 1, '4:00 PM', 1),
(6590, 228, 1, '5:00 PM', 1),
(6591, 228, 1, '6:00 PM', 1),
(6592, 228, 7, '10:00 AM', 1),
(6593, 228, 7, '11:00 AM', 1),
(6594, 228, 7, '12:00 PM', 1),
(6595, 228, 7, '1:00 PM', 1),
(6596, 228, 7, '2:00 PM', 1),
(6597, 228, 7, '3:00 PM', 1),
(6598, 228, 7, '4:00 PM', 1),
(6599, 228, 7, '5:00 PM', 1),
(6600, 228, 7, '6:00 PM', 1),
(6601, 228, 5, '10:00 AM', 1),
(6602, 228, 5, '11:00 AM', 1),
(6603, 228, 5, '12:00 PM', 1),
(6604, 228, 5, '1:00 PM', 1),
(6605, 228, 5, '2:00 PM', 1),
(6606, 228, 5, '3:00 PM', 1),
(6607, 228, 5, '4:00 PM', 1),
(6608, 228, 5, '5:00 PM', 1),
(6609, 228, 5, '6:00 PM', 1),
(6610, 228, 6, '10:00 AM', 1),
(6611, 228, 6, '11:00 AM', 1),
(6612, 228, 6, '12:00 PM', 1),
(6613, 228, 6, '1:00 PM', 1),
(6614, 228, 6, '2:00 PM', 1),
(6615, 228, 6, '3:00 PM', 1),
(6616, 228, 6, '4:00 PM', 1),
(6617, 228, 6, '5:00 PM', 1),
(6618, 228, 6, '6:00 PM', 1),
(6619, 229, 3, '10:00 AM', 1),
(6620, 229, 3, '11:00 AM', 1),
(6621, 229, 3, '12:00 PM', 1),
(6622, 229, 3, '1:00 PM', 1),
(6623, 229, 2, '10:00 AM', 1),
(6624, 229, 2, '11:00 AM', 1),
(6625, 229, 2, '12:00 PM', 1),
(6626, 229, 2, '1:00 PM', 1),
(6627, 229, 5, '10:00 AM', 1),
(6628, 229, 5, '11:00 AM', 1),
(6629, 229, 5, '12:00 PM', 1),
(6630, 229, 5, '1:00 PM', 1),
(6631, 230, 2, '8:00 AM', 1),
(6632, 230, 2, '9:00 AM', 1),
(6633, 230, 2, '10:00 AM', 1),
(6634, 230, 2, '11:00 AM', 1),
(6635, 230, 2, '12:00 PM', 1),
(6636, 230, 2, '1:00 PM', 1),
(6637, 230, 6, '8:00 AM', 1),
(6638, 230, 6, '9:00 AM', 1),
(6639, 230, 6, '10:00 AM', 1),
(6640, 230, 6, '11:00 AM', 1),
(6641, 230, 6, '12:00 PM', 1),
(6642, 230, 6, '1:00 PM', 1),
(6643, 230, 1, '8:00 AM', 1),
(6644, 230, 1, '9:00 AM', 1),
(6645, 230, 1, '10:00 AM', 1),
(6646, 230, 1, '11:00 AM', 1),
(6647, 230, 1, '12:00 PM', 1),
(6648, 230, 1, '1:00 PM', 1),
(6649, 230, 3, '8:00 AM', 1),
(6650, 230, 3, '9:00 AM', 1),
(6651, 230, 3, '10:00 AM', 1),
(6652, 230, 3, '11:00 AM', 1),
(6653, 230, 3, '12:00 PM', 1),
(6654, 230, 3, '1:00 PM', 1),
(6655, 231, 1, '10:00 AM', 1),
(6656, 231, 1, '11:00 AM', 1),
(6657, 231, 1, '12:00 PM', 1),
(6658, 231, 1, '1:00 PM', 1),
(6659, 231, 1, '2:00 PM', 1),
(6660, 231, 1, '3:00 PM', 1),
(6661, 231, 1, '4:00 PM', 1),
(6662, 231, 1, '5:00 PM', 1),
(6663, 231, 3, '10:00 AM', 1),
(6664, 231, 3, '11:00 AM', 1),
(6665, 231, 3, '12:00 PM', 1),
(6666, 231, 3, '1:00 PM', 1),
(6667, 231, 3, '2:00 PM', 1),
(6668, 231, 3, '3:00 PM', 1),
(6669, 231, 3, '4:00 PM', 1),
(6670, 231, 3, '5:00 PM', 1),
(6671, 231, 2, '10:00 AM', 1),
(6672, 231, 2, '11:00 AM', 1),
(6673, 231, 2, '12:00 PM', 1),
(6674, 231, 2, '1:00 PM', 1),
(6675, 231, 2, '2:00 PM', 1),
(6676, 231, 2, '3:00 PM', 1),
(6677, 231, 2, '4:00 PM', 1),
(6678, 231, 2, '5:00 PM', 1),
(6679, 232, 4, '7:00 AM', 1),
(6680, 232, 4, '8:00 AM', 1),
(6681, 232, 4, '9:00 AM', 1),
(6682, 232, 4, '10:00 AM', 1),
(6683, 232, 4, '11:00 AM', 1),
(6684, 232, 4, '12:00 PM', 1),
(6685, 232, 4, '1:00 PM', 1),
(6686, 232, 4, '2:00 PM', 1),
(6687, 232, 4, '3:00 PM', 1),
(6688, 232, 4, '4:00 PM', 1),
(6689, 232, 4, '5:00 PM', 1),
(6690, 232, 4, '6:00 PM', 1),
(6691, 232, 2, '7:00 AM', 1),
(6692, 232, 2, '8:00 AM', 1),
(6693, 232, 2, '9:00 AM', 1),
(6694, 232, 2, '10:00 AM', 1),
(6695, 232, 2, '11:00 AM', 1),
(6696, 232, 2, '12:00 PM', 1),
(6697, 232, 2, '1:00 PM', 1),
(6698, 232, 2, '2:00 PM', 1),
(6699, 232, 2, '3:00 PM', 1),
(6700, 232, 2, '4:00 PM', 1),
(6701, 232, 2, '5:00 PM', 1),
(6702, 232, 2, '6:00 PM', 1),
(6703, 232, 7, '7:00 AM', 1),
(6704, 232, 7, '8:00 AM', 1),
(6705, 232, 7, '9:00 AM', 1),
(6706, 232, 7, '10:00 AM', 1),
(6707, 232, 7, '11:00 AM', 1),
(6708, 232, 7, '12:00 PM', 1),
(6709, 232, 7, '1:00 PM', 1),
(6710, 232, 7, '2:00 PM', 1),
(6711, 232, 7, '3:00 PM', 1),
(6712, 232, 7, '4:00 PM', 1),
(6713, 232, 7, '5:00 PM', 1),
(6714, 232, 7, '6:00 PM', 1),
(6715, 232, 5, '7:00 AM', 1),
(6716, 232, 5, '8:00 AM', 1),
(6717, 232, 5, '9:00 AM', 1),
(6718, 232, 5, '10:00 AM', 1),
(6719, 232, 5, '11:00 AM', 1),
(6720, 232, 5, '12:00 PM', 1),
(6721, 232, 5, '1:00 PM', 1),
(6722, 232, 5, '2:00 PM', 1),
(6723, 232, 5, '3:00 PM', 1),
(6724, 232, 5, '4:00 PM', 1),
(6725, 232, 5, '5:00 PM', 1),
(6726, 232, 5, '6:00 PM', 1),
(6727, 233, 1, '12:00 PM', 1),
(6728, 233, 1, '1:00 PM', 1),
(6729, 233, 1, '2:00 PM', 1),
(6730, 233, 1, '3:00 PM', 1),
(6731, 233, 7, '12:00 PM', 1),
(6732, 233, 7, '1:00 PM', 1),
(6733, 233, 7, '2:00 PM', 1),
(6734, 233, 7, '3:00 PM', 1),
(6735, 234, 7, '10:00 AM', 1),
(6736, 234, 7, '11:00 AM', 1),
(6737, 234, 7, '12:00 PM', 1),
(6738, 234, 7, '1:00 PM', 1),
(6739, 234, 7, '2:00 PM', 1),
(6740, 234, 7, '3:00 PM', 1),
(6741, 234, 2, '10:00 AM', 1),
(6742, 234, 2, '11:00 AM', 1),
(6743, 234, 2, '12:00 PM', 1),
(6744, 234, 2, '1:00 PM', 1),
(6745, 234, 2, '2:00 PM', 1),
(6746, 234, 2, '3:00 PM', 1),
(6747, 234, 5, '10:00 AM', 1),
(6748, 234, 5, '11:00 AM', 1),
(6749, 234, 5, '12:00 PM', 1),
(6750, 234, 5, '1:00 PM', 1),
(6751, 234, 5, '2:00 PM', 1),
(6752, 234, 5, '3:00 PM', 1),
(6753, 235, 1, '7:00 AM', 1),
(6754, 235, 1, '8:00 AM', 1),
(6755, 235, 1, '9:00 AM', 1),
(6756, 235, 1, '10:00 AM', 1),
(6757, 235, 1, '11:00 AM', 1),
(6758, 235, 1, '12:00 PM', 1),
(6759, 235, 1, '1:00 PM', 1),
(6760, 235, 1, '2:00 PM', 1),
(6761, 235, 1, '3:00 PM', 1),
(6762, 235, 1, '4:00 PM', 1),
(6763, 235, 1, '5:00 PM', 1),
(6764, 235, 1, '6:00 PM', 1),
(6765, 235, 1, '7:00 PM', 1),
(6766, 235, 1, '8:00 PM', 1),
(6767, 235, 6, '7:00 AM', 1),
(6768, 235, 6, '8:00 AM', 1),
(6769, 235, 6, '9:00 AM', 1),
(6770, 235, 6, '10:00 AM', 1),
(6771, 235, 6, '11:00 AM', 1),
(6772, 235, 6, '12:00 PM', 1),
(6773, 235, 6, '1:00 PM', 1),
(6774, 235, 6, '2:00 PM', 1),
(6775, 235, 6, '3:00 PM', 1),
(6776, 235, 6, '4:00 PM', 1),
(6777, 235, 6, '5:00 PM', 1),
(6778, 235, 6, '6:00 PM', 1),
(6779, 235, 6, '7:00 PM', 1),
(6780, 235, 6, '8:00 PM', 1),
(6781, 235, 5, '7:00 AM', 1),
(6782, 235, 5, '8:00 AM', 1),
(6783, 235, 5, '9:00 AM', 1),
(6784, 235, 5, '10:00 AM', 1),
(6785, 235, 5, '11:00 AM', 1),
(6786, 235, 5, '12:00 PM', 1),
(6787, 235, 5, '1:00 PM', 1),
(6788, 235, 5, '2:00 PM', 1),
(6789, 235, 5, '3:00 PM', 1),
(6790, 235, 5, '4:00 PM', 1),
(6791, 235, 5, '5:00 PM', 1),
(6792, 235, 5, '6:00 PM', 1),
(6793, 235, 5, '7:00 PM', 1),
(6794, 235, 5, '8:00 PM', 1),
(6795, 235, 3, '7:00 AM', 1),
(6796, 235, 3, '8:00 AM', 1),
(6797, 235, 3, '9:00 AM', 1),
(6798, 235, 3, '10:00 AM', 1),
(6799, 235, 3, '11:00 AM', 1),
(6800, 235, 3, '12:00 PM', 1),
(6801, 235, 3, '1:00 PM', 1),
(6802, 235, 3, '2:00 PM', 1),
(6803, 235, 3, '3:00 PM', 1),
(6804, 235, 3, '4:00 PM', 1),
(6805, 235, 3, '5:00 PM', 1),
(6806, 235, 3, '6:00 PM', 1),
(6807, 235, 3, '7:00 PM', 1),
(6808, 235, 3, '8:00 PM', 1),
(6809, 235, 4, '7:00 AM', 1),
(6810, 235, 4, '8:00 AM', 1),
(6811, 235, 4, '9:00 AM', 1),
(6812, 235, 4, '10:00 AM', 1),
(6813, 235, 4, '11:00 AM', 1),
(6814, 235, 4, '12:00 PM', 1),
(6815, 235, 4, '1:00 PM', 1),
(6816, 235, 4, '2:00 PM', 1),
(6817, 235, 4, '3:00 PM', 1),
(6818, 235, 4, '4:00 PM', 1),
(6819, 235, 4, '5:00 PM', 1),
(6820, 235, 4, '6:00 PM', 1),
(6821, 235, 4, '7:00 PM', 1),
(6822, 235, 4, '8:00 PM', 1),
(6823, 236, 1, '12:00 PM', 1),
(6824, 236, 1, '1:00 PM', 1),
(6825, 236, 1, '2:00 PM', 1),
(6826, 236, 1, '3:00 PM', 1),
(6827, 236, 1, '4:00 PM', 1),
(6828, 236, 1, '5:00 PM', 1),
(6829, 236, 1, '6:00 PM', 1),
(6830, 236, 1, '7:00 PM', 1),
(6831, 236, 1, '8:00 PM', 1),
(6832, 236, 3, '12:00 PM', 1),
(6833, 236, 3, '1:00 PM', 1),
(6834, 236, 3, '2:00 PM', 1),
(6835, 236, 3, '3:00 PM', 1),
(6836, 236, 3, '4:00 PM', 1),
(6837, 236, 3, '5:00 PM', 1),
(6838, 236, 3, '6:00 PM', 1),
(6839, 236, 3, '7:00 PM', 1),
(6840, 236, 3, '8:00 PM', 1),
(6841, 236, 6, '12:00 PM', 1),
(6842, 236, 6, '1:00 PM', 1),
(6843, 236, 6, '2:00 PM', 1),
(6844, 236, 6, '3:00 PM', 1),
(6845, 236, 6, '4:00 PM', 1),
(6846, 236, 6, '5:00 PM', 1),
(6847, 236, 6, '6:00 PM', 1),
(6848, 236, 6, '7:00 PM', 1),
(6849, 236, 6, '8:00 PM', 1),
(6850, 237, 4, '9:00 AM', 1),
(6851, 237, 4, '10:00 AM', 1),
(6852, 237, 4, '11:00 AM', 1),
(6853, 237, 4, '12:00 PM', 1),
(6854, 237, 4, '1:00 PM', 1),
(6855, 237, 4, '2:00 PM', 1),
(6856, 237, 4, '3:00 PM', 1),
(6857, 237, 4, '4:00 PM', 1),
(6858, 237, 4, '5:00 PM', 1),
(6859, 237, 4, '6:00 PM', 1),
(6860, 237, 4, '7:00 PM', 1),
(6861, 237, 4, '8:00 PM', 1),
(6862, 237, 4, '9:00 PM', 1),
(6863, 237, 7, '9:00 AM', 1),
(6864, 237, 7, '10:00 AM', 1),
(6865, 237, 7, '11:00 AM', 1),
(6866, 237, 7, '12:00 PM', 1),
(6867, 237, 7, '1:00 PM', 1),
(6868, 237, 7, '2:00 PM', 1),
(6869, 237, 7, '3:00 PM', 1),
(6870, 237, 7, '4:00 PM', 1),
(6871, 237, 7, '5:00 PM', 1),
(6872, 237, 7, '6:00 PM', 1),
(6873, 237, 7, '7:00 PM', 1),
(6874, 237, 7, '8:00 PM', 1),
(6875, 237, 7, '9:00 PM', 1),
(6876, 238, 1, '9:00 AM', 1),
(6877, 238, 1, '10:00 AM', 1),
(6878, 238, 1, '11:00 AM', 1),
(6879, 238, 1, '12:00 PM', 1),
(6880, 238, 1, '1:00 PM', 1),
(6881, 238, 1, '2:00 PM', 1),
(6882, 238, 1, '3:00 PM', 1),
(6883, 238, 1, '4:00 PM', 1),
(6884, 238, 7, '9:00 AM', 1),
(6885, 238, 7, '10:00 AM', 1),
(6886, 238, 7, '11:00 AM', 1),
(6887, 238, 7, '12:00 PM', 1),
(6888, 238, 7, '1:00 PM', 1),
(6889, 238, 7, '2:00 PM', 1),
(6890, 238, 7, '3:00 PM', 1),
(6891, 238, 7, '4:00 PM', 1),
(6892, 238, 5, '9:00 AM', 1),
(6893, 238, 5, '10:00 AM', 1),
(6894, 238, 5, '11:00 AM', 1),
(6895, 238, 5, '12:00 PM', 1),
(6896, 238, 5, '1:00 PM', 1),
(6897, 238, 5, '2:00 PM', 1),
(6898, 238, 5, '3:00 PM', 1),
(6899, 238, 5, '4:00 PM', 1),
(6900, 239, 7, '7:00 AM', 1),
(6901, 239, 7, '8:00 AM', 1),
(6902, 239, 7, '9:00 AM', 1),
(6903, 239, 7, '10:00 AM', 1),
(6904, 239, 7, '11:00 AM', 1),
(6905, 239, 7, '12:00 PM', 1),
(6906, 239, 7, '1:00 PM', 1),
(6907, 239, 7, '2:00 PM', 1),
(6908, 239, 7, '3:00 PM', 1),
(6909, 239, 3, '7:00 AM', 1),
(6910, 239, 3, '8:00 AM', 1),
(6911, 239, 3, '9:00 AM', 1),
(6912, 239, 3, '10:00 AM', 1),
(6913, 239, 3, '11:00 AM', 1),
(6914, 239, 3, '12:00 PM', 1),
(6915, 239, 3, '1:00 PM', 1),
(6916, 239, 3, '2:00 PM', 1),
(6917, 239, 3, '3:00 PM', 1),
(6918, 239, 6, '7:00 AM', 1),
(6919, 239, 6, '8:00 AM', 1),
(6920, 239, 6, '9:00 AM', 1),
(6921, 239, 6, '10:00 AM', 1),
(6922, 239, 6, '11:00 AM', 1),
(6923, 239, 6, '12:00 PM', 1),
(6924, 239, 6, '1:00 PM', 1),
(6925, 239, 6, '2:00 PM', 1),
(6926, 239, 6, '3:00 PM', 1),
(6927, 240, 7, '6:00 AM', 1),
(6928, 240, 7, '7:00 AM', 1),
(6929, 240, 7, '8:00 AM', 1),
(6930, 240, 7, '9:00 AM', 1),
(6931, 240, 7, '10:00 AM', 1),
(6932, 240, 7, '11:00 AM', 1),
(6933, 240, 7, '12:00 PM', 1),
(6934, 240, 7, '1:00 PM', 1),
(6935, 240, 7, '2:00 PM', 1),
(6936, 240, 7, '3:00 PM', 1),
(6937, 240, 7, '4:00 PM', 1),
(6938, 240, 7, '5:00 PM', 1),
(6939, 240, 7, '6:00 PM', 1),
(6940, 240, 7, '7:00 PM', 1),
(6941, 240, 7, '8:00 PM', 1),
(6942, 240, 7, '9:00 PM', 1),
(6943, 240, 6, '6:00 AM', 1),
(6944, 240, 6, '7:00 AM', 1),
(6945, 240, 6, '8:00 AM', 1),
(6946, 240, 6, '9:00 AM', 1),
(6947, 240, 6, '10:00 AM', 1),
(6948, 240, 6, '11:00 AM', 1),
(6949, 240, 6, '12:00 PM', 1),
(6950, 240, 6, '1:00 PM', 1),
(6951, 240, 6, '2:00 PM', 1),
(6952, 240, 6, '3:00 PM', 1),
(6953, 240, 6, '4:00 PM', 1),
(6954, 240, 6, '5:00 PM', 1),
(6955, 240, 6, '6:00 PM', 1),
(6956, 240, 6, '7:00 PM', 1),
(6957, 240, 6, '8:00 PM', 1),
(6958, 240, 6, '9:00 PM', 1),
(6959, 240, 3, '6:00 AM', 1),
(6960, 240, 3, '7:00 AM', 1),
(6961, 240, 3, '8:00 AM', 1),
(6962, 240, 3, '9:00 AM', 1),
(6963, 240, 3, '10:00 AM', 1),
(6964, 240, 3, '11:00 AM', 1),
(6965, 240, 3, '12:00 PM', 1),
(6966, 240, 3, '1:00 PM', 1),
(6967, 240, 3, '2:00 PM', 1),
(6968, 240, 3, '3:00 PM', 1),
(6969, 240, 3, '4:00 PM', 1),
(6970, 240, 3, '5:00 PM', 1),
(6971, 240, 3, '6:00 PM', 1),
(6972, 240, 3, '7:00 PM', 1),
(6973, 240, 3, '8:00 PM', 1),
(6974, 240, 3, '9:00 PM', 1),
(6975, 240, 2, '6:00 AM', 1),
(6976, 240, 2, '7:00 AM', 1),
(6977, 240, 2, '8:00 AM', 1),
(6978, 240, 2, '9:00 AM', 1),
(6979, 240, 2, '10:00 AM', 1),
(6980, 240, 2, '11:00 AM', 1),
(6981, 240, 2, '12:00 PM', 1),
(6982, 240, 2, '1:00 PM', 1),
(6983, 240, 2, '2:00 PM', 1),
(6984, 240, 2, '3:00 PM', 1),
(6985, 240, 2, '4:00 PM', 1),
(6986, 240, 2, '5:00 PM', 1),
(6987, 240, 2, '6:00 PM', 1),
(6988, 240, 2, '7:00 PM', 1),
(6989, 240, 2, '8:00 PM', 1),
(6990, 240, 2, '9:00 PM', 1),
(6991, 240, 5, '6:00 AM', 1),
(6992, 240, 5, '7:00 AM', 1),
(6993, 240, 5, '8:00 AM', 1),
(6994, 240, 5, '9:00 AM', 1),
(6995, 240, 5, '10:00 AM', 1),
(6996, 240, 5, '11:00 AM', 1),
(6997, 240, 5, '12:00 PM', 1),
(6998, 240, 5, '1:00 PM', 1),
(6999, 240, 5, '2:00 PM', 1),
(7000, 240, 5, '3:00 PM', 1),
(7001, 240, 5, '4:00 PM', 1),
(7002, 240, 5, '5:00 PM', 1),
(7003, 240, 5, '6:00 PM', 1),
(7004, 240, 5, '7:00 PM', 1),
(7005, 240, 5, '8:00 PM', 1),
(7006, 240, 5, '9:00 PM', 1),
(7007, 241, 1, '10:00 AM', 1),
(7008, 241, 1, '11:00 AM', 1),
(7009, 241, 1, '12:00 PM', 1),
(7010, 241, 1, '1:00 PM', 1),
(7011, 241, 1, '2:00 PM', 1),
(7012, 241, 1, '3:00 PM', 1),
(7013, 241, 6, '10:00 AM', 1),
(7014, 241, 6, '11:00 AM', 1),
(7015, 241, 6, '12:00 PM', 1),
(7016, 241, 6, '1:00 PM', 1),
(7017, 241, 6, '2:00 PM', 1),
(7018, 241, 6, '3:00 PM', 1),
(7019, 241, 4, '10:00 AM', 1),
(7020, 241, 4, '11:00 AM', 1),
(7021, 241, 4, '12:00 PM', 1),
(7022, 241, 4, '1:00 PM', 1),
(7023, 241, 4, '2:00 PM', 1),
(7024, 241, 4, '3:00 PM', 1),
(7025, 242, 6, '12:00 PM', 1),
(7026, 242, 6, '1:00 PM', 1),
(7027, 242, 6, '2:00 PM', 1),
(7028, 242, 6, '3:00 PM', 1),
(7029, 242, 6, '4:00 PM', 1),
(7030, 242, 6, '5:00 PM', 1),
(7031, 242, 6, '6:00 PM', 1),
(7032, 242, 6, '7:00 PM', 1),
(7033, 242, 6, '8:00 PM', 1),
(7034, 242, 5, '12:00 PM', 1),
(7035, 242, 5, '1:00 PM', 1),
(7036, 242, 5, '2:00 PM', 1),
(7037, 242, 5, '3:00 PM', 1),
(7038, 242, 5, '4:00 PM', 1),
(7039, 242, 5, '5:00 PM', 1),
(7040, 242, 5, '6:00 PM', 1),
(7041, 242, 5, '7:00 PM', 1),
(7042, 242, 5, '8:00 PM', 1),
(7043, 243, 5, '7:00 AM', 1),
(7044, 243, 5, '8:00 AM', 1),
(7045, 243, 5, '9:00 AM', 1),
(7046, 243, 5, '10:00 AM', 1),
(7047, 243, 5, '11:00 AM', 1),
(7048, 243, 5, '12:00 PM', 1),
(7049, 243, 5, '1:00 PM', 1),
(7050, 243, 5, '2:00 PM', 1),
(7051, 243, 5, '3:00 PM', 1),
(7052, 243, 5, '4:00 PM', 1),
(7053, 243, 5, '5:00 PM', 1),
(7054, 243, 5, '6:00 PM', 1),
(7055, 243, 7, '7:00 AM', 1),
(7056, 243, 7, '8:00 AM', 1),
(7057, 243, 7, '9:00 AM', 1),
(7058, 243, 7, '10:00 AM', 1),
(7059, 243, 7, '11:00 AM', 1),
(7060, 243, 7, '12:00 PM', 1),
(7061, 243, 7, '1:00 PM', 1),
(7062, 243, 7, '2:00 PM', 1),
(7063, 243, 7, '3:00 PM', 1),
(7064, 243, 7, '4:00 PM', 1),
(7065, 243, 7, '5:00 PM', 1),
(7066, 243, 7, '6:00 PM', 1),
(7067, 243, 3, '7:00 AM', 1),
(7068, 243, 3, '8:00 AM', 1),
(7069, 243, 3, '9:00 AM', 1),
(7070, 243, 3, '10:00 AM', 1),
(7071, 243, 3, '11:00 AM', 1),
(7072, 243, 3, '12:00 PM', 1),
(7073, 243, 3, '1:00 PM', 1),
(7074, 243, 3, '2:00 PM', 1),
(7075, 243, 3, '3:00 PM', 1),
(7076, 243, 3, '4:00 PM', 1),
(7077, 243, 3, '5:00 PM', 1),
(7078, 243, 3, '6:00 PM', 1),
(7079, 244, 4, '9:00 AM', 1),
(7080, 244, 4, '10:00 AM', 1),
(7081, 244, 4, '11:00 AM', 1),
(7082, 244, 4, '12:00 PM', 1),
(7083, 244, 5, '9:00 AM', 1),
(7084, 244, 5, '10:00 AM', 1),
(7085, 244, 5, '11:00 AM', 1),
(7086, 244, 5, '12:00 PM', 1),
(7087, 245, 2, '11:00 AM', 1),
(7088, 245, 2, '12:00 PM', 1),
(7089, 245, 2, '1:00 PM', 1),
(7090, 245, 2, '2:00 PM', 1),
(7091, 245, 2, '3:00 PM', 1),
(7092, 245, 2, '4:00 PM', 1),
(7093, 245, 2, '5:00 PM', 1),
(7094, 245, 2, '6:00 PM', 1),
(7095, 245, 2, '7:00 PM', 1),
(7096, 245, 5, '11:00 AM', 1),
(7097, 245, 5, '12:00 PM', 1),
(7098, 245, 5, '1:00 PM', 1),
(7099, 245, 5, '2:00 PM', 1),
(7100, 245, 5, '3:00 PM', 1),
(7101, 245, 5, '4:00 PM', 1),
(7102, 245, 5, '5:00 PM', 1),
(7103, 245, 5, '6:00 PM', 1),
(7104, 245, 5, '7:00 PM', 1),
(7105, 245, 1, '11:00 AM', 1),
(7106, 245, 1, '12:00 PM', 1),
(7107, 245, 1, '1:00 PM', 1),
(7108, 245, 1, '2:00 PM', 1),
(7109, 245, 1, '3:00 PM', 1),
(7110, 245, 1, '4:00 PM', 1),
(7111, 245, 1, '5:00 PM', 1),
(7112, 245, 1, '6:00 PM', 1),
(7113, 245, 1, '7:00 PM', 1),
(7114, 245, 4, '11:00 AM', 1),
(7115, 245, 4, '12:00 PM', 1),
(7116, 245, 4, '1:00 PM', 1),
(7117, 245, 4, '2:00 PM', 1),
(7118, 245, 4, '3:00 PM', 1),
(7119, 245, 4, '4:00 PM', 1),
(7120, 245, 4, '5:00 PM', 1),
(7121, 245, 4, '6:00 PM', 1),
(7122, 245, 4, '7:00 PM', 1),
(7123, 246, 3, '6:00 AM', 1),
(7124, 246, 3, '7:00 AM', 1),
(7125, 246, 3, '8:00 AM', 1),
(7126, 246, 3, '9:00 AM', 1),
(7127, 246, 3, '10:00 AM', 1),
(7128, 246, 3, '11:00 AM', 1),
(7129, 246, 3, '12:00 PM', 1),
(7130, 246, 3, '1:00 PM', 1),
(7131, 246, 3, '2:00 PM', 1),
(7132, 246, 3, '3:00 PM', 1),
(7133, 246, 7, '6:00 AM', 1),
(7134, 246, 7, '7:00 AM', 1),
(7135, 246, 7, '8:00 AM', 1),
(7136, 246, 7, '9:00 AM', 1),
(7137, 246, 7, '10:00 AM', 1),
(7138, 246, 7, '11:00 AM', 1),
(7139, 246, 7, '12:00 PM', 1),
(7140, 246, 7, '1:00 PM', 1),
(7141, 246, 7, '2:00 PM', 1),
(7142, 246, 7, '3:00 PM', 1),
(7143, 246, 5, '6:00 AM', 1),
(7144, 246, 5, '7:00 AM', 1),
(7145, 246, 5, '8:00 AM', 1),
(7146, 246, 5, '9:00 AM', 1),
(7147, 246, 5, '10:00 AM', 1),
(7148, 246, 5, '11:00 AM', 1),
(7149, 246, 5, '12:00 PM', 1),
(7150, 246, 5, '1:00 PM', 1),
(7151, 246, 5, '2:00 PM', 1),
(7152, 246, 5, '3:00 PM', 1),
(7153, 247, 4, '9:00 AM', 1),
(7154, 247, 4, '10:00 AM', 1),
(7155, 247, 4, '11:00 AM', 1),
(7156, 247, 4, '12:00 PM', 1),
(7157, 247, 4, '1:00 PM', 1),
(7158, 247, 4, '2:00 PM', 1),
(7159, 247, 4, '3:00 PM', 1),
(7160, 247, 7, '9:00 AM', 1),
(7161, 247, 7, '10:00 AM', 1),
(7162, 247, 7, '11:00 AM', 1),
(7163, 247, 7, '12:00 PM', 1),
(7164, 247, 7, '1:00 PM', 1),
(7165, 247, 7, '2:00 PM', 1),
(7166, 247, 7, '3:00 PM', 1),
(7167, 247, 3, '9:00 AM', 1),
(7168, 247, 3, '10:00 AM', 1),
(7169, 247, 3, '11:00 AM', 1),
(7170, 247, 3, '12:00 PM', 1),
(7171, 247, 3, '1:00 PM', 1),
(7172, 247, 3, '2:00 PM', 1),
(7173, 247, 3, '3:00 PM', 1),
(7174, 248, 6, '10:00 AM', 1),
(7175, 248, 6, '11:00 AM', 1),
(7176, 248, 6, '12:00 PM', 1),
(7177, 248, 6, '1:00 PM', 1),
(7178, 248, 6, '2:00 PM', 1),
(7179, 248, 6, '3:00 PM', 1),
(7180, 248, 6, '4:00 PM', 1),
(7181, 248, 6, '5:00 PM', 1),
(7182, 248, 6, '6:00 PM', 1),
(7183, 248, 6, '7:00 PM', 1),
(7184, 248, 3, '10:00 AM', 1),
(7185, 248, 3, '11:00 AM', 1),
(7186, 248, 3, '12:00 PM', 1),
(7187, 248, 3, '1:00 PM', 1),
(7188, 248, 3, '2:00 PM', 1),
(7189, 248, 3, '3:00 PM', 1),
(7190, 248, 3, '4:00 PM', 1),
(7191, 248, 3, '5:00 PM', 1),
(7192, 248, 3, '6:00 PM', 1),
(7193, 248, 3, '7:00 PM', 1),
(7194, 248, 4, '10:00 AM', 1),
(7195, 248, 4, '11:00 AM', 1),
(7196, 248, 4, '12:00 PM', 1),
(7197, 248, 4, '1:00 PM', 1),
(7198, 248, 4, '2:00 PM', 1),
(7199, 248, 4, '3:00 PM', 1),
(7200, 248, 4, '4:00 PM', 1),
(7201, 248, 4, '5:00 PM', 1),
(7202, 248, 4, '6:00 PM', 1),
(7203, 248, 4, '7:00 PM', 1),
(7204, 249, 4, '11:00 AM', 1),
(7205, 249, 4, '12:00 PM', 1),
(7206, 249, 3, '11:00 AM', 1);
INSERT INTO `dates` (`id`, `expert_id`, `day_id`, `time`, `available`) VALUES
(7207, 249, 3, '12:00 PM', 1),
(7208, 250, 4, '11:00 AM', 1),
(7209, 250, 4, '12:00 PM', 1),
(7210, 250, 4, '1:00 PM', 1),
(7211, 250, 4, '2:00 PM', 1),
(7212, 250, 4, '3:00 PM', 1),
(7213, 250, 4, '4:00 PM', 1),
(7214, 250, 4, '5:00 PM', 1),
(7215, 250, 4, '6:00 PM', 1),
(7216, 250, 4, '7:00 PM', 1),
(7217, 250, 4, '8:00 PM', 1),
(7218, 250, 4, '9:00 PM', 1),
(7219, 250, 6, '11:00 AM', 1),
(7220, 250, 6, '12:00 PM', 1),
(7221, 250, 6, '1:00 PM', 1),
(7222, 250, 6, '2:00 PM', 1),
(7223, 250, 6, '3:00 PM', 1),
(7224, 250, 6, '4:00 PM', 1),
(7225, 250, 6, '5:00 PM', 1),
(7226, 250, 6, '6:00 PM', 1),
(7227, 250, 6, '7:00 PM', 1),
(7228, 250, 6, '8:00 PM', 1),
(7229, 250, 6, '9:00 PM', 1);

-- --------------------------------------------------------

--
-- Table structure for table `days`
--

CREATE TABLE `days` (
  `id` bigint(20) UNSIGNED NOT NULL,
  `name_en` varchar(30) COLLATE utf8mb4_unicode_ci NOT NULL,
  `name_ar` varchar(30) COLLATE utf8mb4_unicode_ci NOT NULL
) ENGINE=MyISAM DEFAULT CHARSET=utf8mb4 COLLATE=utf8mb4_unicode_ci;

--
-- Dumping data for table `days`
--

INSERT INTO `days` (`id`, `name_en`, `name_ar`) VALUES
(1, 'Saturday', 'السبت'),
(2, 'Sunday', 'الأحد'),
(3, 'Monday', 'الاثنين'),
(4, 'Tuesday', 'الثلاثاء'),
(5, 'Wednesday', 'الأربعاء'),
(6, 'Thursday', 'الخميس'),
(7, 'Friday', 'الجمعة');

-- --------------------------------------------------------

--
-- Table structure for table `experiences`
--

CREATE TABLE `experiences` (
  `id` bigint(20) UNSIGNED NOT NULL,
  `name` varchar(30) COLLATE utf8mb4_unicode_ci NOT NULL,
  `expert_id` bigint(20) UNSIGNED NOT NULL
) ENGINE=MyISAM DEFAULT CHARSET=utf8mb4 COLLATE=utf8mb4_unicode_ci;

--
-- Dumping data for table `experiences`
--

INSERT INTO `experiences` (`id`, `name`, `expert_id`) VALUES
(1, 'cum', 1),
(2, 'quas', 1),
(3, 'dolor', 1),
(4, 'vitae', 2),
(5, 'quaerat', 2),
(6, 'alias', 2),
(7, 'et', 3),
(8, 'ex', 3),
(9, 'incidunt', 3),
(10, 'rem', 4),
(11, 'sed', 4),
(12, 'ipsa', 4),
(13, 'necessitatibus', 5),
(14, 'laboriosam', 5),
(15, 'similique', 5),
(16, 'consectetur', 6),
(17, 'voluptate', 6),
(18, 'inventore', 6),
(19, 'rerum', 7),
(20, 'maiores', 7),
(21, 'ad', 7),
(22, 'exercitationem', 8),
(23, 'ut', 8),
(24, 'culpa', 8),
(25, 'voluptatem', 9),
(26, 'nesciunt', 9),
(27, 'architecto', 9),
(28, 'sequi', 10),
(29, 'unde', 10),
(30, 'voluptatibus', 10),
(31, 'voluptatum', 11),
(32, 'aut', 11),
(33, 'similique', 11),
(34, 'repudiandae', 12),
(35, 'ut', 12),
(36, 'et', 12),
(37, 'quo', 13),
(38, 'et', 13),
(39, 'aliquam', 13),
(40, 'non', 14),
(41, 'nisi', 14),
(42, 'sit', 14),
(43, 'voluptatem', 15),
(44, 'quidem', 15),
(45, 'maiores', 15),
(46, 'quia', 16),
(47, 'provident', 16),
(48, 'et', 16),
(49, 'consequatur', 17),
(50, 'consequuntur', 17),
(51, 'a', 17),
(52, 'itaque', 18),
(53, 'eaque', 18),
(54, 'nihil', 18),
(55, 'tempora', 19),
(56, 'sequi', 19),
(57, 'ut', 19),
(58, 'dolore', 20),
(59, 'deserunt', 20),
(60, 'quis', 20),
(61, 'sunt', 21),
(62, 'saepe', 21),
(63, 'sapiente', 21),
(64, 'porro', 22),
(65, 'fuga', 22),
(66, 'ut', 22),
(67, 'debitis', 23),
(68, 'unde', 23),
(69, 'soluta', 23),
(70, 'deserunt', 24),
(71, 'reiciendis', 24),
(72, 'quod', 24),
(73, 'ad', 25),
(74, 'vel', 25),
(75, 'eligendi', 25),
(76, 'suscipit', 26),
(77, 'dicta', 26),
(78, 'sit', 26),
(79, 'harum', 27),
(80, 'unde', 27),
(81, 'modi', 27),
(82, 'nesciunt', 28),
(83, 'voluptas', 28),
(84, 'eius', 28),
(85, 'exercitationem', 29),
(86, 'vitae', 29),
(87, 'dolore', 29),
(88, 'aut', 30),
(89, 'numquam', 30),
(90, 'consequatur', 30),
(91, 'odio', 31),
(92, 'enim', 31),
(93, 'non', 31),
(94, 'occaecati', 32),
(95, 'iure', 32),
(96, 'dicta', 32),
(97, 'non', 33),
(98, 'iusto', 33),
(99, 'neque', 33),
(100, 'sed', 34),
(101, 'dicta', 34),
(102, 'molestiae', 34),
(103, 'velit', 35),
(104, 'quibusdam', 35),
(105, 'provident', 35),
(106, 'maxime', 36),
(107, 'veniam', 36),
(108, 'corrupti', 36),
(109, 'eos', 37),
(110, 'necessitatibus', 37),
(111, 'assumenda', 37),
(112, 'corrupti', 38),
(113, 'est', 38),
(114, 'similique', 38),
(115, 'et', 39),
(116, 'culpa', 39),
(117, 'amet', 39),
(118, 'dolorum', 40),
(119, 'et', 40),
(120, 'eum', 40),
(121, 'est', 41),
(122, 'repellendus', 41),
(123, 'distinctio', 41),
(124, 'porro', 42),
(125, 'placeat', 42),
(126, 'ut', 42),
(127, 'vitae', 43),
(128, 'sit', 43),
(129, 'porro', 43),
(130, 'dolorum', 44),
(131, 'voluptatem', 44),
(132, 'consequatur', 44),
(133, 'eveniet', 45),
(134, 'et', 45),
(135, 'quidem', 45),
(136, 'ea', 46),
(137, 'laboriosam', 46),
(138, 'voluptates', 46),
(139, 'qui', 47),
(140, 'cumque', 47),
(141, 'ducimus', 47),
(142, 'est', 48),
(143, 'molestiae', 48),
(144, 'ullam', 48),
(145, 'eos', 49),
(146, 'commodi', 49),
(147, 'nemo', 49),
(148, 'hic', 50),
(149, 'est', 50),
(150, 'molestiae', 50),
(151, 'est', 51),
(152, 'nostrum', 51),
(153, 'laudantium', 51),
(154, 'delectus', 52),
(155, 'corporis', 52),
(156, 'autem', 52),
(157, 'rerum', 53),
(158, 'cumque', 53),
(159, 'facilis', 53),
(160, 'similique', 54),
(161, 'magni', 54),
(162, 'architecto', 54),
(163, 'est', 55),
(164, 'numquam', 55),
(165, 'iusto', 55),
(166, 'enim', 56),
(167, 'iste', 56),
(168, 'sit', 56),
(169, 'architecto', 57),
(170, 'consectetur', 57),
(171, 'velit', 57),
(172, 'omnis', 58),
(173, 'autem', 58),
(174, 'nihil', 58),
(175, 'nisi', 59),
(176, 'eum', 59),
(177, 'nihil', 59),
(178, 'cumque', 60),
(179, 'dolor', 60),
(180, 'officia', 60),
(181, 'quibusdam', 61),
(182, 'dignissimos', 61),
(183, 'corrupti', 61),
(184, 'voluptatum', 62),
(185, 'sit', 62),
(186, 'at', 62),
(187, 'quia', 63),
(188, 'amet', 63),
(189, 'laudantium', 63),
(190, 'et', 64),
(191, 'debitis', 64),
(192, 'voluptatem', 64),
(193, 'deleniti', 65),
(194, 'atque', 65),
(195, 'aspernatur', 65),
(196, 'necessitatibus', 66),
(197, 'qui', 66),
(198, 'ut', 66),
(199, 'sed', 67),
(200, 'inventore', 67),
(201, 'cum', 67),
(202, 'vel', 68),
(203, 'soluta', 68),
(204, 'sit', 68),
(205, 'a', 69),
(206, 'facilis', 69),
(207, 'itaque', 69),
(208, 'nostrum', 70),
(209, 'repellendus', 70),
(210, 'in', 70),
(211, 'quas', 71),
(212, 'corporis', 71),
(213, 'aut', 71),
(214, 'doloremque', 72),
(215, 'aut', 72),
(216, 'deleniti', 72),
(217, 'sed', 73),
(218, 'voluptas', 73),
(219, 'iusto', 73),
(220, 'esse', 74),
(221, 'ut', 74),
(222, 'at', 74),
(223, 'repellat', 75),
(224, 'velit', 75),
(225, 'esse', 75),
(226, 'aut', 76),
(227, 'voluptatum', 76),
(228, 'deleniti', 76),
(229, 'error', 77),
(230, 'quibusdam', 77),
(231, 'error', 77),
(232, 'eaque', 78),
(233, 'accusantium', 78),
(234, 'numquam', 78),
(235, 'ut', 79),
(236, 'omnis', 79),
(237, 'quam', 79),
(238, 'fugiat', 80),
(239, 'sed', 80),
(240, 'est', 80),
(241, 'pariatur', 81),
(242, 'aut', 81),
(243, 'fugiat', 81),
(244, 'ut', 82),
(245, 'et', 82),
(246, 'eaque', 82),
(247, 'nam', 83),
(248, 'animi', 83),
(249, 'sint', 83),
(250, 'quisquam', 84),
(251, 'occaecati', 84),
(252, 'cumque', 84),
(253, 'cumque', 85),
(254, 'id', 85),
(255, 'consequuntur', 85),
(256, 'libero', 86),
(257, 'fuga', 86),
(258, 'sed', 86),
(259, 'quae', 87),
(260, 'odio', 87),
(261, 'facilis', 87),
(262, 'natus', 88),
(263, 'animi', 88),
(264, 'exercitationem', 88),
(265, 'dolorum', 89),
(266, 'quod', 89),
(267, 'quod', 89),
(268, 'assumenda', 90),
(269, 'similique', 90),
(270, 'est', 90),
(271, 'ratione', 91),
(272, 'minus', 91),
(273, 'autem', 91),
(274, 'perferendis', 92),
(275, 'id', 92),
(276, 'tenetur', 92),
(277, 'reprehenderit', 93),
(278, 'eos', 93),
(279, 'expedita', 93),
(280, 'animi', 94),
(281, 'nulla', 94),
(282, 'beatae', 94),
(283, 'voluptatum', 95),
(284, 'libero', 95),
(285, 'quae', 95),
(286, 'dolor', 96),
(287, 'deserunt', 96),
(288, 'et', 96),
(289, 'rerum', 97),
(290, 'consequatur', 97),
(291, 'omnis', 97),
(292, 'et', 98),
(293, 'perspiciatis', 98),
(294, 'iusto', 98),
(295, 'est', 99),
(296, 'est', 99),
(297, 'qui', 99),
(298, 'velit', 100),
(299, 'labore', 100),
(300, 'velit', 100),
(301, 'voluptatibus', 101),
(302, 'voluptatem', 101),
(303, 'velit', 101),
(304, 'dignissimos', 102),
(305, 'enim', 102),
(306, 'soluta', 102),
(307, 'perspiciatis', 103),
(308, 'repellat', 103),
(309, 'illum', 103),
(310, 'nisi', 104),
(311, 'eius', 104),
(312, 'aliquid', 104),
(313, 'eaque', 105),
(314, 'ut', 105),
(315, 'rerum', 105),
(316, 'doloremque', 106),
(317, 'aut', 106),
(318, 'nesciunt', 106),
(319, 'hic', 107),
(320, 'blanditiis', 107),
(321, 'velit', 107),
(322, 'perspiciatis', 108),
(323, 'et', 108),
(324, 'distinctio', 108),
(325, 'dolores', 109),
(326, 'porro', 109),
(327, 'quis', 109),
(328, 'id', 110),
(329, 'quis', 110),
(330, 'voluptatibus', 110),
(331, 'cumque', 111),
(332, 'perspiciatis', 111),
(333, 'sed', 111),
(334, 'autem', 112),
(335, 'qui', 112),
(336, 'consequatur', 112),
(337, 'atque', 113),
(338, 'recusandae', 113),
(339, 'a', 113),
(340, 'velit', 114),
(341, 'numquam', 114),
(342, 'nulla', 114),
(343, 'ullam', 115),
(344, 'possimus', 115),
(345, 'dolorem', 115),
(346, 'debitis', 116),
(347, 'molestiae', 116),
(348, 'distinctio', 116),
(349, 'quia', 117),
(350, 'earum', 117),
(351, 'necessitatibus', 117),
(352, 'quo', 118),
(353, 'non', 118),
(354, 'sint', 118),
(355, 'maiores', 119),
(356, 'et', 119),
(357, 'blanditiis', 119),
(358, 'assumenda', 120),
(359, 'assumenda', 120),
(360, 'et', 120),
(361, 'iusto', 121),
(362, 'et', 121),
(363, 'excepturi', 121),
(364, 'id', 122),
(365, 'nihil', 122),
(366, 'ea', 122),
(367, 'numquam', 123),
(368, 'ea', 123),
(369, 'autem', 123),
(370, 'voluptas', 124),
(371, 'consequatur', 124),
(372, 'non', 124),
(373, 'corrupti', 125),
(374, 'exercitationem', 125),
(375, 'atque', 125),
(376, 'modi', 126),
(377, 'alias', 126),
(378, 'vero', 126),
(379, 'quas', 127),
(380, 'et', 127),
(381, 'quia', 127),
(382, 'quas', 128),
(383, 'minus', 128),
(384, 'dicta', 128),
(385, 'rerum', 129),
(386, 'beatae', 129),
(387, 'et', 129),
(388, 'magni', 130),
(389, 'et', 130),
(390, 'voluptas', 130),
(391, 'a', 131),
(392, 'facere', 131),
(393, 'cum', 131),
(394, 'voluptates', 132),
(395, 'accusantium', 132),
(396, 'maxime', 132),
(397, 'quae', 133),
(398, 'facere', 133),
(399, 'impedit', 133),
(400, 'sint', 134),
(401, 'quam', 134),
(402, 'veritatis', 134),
(403, 'libero', 135),
(404, 'qui', 135),
(405, 'et', 135),
(406, 'ullam', 136),
(407, 'architecto', 136),
(408, 'ut', 136),
(409, 'aperiam', 137),
(410, 'illum', 137),
(411, 'doloremque', 137),
(412, 'ut', 138),
(413, 'magnam', 138),
(414, 'sit', 138),
(415, 'iste', 139),
(416, 'qui', 139),
(417, 'natus', 139),
(418, 'ipsa', 140),
(419, 'ut', 140),
(420, 'numquam', 140),
(421, 'ullam', 141),
(422, 'blanditiis', 141),
(423, 'ea', 141),
(424, 'sed', 142),
(425, 'quis', 142),
(426, 'et', 142),
(427, 'omnis', 143),
(428, 'quasi', 143),
(429, 'dolorem', 143),
(430, 'quo', 144),
(431, 'possimus', 144),
(432, 'sit', 144),
(433, 'perspiciatis', 145),
(434, 'dolor', 145),
(435, 'inventore', 145),
(436, 'eligendi', 146),
(437, 'aliquam', 146),
(438, 'itaque', 146),
(439, 'praesentium', 147),
(440, 'harum', 147),
(441, 'aut', 147),
(442, 'tenetur', 148),
(443, 'occaecati', 148),
(444, 'earum', 148),
(445, 'fuga', 149),
(446, 'tempora', 149),
(447, 'velit', 149),
(448, 'doloribus', 150),
(449, 'et', 150),
(450, 'laudantium', 150),
(451, 'fugit', 151),
(452, 'est', 151),
(453, 'repellat', 151),
(454, 'odio', 152),
(455, 'quam', 152),
(456, 'aliquam', 152),
(457, 'sed', 153),
(458, 'eum', 153),
(459, 'debitis', 153),
(460, 'accusamus', 154),
(461, 'ut', 154),
(462, 'voluptatibus', 154),
(463, 'eius', 155),
(464, 'recusandae', 155),
(465, 'blanditiis', 155),
(466, 'iusto', 156),
(467, 'nihil', 156),
(468, 'doloribus', 156),
(469, 'aut', 157),
(470, 'aut', 157),
(471, 'eum', 157),
(472, 'iure', 158),
(473, 'non', 158),
(474, 'nostrum', 158),
(475, 'autem', 159),
(476, 'dicta', 159),
(477, 'quia', 159),
(478, 'molestiae', 160),
(479, 'neque', 160),
(480, 'sint', 160),
(481, 'praesentium', 161),
(482, 'et', 161),
(483, 'voluptatum', 161),
(484, 'nostrum', 162),
(485, 'totam', 162),
(486, 'voluptatem', 162),
(487, 'ut', 163),
(488, 'corporis', 163),
(489, 'omnis', 163),
(490, 'vel', 164),
(491, 'pariatur', 164),
(492, 'consequatur', 164),
(493, 'unde', 165),
(494, 'voluptatibus', 165),
(495, 'et', 165),
(496, 'impedit', 166),
(497, 'molestiae', 166),
(498, 'aperiam', 166),
(499, 'cupiditate', 167),
(500, 'est', 167),
(501, 'saepe', 167),
(502, 'aut', 168),
(503, 'omnis', 168),
(504, 'et', 168),
(505, 'aliquid', 169),
(506, 'fuga', 169),
(507, 'accusamus', 169),
(508, 'aut', 170),
(509, 'officiis', 170),
(510, 'praesentium', 170),
(511, 'dolorem', 171),
(512, 'quia', 171),
(513, 'omnis', 171),
(514, 'facilis', 172),
(515, 'cumque', 172),
(516, 'incidunt', 172),
(517, 'quia', 173),
(518, 'molestias', 173),
(519, 'deleniti', 173),
(520, 'a', 174),
(521, 'voluptatem', 174),
(522, 'in', 174),
(523, 'est', 175),
(524, 'corrupti', 175),
(525, 'minima', 175),
(526, 'laudantium', 176),
(527, 'eaque', 176),
(528, 'et', 176),
(529, 'eaque', 177),
(530, 'dicta', 177),
(531, 'facere', 177),
(532, 'et', 178),
(533, 'non', 178),
(534, 'quia', 178),
(535, 'dolorem', 179),
(536, 'praesentium', 179),
(537, 'vero', 179),
(538, 'quo', 180),
(539, 'aut', 180),
(540, 'sequi', 180),
(541, 'doloribus', 181),
(542, 'ipsum', 181),
(543, 'fugit', 181),
(544, 'repellat', 182),
(545, 'dolores', 182),
(546, 'ipsum', 182),
(547, 'dolorem', 183),
(548, 'ipsa', 183),
(549, 'quibusdam', 183),
(550, 'voluptatem', 184),
(551, 'aut', 184),
(552, 'qui', 184),
(553, 'non', 185),
(554, 'placeat', 185),
(555, 'alias', 185),
(556, 'dolorem', 186),
(557, 'accusantium', 186),
(558, 'vitae', 186),
(559, 'ut', 187),
(560, 'ducimus', 187),
(561, 'aut', 187),
(562, 'optio', 188),
(563, 'iste', 188),
(564, 'voluptas', 188),
(565, 'nesciunt', 189),
(566, 'inventore', 189),
(567, 'natus', 189),
(568, 'in', 190),
(569, 'non', 190),
(570, 'incidunt', 190),
(571, 'facere', 191),
(572, 'possimus', 191),
(573, 'nihil', 191),
(574, 'totam', 192),
(575, 'consequatur', 192),
(576, 'sit', 192),
(577, 'quas', 193),
(578, 'saepe', 193),
(579, 'quidem', 193),
(580, 'eaque', 194),
(581, 'qui', 194),
(582, 'accusamus', 194),
(583, 'distinctio', 195),
(584, 'iure', 195),
(585, 'commodi', 195),
(586, 'sed', 196),
(587, 'saepe', 196),
(588, 'aliquam', 196),
(589, 'distinctio', 197),
(590, 'et', 197),
(591, 'aut', 197),
(592, 'et', 198),
(593, 'in', 198),
(594, 'impedit', 198),
(595, 'et', 199),
(596, 'eum', 199),
(597, 'qui', 199),
(598, 'qui', 200),
(599, 'sed', 200),
(600, 'distinctio', 200),
(601, 'sapiente', 201),
(602, 'cupiditate', 201),
(603, 'mollitia', 201),
(604, 'maiores', 202),
(605, 'fuga', 202),
(606, 'id', 202),
(607, 'dolor', 203),
(608, 'saepe', 203),
(609, 'sed', 203),
(610, 'enim', 204),
(611, 'harum', 204),
(612, 'aut', 204),
(613, 'numquam', 205),
(614, 'dicta', 205),
(615, 'velit', 205),
(616, 'non', 206),
(617, 'fugiat', 206),
(618, 'est', 206),
(619, 'laboriosam', 207),
(620, 'sunt', 207),
(621, 'consequatur', 207),
(622, 'vero', 208),
(623, 'laborum', 208),
(624, 'a', 208),
(625, 'natus', 209),
(626, 'voluptas', 209),
(627, 'rerum', 209),
(628, 'odio', 210),
(629, 'enim', 210),
(630, 'nesciunt', 210),
(631, 'dolor', 211),
(632, 'rerum', 211),
(633, 'enim', 211),
(634, 'facere', 212),
(635, 'provident', 212),
(636, 'placeat', 212),
(637, 'modi', 213),
(638, 'voluptas', 213),
(639, 'minus', 213),
(640, 'ipsa', 214),
(641, 'veniam', 214),
(642, 'repellat', 214),
(643, 'recusandae', 215),
(644, 'quo', 215),
(645, 'expedita', 215),
(646, 'in', 216),
(647, 'temporibus', 216),
(648, 'voluptatibus', 216),
(649, 'esse', 217),
(650, 'labore', 217),
(651, 'soluta', 217),
(652, 'pariatur', 218),
(653, 'rerum', 218),
(654, 'consequuntur', 218),
(655, 'voluptatem', 219),
(656, 'alias', 219),
(657, 'aliquid', 219),
(658, 'ut', 220),
(659, 'placeat', 220),
(660, 'velit', 220),
(661, 'voluptatibus', 221),
(662, 'dolorem', 221),
(663, 'deserunt', 221),
(664, 'repellendus', 222),
(665, 'necessitatibus', 222),
(666, 'labore', 222),
(667, 'est', 223),
(668, 'ex', 223),
(669, 'ut', 223),
(670, 'error', 224),
(671, 'qui', 224),
(672, 'modi', 224),
(673, 'autem', 225),
(674, 'expedita', 225),
(675, 'odit', 225),
(676, 'quae', 226),
(677, 'doloribus', 226),
(678, 'dignissimos', 226),
(679, 'aut', 227),
(680, 'quia', 227),
(681, 'dolor', 227),
(682, 'aliquid', 228),
(683, 'est', 228),
(684, 'maxime', 228),
(685, 'et', 229),
(686, 'explicabo', 229),
(687, 'hic', 229),
(688, 'earum', 230),
(689, 'at', 230),
(690, 'ratione', 230),
(691, 'nihil', 231),
(692, 'aut', 231),
(693, 'accusantium', 231),
(694, 'est', 232),
(695, 'sequi', 232),
(696, 'consequatur', 232),
(697, 'rem', 233),
(698, 'nostrum', 233),
(699, 'aut', 233),
(700, 'alias', 234),
(701, 'sunt', 234),
(702, 'et', 234),
(703, 'assumenda', 235),
(704, 'qui', 235),
(705, 'ea', 235),
(706, 'non', 236),
(707, 'doloribus', 236),
(708, 'molestias', 236),
(709, 'quidem', 237),
(710, 'officiis', 237),
(711, 'aut', 237),
(712, 'eveniet', 238),
(713, 'nam', 238),
(714, 'quam', 238),
(715, 'voluptatem', 239),
(716, 'quia', 239),
(717, 'et', 239),
(718, 'temporibus', 240),
(719, 'dignissimos', 240),
(720, 'ut', 240),
(721, 'aut', 241),
(722, 'ea', 241),
(723, 'eaque', 241),
(724, 'inventore', 242),
(725, 'minus', 242),
(726, 'minus', 242),
(727, 'rerum', 243),
(728, 'laudantium', 243),
(729, 'consectetur', 243),
(730, 'saepe', 244),
(731, 'et', 244),
(732, 'fuga', 244),
(733, 'aspernatur', 245),
(734, 'laboriosam', 245),
(735, 'maxime', 245),
(736, 'in', 246),
(737, 'labore', 246),
(738, 'quaerat', 246),
(739, 'ad', 247),
(740, 'est', 247),
(741, 'aut', 247),
(742, 'recusandae', 248),
(743, 'in', 248),
(744, 'in', 248),
(745, 'ipsa', 249),
(746, 'ex', 249),
(747, 'libero', 249),
(748, 'ut', 250),
(749, 'sequi', 250),
(750, 'cumque', 250);

-- --------------------------------------------------------

--
-- Table structure for table `experts`
--

CREATE TABLE `experts` (
  `id` bigint(20) UNSIGNED NOT NULL,
  `name` varchar(100) COLLATE utf8mb4_unicode_ci NOT NULL,
  `phone_number` varchar(30) COLLATE utf8mb4_unicode_ci NOT NULL,
  `password` varchar(100) COLLATE utf8mb4_unicode_ci NOT NULL,
  `address` varchar(100) COLLATE utf8mb4_unicode_ci DEFAULT NULL,
  `photo` varchar(100) COLLATE utf8mb4_unicode_ci DEFAULT NULL,
  `rating` double NOT NULL DEFAULT '0',
  `rating_number` int(11) NOT NULL DEFAULT '0',
  `start_work` varchar(10) COLLATE utf8mb4_unicode_ci DEFAULT NULL,
  `end_work` varchar(10) COLLATE utf8mb4_unicode_ci DEFAULT NULL,
  `category_id` bigint(20) UNSIGNED DEFAULT NULL,
  `money` int(11) NOT NULL DEFAULT '50000',
  `remember_token` varchar(500) COLLATE utf8mb4_unicode_ci DEFAULT NULL,
  `created_at` timestamp NULL DEFAULT NULL,
  `updated_at` timestamp NULL DEFAULT NULL
) ENGINE=MyISAM DEFAULT CHARSET=utf8mb4 COLLATE=utf8mb4_unicode_ci;

--
-- Dumping data for table `experts`
--

INSERT INTO `experts` (`id`, `name`, `phone_number`, `password`, `address`, `photo`, `rating`, `rating_number`, `start_work`, `end_work`, `category_id`, `money`, `remember_token`, `created_at`, `updated_at`) VALUES
(1, 'Kiarra', '0935163983', '$2y$10$Wx0RyWxYQUEsa8NjJfQ97ep/r/kr0brqduatLPGgZ8gSNn7Hr5y86', 'Trinidad and Tobago', 'person38.jfif', 11733.18189, 24341, '11:00 AM', '6:00 PM', 2, 4471504, NULL, '2023-01-08 22:08:58', '2023-01-08 22:08:58'),
(2, 'Jarrett', '0938841912', '$2y$10$/fYR/RC3/ulcYNpSTzmD6.z93qSEG78YQdYh4PVD8NbtzPSTfYTrS', 'Ethiopia', 'person29.jfif', 2432.37437, 33078, '9:00 AM', '3:00 PM', 2, 6178597, NULL, '2023-01-08 22:08:58', '2023-01-08 22:08:58'),
(3, 'Elinor', '0930694479', '$2y$10$IZ.EPkPEwz6PLDIDLQXbMOw0CNayDfqar9z1mYZNeukmUneY.ILEe', 'Korea', 'person29.jfif', 57525858.99816, 14925, '6:00 AM', '2:00 PM', 5, 8898527, NULL, '2023-01-08 22:08:58', '2023-01-08 22:08:58'),
(4, 'Eloy', '0930100768', '$2y$10$h9QYWKs1fDe/UDOcj5QtNei4ssDltzOwPjW3SnSnKVRSqXyXwrqHq', 'Qatar', 'person4.jfif', 8062.18508, 7026, '11:00 AM', '3:00 PM', 3, 514338, NULL, '2023-01-08 22:08:58', '2023-01-08 22:08:58'),
(5, 'Erik', '0937637777', '$2y$10$qiTZDCJUU/uPZXHZbQbJ6uz4d76UtfACnFrOhuLlc7/rHSrThrGAy', 'Ghana', 'person4.jfif', 311948.82928, 43892, '12:00 AM', '6:00 PM', 4, 6316494, NULL, '2023-01-08 22:08:58', '2023-01-08 22:08:58'),
(6, 'Vidal', '0939874269', '$2y$10$Uxl3oVHzNZGpyfkcZp3KhOgWt4tIdzIvOEeDcJuL7HNrvCoa7iPgi', 'India', 'person35.jfif', 680.04839, 5130, '7:00 AM', '8:00 PM', 1, 4300979, NULL, '2023-01-08 22:08:59', '2023-01-08 22:08:59'),
(7, 'Kurtis', '0932740395', '$2y$10$MBF56w17EZqcLsEchA/b3O29I83H040w/UOoNCPSSI2MI5YDQSEOi', 'Tanzania', 'person11.jfif', 365254129.13019, 4044, '8:00 AM', '10:00 PM', 4, 1901064, NULL, '2023-01-08 22:08:59', '2023-01-08 22:08:59'),
(8, 'Claire', '0934230448', '$2y$10$.AIMkWmSLGmRc2hGKFee2eklidZK7WfeJ3xoxIyiV1PKxX31x8GeS', 'Russian Federation', 'person36.jfif', 308196.80346, 5590, '11:00 AM', '4:00 PM', 3, 3411260, NULL, '2023-01-08 22:08:59', '2023-01-08 22:08:59'),
(9, 'Janice', '0933537947', '$2y$10$R3U7TdcxmX9U8CHsVGfjRuukyEwNAkl1Qv2kKoW/0H2kc5BzzZbJa', 'Macedonia', 'person4.jfif', 3343.59151, 37913, '8:00 AM', '2:00 PM', 4, 9045394, NULL, '2023-01-08 22:08:59', '2023-01-08 22:08:59'),
(10, 'Erick', '0931275805', '$2y$10$4KDajsv48jKzQG/Gv1HC2.us.d2YA7irnklLrmg6YM0vlzysSc8AW', 'Dominica', 'person15.jfif', 6285488.80535, 37714, '10:00 AM', '8:00 PM', 4, 8703042, NULL, '2023-01-08 22:09:00', '2023-01-08 22:09:00'),
(11, 'Guido', '0936897471', '$2y$10$S21nHJsnEbpYVW/mYTTWyeKcgQS/6fW5nJtougFum1hlJre7uaqnm', 'Vanuatu', 'person16.jfif', 2.2376, 30680, '8:00 AM', '2:00 PM', 3, 6290701, NULL, '2023-01-08 22:09:00', '2023-01-08 22:09:00'),
(12, 'Lyla', '0938682720', '$2y$10$qopJKxwn.dnbC8Nbz2.QQ.HAZvk/HIPpYXsLyIyuLfULWuqLdChOO', 'Paraguay', 'person32.jfif', 80228046.35705, 252, '11:00 AM', '6:00 PM', 5, 205727, NULL, '2023-01-08 22:09:00', '2023-01-08 22:09:00'),
(13, 'Taurean', '0930946577', '$2y$10$a/VTm/Wl5rEvseO3tEG0xuvhnGsccSeib8jmB4uAmiqQmhQnFiuWe', 'United States Minor Outlying Islands', 'person32.jfif', 3.13149, 6630, '12:00 AM', '3:00 PM', 2, 8015899, NULL, '2023-01-08 22:09:00', '2023-01-08 22:09:00'),
(14, 'Kathryn', '0938954795', '$2y$10$X6.DgegkIAu/J5tRJ97SrOyP49pptl.iXRDB5QMkWvHdtZhrdpEQ2', 'Ukraine', 'person3.jfif', 3123250.6516, 29753, '12:00 AM', '9:00 PM', 3, 5589658, NULL, '2023-01-08 22:09:00', '2023-01-08 22:09:00'),
(15, 'Antonina', '0934627692', '$2y$10$1KexMH7prOHr0AWigDvQ8.7Sneqy/tC3x/8jJjf30K38pplNxlmbi', 'British Indian Ocean Territory (Chagos Archipelago)', 'person27.jfif', 180373.63744, 43906, '11:00 AM', '7:00 PM', 1, 9889942, NULL, '2023-01-08 22:09:01', '2023-01-08 22:09:01'),
(16, 'Rachelle', '0936804436', '$2y$10$kNSOmqSUGxcDLRNKe2QwTuUsKeJ9349Bk/JEDdcPN.CDzCqLwN6ge', 'Montserrat', 'person2.jfif', 3807.61651, 12585, '8:00 AM', '9:00 PM', 3, 8870373, NULL, '2023-01-08 22:09:01', '2023-01-08 22:09:01'),
(17, 'Mara', '0931855723', '$2y$10$OAehB2RqomDBQdR/1NWcw.VTRBmF31aWamKHGAfwu51j2FjO4uu82', 'Barbados', 'person28.jfif', 1.53277, 17634, '10:00 AM', '1:00 PM', 3, 5927901, NULL, '2023-01-08 22:09:01', '2023-01-08 22:09:01'),
(18, 'Rosella', '0931091376', '$2y$10$Zyr3RUR8KaioqinVeE6nbeGVRWVEzWNMWdXSzIZeOQu1z/NKeel0S', 'Moldova', 'person12.jfif', 120602.29819, 6874, '7:00 AM', '4:00 PM', 5, 3650839, NULL, '2023-01-08 22:09:01', '2023-01-08 22:09:01'),
(19, 'Donna', '0932976969', '$2y$10$mm29zMG4AzjkLJL2JuO.j.moiCpXK0tScqmcN0Qw/dLMClgUH1YoS', 'Sierra Leone', 'person22.jfif', 1672.15407, 11731, '11:00 AM', '1:00 PM', 1, 1042210, NULL, '2023-01-08 22:09:02', '2023-01-08 22:09:02'),
(20, 'Lorena', '0939932915', '$2y$10$qsZEP4clFJlKRW9iZHpnx.052oGMaaXZ7Raq9dkyPwttX6hQPm85a', 'Azerbaijan', 'person2.jfif', 204.74612, 23577, '9:00 AM', '10:00 PM', 1, 8633669, NULL, '2023-01-08 22:09:02', '2023-01-08 22:09:02'),
(21, 'Guadalupe', '0938883055', '$2y$10$Du2r9UZVfrO0yuzxuLVcLOYW47lqn6AXneAt1F1mHk73K/1WI1lF.', 'Sao Tome and Principe', 'person37.jfif', 60417109.1738, 36016, '7:00 AM', '7:00 PM', 3, 2544767, NULL, '2023-01-08 22:09:02', '2023-01-08 22:09:02'),
(22, 'Verner', '0937714725', '$2y$10$G0YGPRQeN8B/dzICjSn./OdKn1cp3vpjvmK2TboHVArV3ZOZCLbl6', 'Lebanon', 'person21.jfif', 47557085.97451, 16706, '11:00 AM', '8:00 PM', 4, 6218504, NULL, '2023-01-08 22:09:02', '2023-01-08 22:09:02'),
(23, 'Brendan', '0933546913', '$2y$10$Bc6QEpoVRRXhR8vnT1KMmONswnD6jqARFuUBTrfoG0oJpoh5otOm6', 'Turkey', 'person21.jfif', 329250.44013, 8141, '10:00 AM', '2:00 PM', 4, 5852005, NULL, '2023-01-08 22:09:03', '2023-01-08 22:09:03'),
(24, 'Brayan', '0938306414', '$2y$10$E5rzH0ubfds49rFMLcoi3O2N.WX8MG.qqPF1rkzRZaH7Dnq7nyg1u', 'Seychelles', 'person17.jfif', 8863227.26322, 20198, '10:00 AM', '9:00 PM', 1, 7452653, NULL, '2023-01-08 22:09:03', '2023-01-08 22:09:03'),
(25, 'Xavier', '0930864524', '$2y$10$/oxMqwi2AUHc0YOpCHp1feSle1QMYNNx.7dJ2mnykck1W2Lg/DIFm', 'Tajikistan', 'person37.jfif', 1.21161, 508, '11:00 AM', '3:00 PM', 5, 3883973, NULL, '2023-01-08 22:09:03', '2023-01-08 22:09:03'),
(26, 'Charlotte', '0938212853', '$2y$10$bT5GqNFt0/ycefdgAvwwVuGPtGQP/sVUy4gfb9nQiT6aaZnWq9oiK', 'Ecuador', 'person1.jfif', 786039.55157, 278, '10:00 AM', '1:00 PM', 5, 8673717, NULL, '2023-01-08 22:09:03', '2023-01-08 22:09:03'),
(27, 'Kyle', '0933839524', '$2y$10$w0M.D1GkSLMHzNHnmQ6KvO2YgPwaWcKb90FnWvyJeN0WRP4dYIVHC', 'Gambia', 'person25.jfif', 582048485.63505, 7881, '8:00 AM', '10:00 PM', 2, 1303750, NULL, '2023-01-08 22:09:04', '2023-01-08 22:09:04'),
(28, 'Yvonne', '0936241009', '$2y$10$.MdcqjG6bkjTmikvFUErKuIypjH/WuYzPw9oLmJYQ4j2khg7vEBTy', 'Spain', 'person35.jfif', 23783.55223, 17753, '7:00 AM', '9:00 PM', 3, 9818246, NULL, '2023-01-08 22:09:04', '2023-01-08 22:09:04'),
(29, 'Serenity', '0936431269', '$2y$10$cGK96Vba3TQXLER498Bs/eREqecEsDDXbNP0EMgpbiUn1hpb.8PHe', 'Guam', 'person11.jfif', 3411277.30682, 45447, '12:00 AM', '8:00 PM', 1, 9878333, NULL, '2023-01-08 22:09:04', '2023-01-08 22:09:04'),
(30, 'Hudson', '0935313690', '$2y$10$LxChgq4wPda2yIfwv.U8UOQtNOMyCiudYEpKvELaXNDBm8DD3C5hG', 'Anguilla', 'person21.jfif', 2683.71055, 37902, '10:00 AM', '8:00 PM', 1, 6016275, NULL, '2023-01-08 22:09:05', '2023-01-08 22:09:05'),
(31, 'Lera', '0933052926', '$2y$10$LUtad4yQvC.a3QkBWdObZunajTTxaKNeL7HqEw0XQwD2ia/36UxCC', 'Morocco', 'person9.jfif', 180097254.82159, 26924, '12:00 AM', '6:00 PM', 2, 8549949, NULL, '2023-01-08 22:09:05', '2023-01-08 22:09:05'),
(32, 'Maye', '0932287940', '$2y$10$SCDMmtG7UeO1rasZ9hQkZu8ik8peTEDDNADUOK7cA8jZkLf9wyyqe', 'Serbia', 'person18.jfif', 6.0387, 43240, '8:00 AM', '2:00 PM', 3, 8715762, NULL, '2023-01-08 22:09:05', '2023-01-08 22:09:05'),
(33, 'Lavonne', '0932411289', '$2y$10$kxbF3pNA/bUsaoIsMkZwYeClpQuMjt4Uy.EUDZTrbT40bp3tj2aLe', 'Jamaica', 'person10.jfif', 49210536.25858, 23111, '9:00 AM', '10:00 PM', 1, 8788103, NULL, '2023-01-08 22:09:05', '2023-01-08 22:09:05'),
(34, 'Abbie', '0939718045', '$2y$10$TmYJQWLKyts0W40ZKCccfur9i13XtOsRlRmbUsjIhIomcVN2cpFaG', 'Kuwait', 'person28.jfif', 189464.55555, 37715, '7:00 AM', '2:00 PM', 5, 5390657, NULL, '2023-01-08 22:09:06', '2023-01-08 22:09:06'),
(35, 'Zoila', '0932773012', '$2y$10$9vQya9cNSsLzqYsv5q6JteiLd94dwbK5f2aB9TzIDuxPTAQZWxxzy', 'Tanzania', 'person37.jfif', 25366715.60334, 46304, '11:00 AM', '5:00 PM', 4, 5012988, NULL, '2023-01-08 22:09:06', '2023-01-08 22:09:06'),
(36, 'Owen', '0937125193', '$2y$10$d0KDvCWnMjjn4MG3umSPee19ooN6OQE/UQrTfu0MDq5SnBLqVF2Qq', 'Falkland Islands (Malvinas)', 'person29.jfif', 5.74801, 15979, '6:00 AM', '8:00 PM', 5, 5042207, NULL, '2023-01-08 22:09:06', '2023-01-08 22:09:06'),
(37, 'Alison', '0931005397', '$2y$10$uXg3V8EklLlsxQxnmofT3OhUaVYY/kxX3bfXdcbBBSbBIkS31eOBu', 'Kazakhstan', 'person36.jfif', 465.38607, 15171, '9:00 AM', '10:00 PM', 4, 84466, NULL, '2023-01-08 22:09:06', '2023-01-08 22:09:06'),
(38, 'Milford', '0936589244', '$2y$10$3TIOvvMjt.SR/pTeH.hvAOfkpYuuUCIcWhA0fJ3y8eRGpqVHwDAqy', 'Bahamas', 'person34.jfif', 36066226.81064, 16505, '10:00 AM', '4:00 PM', 3, 8787854, NULL, '2023-01-08 22:09:07', '2023-01-08 22:09:07'),
(39, 'Darion', '0931084600', '$2y$10$63q5iSTP562QZrZyBXkqrOHO084/HfBn8Tquwrt2hx3AIRvOfMJOW', 'Jamaica', 'person37.jfif', 147.7652, 24396, '10:00 AM', '2:00 PM', 4, 209775, NULL, '2023-01-08 22:09:07', '2023-01-08 22:09:07'),
(40, 'Providenci', '0930591908', '$2y$10$MqT43hAFndRsUjjYQZIbbeVcXVPcWdSbNyagHs90fT/eq1xLW867G', 'Cote d\'Ivoire', 'person7.jfif', 333.65375, 35086, '10:00 AM', '5:00 PM', 4, 9054208, NULL, '2023-01-08 22:09:07', '2023-01-08 22:09:07'),
(41, 'Libbie', '0935191404', '$2y$10$h5DvnH5F8rSgxEyJAGF2yORjQzSnkrZFYG4d3bIreFArWesyXxnCi', 'Bosnia and Herzegovina', 'person2.jfif', 772185821.78713, 41440, '11:00 AM', '4:00 PM', 3, 3209850, NULL, '2023-01-08 22:09:07', '2023-01-08 22:09:07'),
(42, 'Anahi', '0936900785', '$2y$10$SRDiz9QhVYLGys.VoAxVHuUxU40w5wC4UwjnjgNuUxyqRAtQ7We1K', 'Liechtenstein', 'person34.jfif', 0.42839, 7377, '10:00 AM', '10:00 PM', 1, 6171330, NULL, '2023-01-08 22:09:07', '2023-01-08 22:09:07'),
(43, 'Otis', '0934235586', '$2y$10$u/rUzJfw/47YYaDYnm9p.ecykbL59IBWc9SYzloQUYzI/4sNxT0O.', 'Qatar', 'person36.jfif', 189.54476, 42860, '11:00 AM', '6:00 PM', 2, 361608, NULL, '2023-01-08 22:09:08', '2023-01-08 22:09:08'),
(44, 'Samantha', '0934596766', '$2y$10$T0aFw2wlne5aXjud.xh.sOqafLd6K5PecaxNuIbA8t8Zfq5wZk6u2', 'Ukraine', 'person39.jfif', 180.89096, 26708, '10:00 AM', '5:00 PM', 2, 8375187, NULL, '2023-01-08 22:09:08', '2023-01-08 22:09:08'),
(45, 'Jackie', '0932843672', '$2y$10$UGR5kcdwNpCd/2jsyjzsEe8A3QuWJp/ZBKVlGYcj.mLDhS6Vnn3Yy', 'Costa Rica', 'person22.jfif', 0.19859, 48692, '8:00 AM', '5:00 PM', 2, 1045576, NULL, '2023-01-08 22:09:08', '2023-01-08 22:09:08'),
(46, 'Angie', '0931729459', '$2y$10$cvqxJnCo2XhzyZ.oE17ga.Dx8gQ4WcFSYXa8jYHRj1ygV2i462BgW', 'Northern Mariana Islands', 'person39.jfif', 904455.26038, 5682, '7:00 AM', '4:00 PM', 3, 6083741, NULL, '2023-01-08 22:09:08', '2023-01-08 22:09:08'),
(47, 'Jany', '0938811432', '$2y$10$4piNIs4HcZtWiYh3ckVfVe1bRXZX.1OaYWykO5A5Lrcu/4K.TsjKu', 'Uzbekistan', 'person10.jfif', 679593233.89453, 28010, '8:00 AM', '8:00 PM', 4, 4963792, NULL, '2023-01-08 22:09:09', '2023-01-08 22:09:09'),
(48, 'Asia', '0937760385', '$2y$10$WquyQnO3Tuoch1bXiPvIEuc6Gph8p5GiX3P6Y8ouoKkaH2al.wone', 'Kenya', 'person4.jfif', 46111180.26322, 22267, '10:00 AM', '3:00 PM', 4, 2244918, NULL, '2023-01-08 22:09:09', '2023-01-08 22:09:09'),
(49, 'Nayeli', '0934456772', '$2y$10$Lm16bf1oc4jNm6dQpFwZD.QId6c0S2brPJOqC3oo3Z7syMx/L3yby', 'Iceland', 'person40.jfif', 5581020.85015, 34534, '12:00 AM', '1:00 PM', 4, 2514338, NULL, '2023-01-08 22:09:09', '2023-01-08 22:09:09'),
(50, 'Conor', '0939410728', '$2y$10$C0.4ShP6AEIhG/trywGTtu7351Ty.3y8ihv54wbEtDRCCgjwZAhz2', 'Gambia', 'person19.jfif', 326.43597, 28424, '12:00 AM', '5:00 PM', 3, 699338, NULL, '2023-01-08 22:09:09', '2023-01-08 22:09:09'),
(51, 'Sebastian', '0937409010', '$2y$10$z7I2Z9IJVEeOk9wweiKahezOcMaLxwfKa09OJ3FBpV4noO1hvnE9G', 'Iraq', 'person3.jfif', 74157.95426, 1893, '6:00 AM', '1:00 PM', 2, 9225283, NULL, '2023-01-08 22:09:09', '2023-01-08 22:09:09'),
(52, 'Madonna', '0936701057', '$2y$10$V1I9rGPJkhXAuPu06Jr40ecR.DSCzqKMOytHrbsEvll7BBGi6Fhsi', 'Central African Republic', 'person20.jfif', 3.51193, 9162, '6:00 AM', '5:00 PM', 4, 1689737, NULL, '2023-01-08 22:09:10', '2023-01-08 22:09:10'),
(53, 'Vern', '0935661410', '$2y$10$42TfvyUitHnBS0rvL/IKM.aYlmTfVc1X0VJw3CiYcdUuMVSqX92DS', 'Somalia', 'person23.jfif', 131738.74281, 31365, '9:00 AM', '2:00 PM', 1, 9419100, NULL, '2023-01-08 22:09:10', '2023-01-08 22:09:10'),
(54, 'Tess', '0938131691', '$2y$10$2PqXTyrVIY0iEGV7J3kw7OamUQBBuNxYyNg5gpfr8w0y5dZ5E43yS', 'Niger', 'person21.jfif', 204588999.86085, 39944, '7:00 AM', '10:00 PM', 1, 3254859, NULL, '2023-01-08 22:09:10', '2023-01-08 22:09:10'),
(55, 'Everette', '0935082393', '$2y$10$wZbZXNhGH7lOlh0msQGi4eFWLeAhrCFPuosJu6fFV0QmDws/WQpk.', 'Turkmenistan', 'person39.jfif', 366602.02673, 3003, '10:00 AM', '8:00 PM', 3, 5451355, NULL, '2023-01-08 22:09:10', '2023-01-08 22:09:10'),
(56, 'Alejandrin', '0933891831', '$2y$10$jZTdr2KI1hiZIwfsawRG2uJzRHeu8aY78XqiyHD3JjXlHNNiTSuPG', 'Haiti', 'person36.jfif', 5.181, 1495, '12:00 AM', '6:00 PM', 1, 2608197, NULL, '2023-01-08 22:09:11', '2023-01-08 22:09:11'),
(57, 'Moriah', '0931187246', '$2y$10$72.uCN7SYWJ2bynCq8YigeEw7opP6OJNN64lZFtkCaTNb71HjSdVy', 'Peru', 'person25.jfif', 2636355.31675, 40968, '10:00 AM', '4:00 PM', 5, 1040209, NULL, '2023-01-08 22:09:11', '2023-01-08 22:09:11'),
(58, 'Kendall', '0934332155', '$2y$10$sTURWhtY3RhWWW7M8TQ2DehVxT8sOl8m974GZd6Qtr7L/dfVeqF6.', 'Cape Verde', 'person25.jfif', 985727.77357, 26657, '12:00 AM', '6:00 PM', 2, 1253115, NULL, '2023-01-08 22:09:11', '2023-01-08 22:09:11'),
(59, 'Merl', '0931841402', '$2y$10$RLofgHFOmFBsrESr9yvkXeyFbqVn.Bpa/aHP6jEfg7LjaO2tf.66a', 'Morocco', 'person1.jfif', 111487035.24086, 12587, '12:00 AM', '6:00 PM', 4, 895856, NULL, '2023-01-08 22:09:11', '2023-01-08 22:09:11'),
(60, 'Caleigh', '0931435101', '$2y$10$K4NYdW7Id6eunP690d/jiujZpIcSc6CdPcXyYXLF/PCAhrx5Pnr6W', 'Korea', 'person17.jfif', 43011.69315, 40543, '8:00 AM', '8:00 PM', 2, 3295769, NULL, '2023-01-08 22:09:11', '2023-01-08 22:09:11'),
(61, 'Royal', '0932500433', '$2y$10$CkSy74kyJN6SMB1QqoGTFOJ9eFFogPQI5nTqjZf.Pkol2QRSPKknK', 'Bouvet Island (Bouvetoya)', 'person25.jfif', 1571.20626, 9790, '11:00 AM', '7:00 PM', 1, 8925606, NULL, '2023-01-08 22:09:11', '2023-01-08 22:09:11'),
(62, 'Mariane', '0938699019', '$2y$10$21UGbxZQrhSjuivDA2Um.uaBlbMfjAlKqpAtoedskN3tmUCREx1C6', 'Venezuela', 'person16.jfif', 41930.06179, 39943, '8:00 AM', '10:00 PM', 5, 3553128, NULL, '2023-01-08 22:09:12', '2023-01-08 22:09:12'),
(63, 'Elwyn', '0932243059', '$2y$10$jvCKuWCEEDCN5uvDvfSC/uNK0DAloIJqAh7IdYrToiqSHzxbJHq4O', 'Armenia', 'person35.jfif', 2458.6681, 7813, '8:00 AM', '10:00 PM', 3, 7108982, NULL, '2023-01-08 22:09:12', '2023-01-08 22:09:12'),
(64, 'Daija', '0939136840', '$2y$10$uzf9zRVPUMSp/ld.z3As5uLlq56gUYVafLZlysLL4fPEJRoTDU8iC', 'Antarctica (the territory South of 60 deg S)', 'person27.jfif', 0.67243, 44668, '8:00 AM', '10:00 PM', 3, 3049474, NULL, '2023-01-08 22:09:12', '2023-01-08 22:09:12'),
(65, 'Emil', '0930385989', '$2y$10$yPcUpunTHzcFarO81XqJdO72mKQ7IOyzZNOV1RbUO3W8VnzvanUTa', 'Botswana', 'person1.jfif', 12133383.64348, 46885, '10:00 AM', '4:00 PM', 2, 8339842, NULL, '2023-01-08 22:09:13', '2023-01-08 22:09:13'),
(66, 'Shaina', '0933254765', '$2y$10$VGjNgMAuj/YpHnq6UQY8HesRFSUds1cD/dBaWzAl81/NSpi4g8tzi', 'Marshall Islands', 'person5.jfif', 0.06532, 26362, '6:00 AM', '9:00 PM', 5, 1254113, NULL, '2023-01-08 22:09:13', '2023-01-08 22:09:13'),
(67, 'Osborne', '0933027799', '$2y$10$WCTRKAxJF2GjLdQ2aorFY.B37cMfzQr9kxgPkzxGbd/lxv8FplLx2', 'Niger', 'person23.jfif', 153158.92448, 13058, '7:00 AM', '10:00 PM', 1, 9544010, NULL, '2023-01-08 22:09:13', '2023-01-08 22:09:13'),
(68, 'Benny', '0931204394', '$2y$10$1n8g/H127tpvMxEHvtasCOsr2nvpfnhUjoBy40ezs0z8JLMSwJBFi', 'Grenada', 'person29.jfif', 48437.88186, 49474, '8:00 AM', '5:00 PM', 5, 2851651, NULL, '2023-01-08 22:09:14', '2023-01-08 22:09:14'),
(69, 'Jammie', '0932347168', '$2y$10$xUeSyRrRTnz/PhELPqpuB.M9nyECugnMtU2pabW9KEWXNSI7CIo/u', 'Saudi Arabia', 'person2.jfif', 91025286.13742, 6169, '11:00 AM', '3:00 PM', 2, 4794696, NULL, '2023-01-08 22:09:14', '2023-01-08 22:09:14'),
(70, 'Kaylah', '0933326554', '$2y$10$15WPysnHeA7wZtSaJ1GGxuirFUzDVGl8DEh6SzUzWSPAYpIPMiWYG', 'Albania', 'person31.jfif', 50987623.8764, 24357, '11:00 AM', '2:00 PM', 5, 3287579, NULL, '2023-01-08 22:09:14', '2023-01-08 22:09:14'),
(71, 'Okey', '0935481255', '$2y$10$Efgn7kBzqeUuMlWPgeYtM.HLq9UAPgk7SLYfafi8siqm.2A5JJN1m', 'Anguilla', 'person18.jfif', 404.82343, 38193, '10:00 AM', '9:00 PM', 5, 6518254, NULL, '2023-01-08 22:09:14', '2023-01-08 22:09:14'),
(72, 'Liliane', '0931257713', '$2y$10$QwxYntcpMhIuEk.kj17ik.HT4AUAzo.0mOevavs/N8fqnJQuN87wy', 'Bolivia', 'person38.jfif', 66818.11171, 30452, '6:00 AM', '9:00 PM', 3, 6271790, NULL, '2023-01-08 22:09:14', '2023-01-08 22:09:14'),
(73, 'Candido', '0931121039', '$2y$10$ueUhV3czz8IULjYA0QEqT.c5aYmzpyMuXSCoc91tuPGuIn4SjLqaK', 'Solomon Islands', 'person5.jfif', 23.29799, 19694, '8:00 AM', '8:00 PM', 5, 3815201, NULL, '2023-01-08 22:09:15', '2023-01-08 22:09:15'),
(74, 'Asa', '0930053134', '$2y$10$G89tBmaGZwwdyDGMGg22rOozHePG5orSf/oCtDOhEVnZTQIoCG/qO', 'Falkland Islands (Malvinas)', 'person10.jfif', 69964670.98277, 2550, '12:00 AM', '4:00 PM', 3, 4869032, NULL, '2023-01-08 22:09:15', '2023-01-08 22:09:15'),
(75, 'Kirsten', '0930760307', '$2y$10$f1YhJWjuV88ney/0UdCW8OfbxYqiEyCF0Gwl4t8O4kTMEmkg3KLLi', 'Iraq', 'person17.jfif', 407833.02391, 44885, '9:00 AM', '8:00 PM', 3, 9139834, NULL, '2023-01-08 22:09:15', '2023-01-08 22:09:15'),
(76, 'Nathan', '0936290535', '$2y$10$LYszsqONLz/NNtjkNM37qOc4Ebz9An3DE7abVY2jks9Q81V4gJqMq', 'Antarctica (the territory South of 60 deg S)', 'person15.jfif', 20.15209, 30608, '11:00 AM', '9:00 PM', 1, 5493871, NULL, '2023-01-08 22:09:16', '2023-01-08 22:09:16'),
(77, 'Simeon', '0939294741', '$2y$10$VRw3TRvAgHMSS159UpEpy.IW1TnRcTyLvMOVAtlKp0O/Ul4RY4Caq', 'Iraq', 'person28.jfif', 4008367.98729, 4455, '8:00 AM', '6:00 PM', 4, 8658633, NULL, '2023-01-08 22:09:16', '2023-01-08 22:09:16'),
(78, 'Tamara', '0932609589', '$2y$10$1SGjHu3K9ci0piMunFvuIuzMMeVpxG8SHxw5iNXe6OmkPRVGcIraG', 'Heard Island and McDonald Islands', 'person4.jfif', 26682.23697, 25621, '10:00 AM', '9:00 PM', 2, 8911454, NULL, '2023-01-08 22:09:16', '2023-01-08 22:09:16'),
(79, 'Hillary', '0939826259', '$2y$10$IQkt6gNE6aO8WlYhbJngQOydx8ZJ0ZBM3bQ0U.j8.xq.mQsph.C4y', 'Lesotho', 'person40.jfif', 2.0002, 20833, '9:00 AM', '1:00 PM', 3, 9390300, NULL, '2023-01-08 22:09:16', '2023-01-08 22:09:16'),
(80, 'Kory', '0932954390', '$2y$10$uW18LSSTp6.9uNxPb9Ox5Om2IiPMtWzKLoUToGprEF/KSzetD/C4S', 'Guatemala', 'person26.jfif', 2441618.49114, 6739, '12:00 AM', '8:00 PM', 5, 6412928, NULL, '2023-01-08 22:09:17', '2023-01-08 22:09:17'),
(81, 'Roosevelt', '0934821795', '$2y$10$VKwTTonR4W1dCNSBU.4V7uifdsjax79.G701TKZDyyWMy7j0GTObq', 'Korea', 'person35.jfif', 61446.36818, 1343, '12:00 AM', '9:00 PM', 4, 2689815, NULL, '2023-01-08 22:09:17', '2023-01-08 22:09:17'),
(82, 'Nikko', '0937913147', '$2y$10$3TOG0xq4DyBPfpT7UMyX2eE7UVDeIUpfQ3yBMIWAwntoU685.8pV6', 'Pakistan', 'person8.jfif', 13657748.79942, 38886, '11:00 AM', '1:00 PM', 1, 6893373, NULL, '2023-01-08 22:09:17', '2023-01-08 22:09:17'),
(83, 'Allene', '0932870762', '$2y$10$wNlHn1.TGjBiaSauD.GeFu4.VOkHAUDDQIohsMxMSneTlN3bQgd46', 'Trinidad and Tobago', 'person37.jfif', 3.5492, 879, '11:00 AM', '10:00 PM', 5, 8338121, NULL, '2023-01-08 22:09:17', '2023-01-08 22:09:17'),
(84, 'Chaz', '0939266528', '$2y$10$8iXpBdWoQZqmWu9hoGkDtOdQ4wbupjMYIXQApuVWC2NixaW5964vu', 'Djibouti', 'person26.jfif', 66.84598, 31545, '10:00 AM', '9:00 PM', 4, 2182140, NULL, '2023-01-08 22:09:18', '2023-01-08 22:09:18'),
(85, 'Dorothy', '0937984291', '$2y$10$/rhr18k0WDZaGqjY0GH0hOK5UJtZQ/iMRwn2DZdV.3GJF0VzJn1X6', 'American Samoa', 'person4.jfif', 28.38662, 34983, '6:00 AM', '10:00 PM', 3, 7443600, NULL, '2023-01-08 22:09:18', '2023-01-08 22:09:18'),
(86, 'Milton', '0935748380', '$2y$10$gRPxD9rtMAQmzGK2Vj9SZe0TjmfHatHmehTT0rkz0JsHm5h2YAOoS', 'Hungary', 'person30.jfif', 19518.40893, 20934, '11:00 AM', '4:00 PM', 2, 3410157, NULL, '2023-01-08 22:09:18', '2023-01-08 22:09:18'),
(87, 'Josefa', '0935865324', '$2y$10$w9DHzyeS3sFwx7bcCQOIOONd6ey6lqThLH/fAQGV.0nNyrDa3ibzy', 'Suriname', 'person23.jfif', 2784.57159, 40532, '9:00 AM', '2:00 PM', 3, 5676090, NULL, '2023-01-08 22:09:18', '2023-01-08 22:09:18'),
(88, 'Teresa', '0938089274', '$2y$10$1nzEhBURrRDMBXrHYIIXIOJBGcCuk7XrDS.nuYdmqHVqLL0i.AiFO', 'Argentina', 'person23.jfif', 8682.23217, 34358, '10:00 AM', '7:00 PM', 2, 346639, NULL, '2023-01-08 22:09:19', '2023-01-08 22:09:19'),
(89, 'Gregory', '0934146511', '$2y$10$hsSigxOryukWeESUecgWcO3jcUHtOrTPGyTdAj8WILCCuSkQ/koRC', 'Suriname', 'person20.jfif', 2696105.44707, 31497, '8:00 AM', '4:00 PM', 5, 8293881, NULL, '2023-01-08 22:09:19', '2023-01-08 22:09:19'),
(90, 'Clementine', '0930836486', '$2y$10$C5CgOwa8p0jc684Vca3NOuyOx83NkocGTFtuh1eJHWgf3YmI7GDde', 'Guernsey', 'person11.jfif', 5206.56951, 462, '11:00 AM', '7:00 PM', 5, 755665, NULL, '2023-01-08 22:09:19', '2023-01-08 22:09:19'),
(91, 'Emory', '0937680708', '$2y$10$fUD.5Iq7gMZyBrsb71.heeq.ykvYV4KYcWttH3PYRpSz2tZAjYVIi', 'Bangladesh', 'person35.jfif', 0.06321, 30218, '8:00 AM', '2:00 PM', 5, 1191813, NULL, '2023-01-08 22:09:19', '2023-01-08 22:09:19'),
(92, 'Lenora', '0935826753', '$2y$10$EJ76RkqFHnlJECrpabCayecQeUb/uf/pxwOCzNU9tqWxgrFCMrCPa', 'Timor-Leste', 'person10.jfif', 18339.37227, 18061, '10:00 AM', '1:00 PM', 4, 5746202, NULL, '2023-01-08 22:09:20', '2023-01-08 22:09:20'),
(93, 'Kyla', '0934581034', '$2y$10$wIDlN0P9HGLZEjFcbmAMpeQl76nQ2j7UQBxvLdsGWI5yvXpnRarme', 'Greece', 'person2.jfif', 0.39259, 26850, '9:00 AM', '6:00 PM', 4, 1522145, NULL, '2023-01-08 22:09:20', '2023-01-08 22:09:20'),
(94, 'Darian', '0939246798', '$2y$10$lXwWOVelcqhiCloxoFY5KOWYuwGSjkCJ5H7HShmmCfVrM6YrooMFq', 'Fiji', 'person15.jfif', 59974114.07939, 11620, '6:00 AM', '10:00 PM', 5, 5405015, NULL, '2023-01-08 22:09:20', '2023-01-08 22:09:20'),
(95, 'Jalyn', '0939845447', '$2y$10$PyG/8zQVo1WjBQWrlxz85OHxFjzxHy6yV376rzS7Ca7wS3dScxWhm', 'Qatar', 'person17.jfif', 2.42968, 6793, '7:00 AM', '4:00 PM', 2, 6291771, NULL, '2023-01-08 22:09:20', '2023-01-08 22:09:20'),
(96, 'Brenna', '0939787199', '$2y$10$T7dqk.7SdMJzmjVYd3S5y.I78Ikpk2k4Q3F1ZChGWIDwP80eMYUzG', 'Mongolia', 'person13.jfif', 2162.57648, 45554, '7:00 AM', '4:00 PM', 4, 9596847, NULL, '2023-01-08 22:09:21', '2023-01-08 22:09:21'),
(97, 'August', '0938415826', '$2y$10$Bq..MJBz1JSrrG0q7d1l9OM/BCUYxg2MMt.v8kWPcUsgX7ssdMiK.', 'Netherlands', 'person19.jfif', 4458.94822, 48412, '9:00 AM', '8:00 PM', 5, 221045, NULL, '2023-01-08 22:09:21', '2023-01-08 22:09:21'),
(98, 'Giovani', '0936403524', '$2y$10$WXDcF4pC/cVgY9l0HR/spOujNVGHW/kdHWgHpky0TQHWAE6MjmJEu', 'Iran', 'person23.jfif', 973.00878, 28326, '12:00 AM', '7:00 PM', 5, 2679307, NULL, '2023-01-08 22:09:21', '2023-01-08 22:09:21'),
(99, 'Jessyca', '0932360785', '$2y$10$wq5UsRDryMZ.zW3DAoTsieq1vUcsM52w4gVtMZv5eG.yI0IzGMGIq', 'Belize', 'person4.jfif', 13022.45217, 29801, '8:00 AM', '5:00 PM', 4, 3142114, NULL, '2023-01-08 22:09:21', '2023-01-08 22:09:21'),
(100, 'Valentina', '0932618496', '$2y$10$tNS1dxp0KauHld4JIulD/.ssyTDsRb6pUXt8FgoJFFMlwgMsrQ7mO', 'Vanuatu', 'person6.jfif', 29248.29174, 23031, '11:00 AM', '10:00 PM', 5, 1274137, NULL, '2023-01-08 22:09:22', '2023-01-08 22:09:22'),
(101, 'Mario', '0932072957', '$2y$10$9qbKC9qr64U4jZSPSo9pm.JlI4qvuxQdygepZfWhkZeZB8nMkRbx6', 'Russian Federation', 'person28.jfif', 4069.757, 2977, '9:00 AM', '8:00 PM', 4, 3128053, NULL, '2023-01-08 22:09:22', '2023-01-08 22:09:22'),
(102, 'Chloe', '0935860952', '$2y$10$3ljWW6DjpMEPpaV1PdEhIuhrudK.74xdTB4bbPE9dE8InH7ISb3Ha', 'French Southern Territories', 'person25.jfif', 1568665.10081, 5564, '10:00 AM', '8:00 PM', 1, 2621824, NULL, '2023-01-08 22:09:22', '2023-01-08 22:09:22'),
(103, 'Dexter', '0936731925', '$2y$10$J3mEftjUlg8UgGHlofMXoeT01DV.2JvPkFyRrve0.CK6bFE.QQq1W', 'Nicaragua', 'person11.jfif', 736035.31333, 19424, '8:00 AM', '5:00 PM', 2, 8083873, NULL, '2023-01-08 22:09:23', '2023-01-08 22:09:23'),
(104, 'Arlo', '0939791288', '$2y$10$AkdmnWaDYdkWp1c9gm4lAuxeaPV8tui/0V2SvcyS/Jz82iyalcUxW', 'Western Sahara', 'person11.jfif', 6146.28208, 17898, '11:00 AM', '7:00 PM', 2, 9421593, NULL, '2023-01-08 22:09:23', '2023-01-08 22:09:23'),
(105, 'Kylie', '0935017967', '$2y$10$clLydZRgnAj0kpdzoniheO5rn0JaFbM1mOQZ08m8a.lY6/zg2/F8e', 'Trinidad and Tobago', 'person33.jfif', 83624.59062, 5722, '10:00 AM', '5:00 PM', 4, 9727111, NULL, '2023-01-08 22:09:23', '2023-01-08 22:09:23'),
(106, 'Vincent', '0936480326', '$2y$10$QRYsnLVupigVM5/MLgJzNuRvVXIJjyFiB8LgemzUbkdHCTkHSnoGC', 'Algeria', 'person29.jfif', 15363.7813, 9898, '12:00 AM', '3:00 PM', 2, 6068800, NULL, '2023-01-08 22:09:23', '2023-01-08 22:09:23'),
(107, 'Karianne', '0932112420', '$2y$10$Feq79SUMUdNDJsz28biBsulLSmZdTJyDBSuxYxiQjEXVxT4MFyCvC', 'Belarus', 'person32.jfif', 4.88501, 20876, '7:00 AM', '9:00 PM', 4, 7325361, NULL, '2023-01-08 22:09:23', '2023-01-08 22:09:23'),
(108, 'Bulah', '0937136655', '$2y$10$8UZIP89IxIgcHx95FiP9c.AI0mw6VG..gRfl8GdfkCyRVbIJSh2.W', 'Maldives', 'person1.jfif', 16519903.23769, 3745, '8:00 AM', '3:00 PM', 3, 5542565, NULL, '2023-01-08 22:09:24', '2023-01-08 22:09:24'),
(109, 'Ismael', '0934472340', '$2y$10$fTLOt8UHTWsnNd2BdEMVZejGor3ypC7mDbyizjK3fF6WUwU4kPxTe', 'British Indian Ocean Territory (Chagos Archipelago)', 'person11.jfif', 0.17348, 7085, '7:00 AM', '10:00 PM', 4, 5337498, NULL, '2023-01-08 22:09:24', '2023-01-08 22:09:24'),
(110, 'Ewell', '0933388317', '$2y$10$EUK.rpaAXFaspc3uBengk.kTcVq67H5G3Cgl1gL6rWwL032yXJ95G', 'United States of America', 'person15.jfif', 230484.88117, 28824, '12:00 AM', '3:00 PM', 1, 5650511, NULL, '2023-01-08 22:09:24', '2023-01-08 22:09:24'),
(111, 'Cleve', '0938672852', '$2y$10$sACz7ja9Pqd4LvttSGDR/eERIX/WYprA3Z4.ihkDgQBcbT2PlaJji', 'Saint Barthelemy', 'person17.jfif', 156.67675, 20970, '6:00 AM', '4:00 PM', 5, 5690387, NULL, '2023-01-08 22:09:25', '2023-01-08 22:09:25'),
(112, 'Cary', '0933065689', '$2y$10$Kgeyfh8GcbwYWiLMU6zX4u8iOtawcmdyGXubqJW1QFpdE9koTcpDS', 'Isle of Man', 'person31.jfif', 92.41981, 8008, '11:00 AM', '1:00 PM', 3, 7528070, NULL, '2023-01-08 22:09:25', '2023-01-08 22:09:25'),
(113, 'Vance', '0936728168', '$2y$10$zCrED9FNajAqJl1xtEMZwOZ.m8i2pBbZaeyE41HxBzkMcrtssjHfy', 'Philippines', 'person19.jfif', 17162369.32709, 29633, '9:00 AM', '1:00 PM', 5, 5273052, NULL, '2023-01-08 22:09:25', '2023-01-08 22:09:25'),
(114, 'Trace', '0933953838', '$2y$10$Cz3T51QJrVAvdYwyijjvc.vo.79mwkT/6PjRg2WIaAMnhdE8HrM3u', 'Latvia', 'person6.jfif', 576.93114, 7548, '11:00 AM', '8:00 PM', 3, 1367111, NULL, '2023-01-08 22:09:25', '2023-01-08 22:09:25'),
(115, 'Eleanora', '0934710747', '$2y$10$jIJW0YnZHPirnve1Wc/mD.tzVzY8Is4JOebvKmll6ZAGdCqBKntWi', 'Senegal', 'person12.jfif', 166481.21428, 40521, '7:00 AM', '8:00 PM', 1, 2004770, NULL, '2023-01-08 22:09:25', '2023-01-08 22:09:25'),
(116, 'Montana', '0933926197', '$2y$10$hgcyOMj.5BP7quiv3nLRxODoXqnkkU6eQT9KwYbaPBvNntNi/YpHS', 'French Southern Territories', 'person14.jfif', 80066.85409, 49132, '8:00 AM', '4:00 PM', 2, 3754174, NULL, '2023-01-08 22:09:26', '2023-01-08 22:09:26'),
(117, 'Kurt', '0935892815', '$2y$10$Em788Bfy3xups9ne2rizy.SairFDtR1g9.3gmMwNYY/og8XFoV792', 'Liberia', 'person27.jfif', 19409942.19518, 5306, '12:00 AM', '8:00 PM', 4, 1901960, NULL, '2023-01-08 22:09:26', '2023-01-08 22:09:26'),
(118, 'Raegan', '0932469545', '$2y$10$1ncmL6oTisUoqmeOIMs2YO3RdtBhfiFXNQf6qQNk4ZbJ3FrH75AF6', 'Venezuela', 'person4.jfif', 8984177.14168, 48838, '7:00 AM', '1:00 PM', 1, 2562048, NULL, '2023-01-08 22:09:26', '2023-01-08 22:09:26'),
(119, 'Anissa', '0934986128', '$2y$10$jasyyUkJDXnfcMFq8LOgOOSvbBUn0TCHZEb1TOL8TUVxbvmbOHe9q', 'British Indian Ocean Territory (Chagos Archipelago)', 'person17.jfif', 57.04496, 44004, '6:00 AM', '4:00 PM', 2, 2690295, NULL, '2023-01-08 22:09:26', '2023-01-08 22:09:26'),
(120, 'Cedrick', '0938132389', '$2y$10$TgQJy/9Qj3Dk0URts3Y4.eipwjeTAKVJwY9oqhjSx6TDfVBs1FB5a', 'French Southern Territories', 'person1.jfif', 0.6857, 4445, '11:00 AM', '10:00 PM', 4, 1742909, NULL, '2023-01-08 22:09:27', '2023-01-08 22:09:27'),
(121, 'Gudrun', '0930052837', '$2y$10$4it7leC63TLTytMIbRwFeuQlWfs1HKAHTpYZjnYQvv7kJpNf96Jne', 'Namibia', 'person13.jfif', 656.50503, 41995, '9:00 AM', '7:00 PM', 5, 6030856, NULL, '2023-01-08 22:09:27', '2023-01-08 22:09:27'),
(122, 'Frances', '0938186047', '$2y$10$hZlncefmZONRJBHmBS0QGuFvyRAbhuDlXm7iYOnY1aIz9VTi/ieci', 'Montserrat', 'person10.jfif', 197578.01827, 47125, '10:00 AM', '8:00 PM', 4, 525915, NULL, '2023-01-08 22:09:27', '2023-01-08 22:09:27'),
(123, 'Maggie', '0934916897', '$2y$10$xLRCavrUNUUmfWksmfnK6.JyCg8ly4nRcFxxjmLwT9KTj/wHKAjWK', 'Tunisia', 'person23.jfif', 1622.29712, 40420, '8:00 AM', '4:00 PM', 3, 5059976, NULL, '2023-01-08 22:09:27', '2023-01-08 22:09:27'),
(124, 'Zachariah', '0932231992', '$2y$10$E2g/4KW6j4aCQy3OU.O6Fua72DGaHY8exM9GVijSz7/iV7/rhqM6e', 'Kazakhstan', 'person38.jfif', 5.16158, 32606, '8:00 AM', '6:00 PM', 1, 1812117, NULL, '2023-01-08 22:09:28', '2023-01-08 22:09:28'),
(125, 'Eve', '0939619477', '$2y$10$9Ud4T/M764iiO9KQTObwEevNW1povBOZ2Y1F489oB4SBsigTXXXhG', 'Tajikistan', 'person6.jfif', 20055570.13396, 18770, '8:00 AM', '1:00 PM', 2, 3790786, NULL, '2023-01-08 22:09:28', '2023-01-08 22:09:28'),
(126, 'Ola', '0936087355', '$2y$10$u4Q2lT8YcIpMixtMF0wC0eXsqxGWcfMSAxGsqa8XhCdTtLOdRouzW', 'Falkland Islands (Malvinas)', 'person10.jfif', 1315.91008, 3535, '12:00 AM', '3:00 PM', 1, 1794011, NULL, '2023-01-08 22:09:28', '2023-01-08 22:09:28'),
(127, 'Santa', '0936900210', '$2y$10$rqtH7QzcS8vOz6f9sJ18i.z951hIQ8pt4GyROcEdc.9.JVRaz0gq6', 'Svalbard & Jan Mayen Islands', 'person3.jfif', 10091.62153, 37100, '6:00 AM', '2:00 PM', 5, 2921144, NULL, '2023-01-08 22:09:28', '2023-01-08 22:09:28'),
(128, 'Carroll', '0937850137', '$2y$10$dUUA46t3mOZF7kV5CAxbsOmPAg/u8PIjb4zq7MILsGfltDp4oeyRq', 'Syrian Arab Republic', 'person29.jfif', 2169.75306, 7383, '6:00 AM', '1:00 PM', 1, 7789267, NULL, '2023-01-08 22:09:28', '2023-01-08 22:09:28'),
(129, 'Keith', '0931370580', '$2y$10$xW5AQ4mPpuq3FcMfqpHTZ.KmdeUEQgsP19aJplCq8CeJAFeuDLGqm', 'Anguilla', 'person30.jfif', 2282.27008, 1629, '11:00 AM', '2:00 PM', 4, 5876827, NULL, '2023-01-08 22:09:29', '2023-01-08 22:09:29'),
(130, 'Danika', '0938248678', '$2y$10$kI7EKjWo1efUTcQiTo3wDeVaKxbic22SM75U5RUeLBhyT5EsvM/ke', 'Tokelau', 'person33.jfif', 160.44829, 2942, '6:00 AM', '8:00 PM', 4, 196841, NULL, '2023-01-08 22:09:29', '2023-01-08 22:09:29'),
(131, 'Misty', '0932715872', '$2y$10$AjP8v7eIsKGy17NMKQFiweFdkq3eM81AxnlkZoml9jh5kjcdoCC3.', 'Hong Kong', 'person28.jfif', 113.45772, 265, '9:00 AM', '7:00 PM', 1, 9514292, NULL, '2023-01-08 22:09:29', '2023-01-08 22:09:29'),
(132, 'Alba', '0935595736', '$2y$10$a2zvvLQSXBvdK2abVCP9PO5398F5VwJ9HW3X/cZBaAIhv29.qkHfu', 'Jordan', 'person35.jfif', 15.3238, 26158, '8:00 AM', '6:00 PM', 3, 934070, NULL, '2023-01-08 22:09:29', '2023-01-08 22:09:29'),
(133, 'Magdalena', '0936209609', '$2y$10$hcx2chFn3OjCA1pD2ivCg.mbLMepBmDgNtRi9AgggEQfOPXID44ty', 'Djibouti', 'person22.jfif', 0.2061, 19380, '8:00 AM', '7:00 PM', 5, 6304281, NULL, '2023-01-08 22:09:30', '2023-01-08 22:09:30'),
(134, 'Korbin', '0931554497', '$2y$10$78K5wSPUW2D.lIIdtT9ol.RrLrBR3l.XB3acK8T7TKjg5Asa08qJu', 'Bouvet Island (Bouvetoya)', 'person22.jfif', 130.64798, 25394, '9:00 AM', '2:00 PM', 4, 8126752, NULL, '2023-01-08 22:09:30', '2023-01-08 22:09:30'),
(135, 'Francisco', '0938896869', '$2y$10$Pk4QSgsRWKUNd6mAOCbwpOm2s13UHpu2H.V6Z8/ZfYc4QnIWVeaRq', 'Pitcairn Islands', 'person40.jfif', 13.76688, 42831, '6:00 AM', '10:00 PM', 3, 2335340, NULL, '2023-01-08 22:09:30', '2023-01-08 22:09:30'),
(136, 'Alexandria', '0934537447', '$2y$10$AzPgdAMvcy.WW5pD5WlcTehBBRYr19fjFKBXg6hH9EnR7iCV8kGre', 'Denmark', 'person13.jfif', 9.69769, 32411, '9:00 AM', '6:00 PM', 4, 1836801, NULL, '2023-01-08 22:09:30', '2023-01-08 22:09:30'),
(137, 'Danny', '0932745366', '$2y$10$yenm8b7Bx8naxeFYCK3fd..i9gML92QKcjX.sB6QsHX0ax.lZ/Z3i', 'Ecuador', 'person18.jfif', 259541.04837, 30988, '9:00 AM', '2:00 PM', 2, 4964701, NULL, '2023-01-08 22:09:30', '2023-01-08 22:09:30'),
(138, 'Jannie', '0930408707', '$2y$10$ZCu8l48tLRHcgVCp.InhNeBpjsSzOQOIaBDISMCKxjn9sEzALXHDG', 'Sao Tome and Principe', 'person7.jfif', 102534040.5396, 32357, '8:00 AM', '4:00 PM', 3, 5659852, NULL, '2023-01-08 22:09:31', '2023-01-08 22:09:31'),
(139, 'Morton', '0939006098', '$2y$10$yHFEtUgUZY8qCnDU1nonrOrYqgWTz42FgUYBqjw5U4yJhvlWyJbBK', 'Australia', 'person3.jfif', 501.36447, 34815, '9:00 AM', '4:00 PM', 2, 3461868, NULL, '2023-01-08 22:09:31', '2023-01-08 22:09:31'),
(140, 'Zachery', '0930341490', '$2y$10$9lQJpEbo4ALm/H9zNZWBVuR4HbjuKYk1jQPncGsFgxELKsCGmjheW', 'Gibraltar', 'person29.jfif', 0, 48487, '10:00 AM', '1:00 PM', 3, 3715550, NULL, '2023-01-08 22:09:31', '2023-01-08 22:09:31'),
(141, 'Conrad', '0936835451', '$2y$10$tP3rLaLSRUucmSj9NpqQfuOejCtTe6R0C6dJTJhLnakyFJCpQG9sG', 'Jersey', 'person29.jfif', 53070930.27498, 24419, '10:00 AM', '1:00 PM', 2, 1664152, NULL, '2023-01-08 22:09:31', '2023-01-08 22:09:31'),
(142, 'Matteo', '0935694253', '$2y$10$fmXcpGIqP1A8LjOXC3qID.z.S.FwVfqpyI3z56l8BVqnF5/mpY5hy', 'Angola', 'person6.jfif', 4476.24295, 22370, '12:00 AM', '4:00 PM', 1, 6642870, NULL, '2023-01-08 22:09:31', '2023-01-08 22:09:31'),
(143, 'Edythe', '0937001181', '$2y$10$uvz67La0M1qKCU1cTN1xO.bc4bn2JOjYb7OXMmz5cBsvaGHbOT8gC', 'Zimbabwe', 'person9.jfif', 48.4698, 2185, '8:00 AM', '10:00 PM', 1, 1354502, NULL, '2023-01-08 22:09:31', '2023-01-08 22:09:31'),
(144, 'Eleonore', '0935482455', '$2y$10$3tqdrc08tx.ywnH.pNP3zeD4JKnEajekPx.DyhA/SogsXl/WOvWJm', 'Mali', 'person22.jfif', 156154.67826, 30125, '11:00 AM', '9:00 PM', 3, 4830367, NULL, '2023-01-08 22:09:32', '2023-01-08 22:09:32'),
(145, 'Roxane', '0931614257', '$2y$10$DwWF3tIJSNeWNwEmjZJZJe/MFErLTeq0rLK1wODe5IypkxyDw5oIO', 'Namibia', 'person34.jfif', 6593643.26621, 23012, '7:00 AM', '9:00 PM', 2, 932719, NULL, '2023-01-08 22:09:32', '2023-01-08 22:09:32'),
(146, 'Dorian', '0933955928', '$2y$10$WvotyTNh2viNemgkpR3smuuLtctIWko9j3u5lAVBjbLu52r4fOETS', 'Bouvet Island (Bouvetoya)', 'person19.jfif', 15.39229, 8678, '11:00 AM', '7:00 PM', 4, 4228955, NULL, '2023-01-08 22:09:32', '2023-01-08 22:09:32'),
(147, 'Elenora', '0939678153', '$2y$10$FHbKo2HR6iA5oJu8cIbC3.rPSXpK832EnpgoJ/8kXcUY8jQTZgYxy', 'Paraguay', 'person24.jfif', 6069.00957, 13357, '11:00 AM', '3:00 PM', 5, 8565850, NULL, '2023-01-08 22:09:32', '2023-01-08 22:09:32'),
(148, 'Iliana', '0930860585', '$2y$10$SvpVeWyDT7C0cw5XoHxNmuGSOv8kJwDKYI5vT4Bpm2nKCYpF7/gGG', 'Andorra', 'person24.jfif', 116310.77572, 48960, '12:00 AM', '3:00 PM', 5, 2011205, NULL, '2023-01-08 22:09:33', '2023-01-08 22:09:33'),
(149, 'Dean', '0935627121', '$2y$10$o35m7SG4ZgZomqyhUk.yOevyeQgQdtsq0t./SqKwrdPpyKqKanvGK', 'Martinique', 'person14.jfif', 2.95831, 47708, '11:00 AM', '4:00 PM', 2, 9957437, NULL, '2023-01-08 22:09:33', '2023-01-08 22:09:33'),
(150, 'Mitchel', '0936045092', '$2y$10$P995Jb51gV7d7tcfNJ2hCe5Cce6HgG4kv/8v8saEV9tb7wVciqdsC', 'Turkmenistan', 'person12.jfif', 912484.63589, 11814, '6:00 AM', '4:00 PM', 5, 3039871, NULL, '2023-01-08 22:09:33', '2023-01-08 22:09:33'),
(151, 'Juston', '0931095489', '$2y$10$FjnILzCRvhwkhfHGZXKgauZqhCMrTRuX7o03kxO0kqc4t7Kx5KZ3O', 'Netherlands', 'person28.jfif', 63.75519, 20719, '11:00 AM', '7:00 PM', 5, 2210229, NULL, '2023-01-08 22:09:33', '2023-01-08 22:09:33'),
(152, 'Mateo', '0932129780', '$2y$10$pksD84JmeLXGaqk0CLfu..04BZUUvN72AWkhciSZXfS5dkO9b7qD.', 'Maldives', 'person26.jfif', 135687385.97656, 44722, '8:00 AM', '2:00 PM', 2, 6980086, NULL, '2023-01-08 22:09:33', '2023-01-08 22:09:33'),
(153, 'Mateo', '0933089800', '$2y$10$zQcBHA3DD2j0bCxjlMsJQu.MsVdioFXaNc25Hk8mfdmfet8skCJV6', 'Iraq', 'person14.jfif', 63641.01202, 10494, '9:00 AM', '9:00 PM', 1, 8392500, NULL, '2023-01-08 22:09:34', '2023-01-08 22:09:34'),
(154, 'Jedediah', '0939225537', '$2y$10$xerkX2tzEZ1wXBIdxq9Lh.eN0tWK98DjSVnuMyTAIcsch9t3GOzyy', 'Macao', 'person37.jfif', 79489.91159, 13916, '9:00 AM', '1:00 PM', 4, 1041595, NULL, '2023-01-08 22:09:34', '2023-01-08 22:09:34'),
(155, 'Gail', '0934137086', '$2y$10$LXyBODumTuIg75/dZKn67uWRwzdivSxuKEs1cbk/Vd.ZYFubjeliC', 'India', 'person33.jfif', 0.72528, 37249, '9:00 AM', '3:00 PM', 1, 3613356, NULL, '2023-01-08 22:09:34', '2023-01-08 22:09:34'),
(156, 'Guido', '0937067385', '$2y$10$J61OJ4GTTeB1vbj3zvngOedTUXGM1FEbRii7UDJHFWob65wP1ODCK', 'Puerto Rico', 'person8.jfif', 35.65476, 8749, '7:00 AM', '7:00 PM', 5, 8139558, NULL, '2023-01-08 22:09:34', '2023-01-08 22:09:34'),
(157, 'Bonita', '0932311216', '$2y$10$sy40f.juZVHm7v6LwLcQJedsZuPMcNquDmzc.T2fg5TJ8fBBjGu.a', 'Ukraine', 'person29.jfif', 59.55943, 4171, '10:00 AM', '6:00 PM', 1, 4143606, NULL, '2023-01-08 22:09:34', '2023-01-08 22:09:34'),
(158, 'Rigoberto', '0932591968', '$2y$10$yTJXimSlEYr9ScvB/igZiO/ZrchVJlFF7AUrY6HIBAuUwdHRnzQv.', 'Saint Kitts and Nevis', 'person36.jfif', 8177.52391, 45190, '12:00 AM', '8:00 PM', 1, 1897987, NULL, '2023-01-08 22:09:35', '2023-01-08 22:09:35'),
(159, 'Lennie', '0932418689', '$2y$10$GDW092SsYoGIu7/3STZK6eqpbunQlKiMpGYCGNFLAL861fnTwOBj.', 'Ghana', 'person24.jfif', 48799478.52148, 40475, '9:00 AM', '5:00 PM', 4, 8699121, NULL, '2023-01-08 22:09:35', '2023-01-08 22:09:35'),
(160, 'Montana', '0932904628', '$2y$10$8P1zymiN0ROtJiX4xj0c/.EOqeFrwsPYORjhF33LkagKuDXMqKx2O', 'Mayotte', 'person14.jfif', 991.58152, 10239, '7:00 AM', '1:00 PM', 1, 5378577, NULL, '2023-01-08 22:09:35', '2023-01-08 22:09:35'),
(161, 'Rodolfo', '0939094324', '$2y$10$Cnf0UrArPkdcxj9jLTm3/eCyTNZmkQuObYXAz8sd7SaasBm42xbvO', 'Saint Kitts and Nevis', 'person9.jfif', 1594191.62638, 24093, '6:00 AM', '7:00 PM', 2, 4463850, NULL, '2023-01-08 22:09:35', '2023-01-08 22:09:35'),
(162, 'Jerrod', '0935902329', '$2y$10$mv2eqOdKk3zFH6Q04NpfX.pXmNO0IZdneS2FI/qB86K0k9YKHhusu', 'Sweden', 'person22.jfif', 62016.30983, 43533, '12:00 AM', '1:00 PM', 3, 581082, NULL, '2023-01-08 22:09:36', '2023-01-08 22:09:36'),
(163, 'Daija', '0935735439', '$2y$10$bqBWCyC1m6doOv8NC0SHaOohWUd/8.eAWd2vvlRxWu7Pt32QPR9ly', 'Mexico', 'person24.jfif', 4260.15962, 13661, '7:00 AM', '1:00 PM', 1, 6853291, NULL, '2023-01-08 22:09:36', '2023-01-08 22:09:36'),
(164, 'Matilda', '0930607287', '$2y$10$l3e30OLq9bdfFnljab0UxeenEovsbnz4zhvCZCRhaDhub3OGiSQUK', 'Azerbaijan', 'person8.jfif', 1530696.13035, 49395, '11:00 AM', '4:00 PM', 1, 7444715, NULL, '2023-01-08 22:09:36', '2023-01-08 22:09:36'),
(165, 'Brionna', '0930169812', '$2y$10$.kh.iEluLCmdmccPz03HsOW1mDqSf76j//cAmZuI2oVkCo2pbk5bq', 'Portugal', 'person15.jfif', 329421921.66802, 32712, '6:00 AM', '7:00 PM', 5, 8454734, NULL, '2023-01-08 22:09:36', '2023-01-08 22:09:36'),
(166, 'Imogene', '0932581089', '$2y$10$fmDrDUiaCTQR7lcRqXIu7OcuiD9yw0CLSd/rB5g282RsrbvhBv1O.', 'Ethiopia', 'person5.jfif', 85.23577, 43566, '10:00 AM', '2:00 PM', 2, 8321015, NULL, '2023-01-08 22:09:36', '2023-01-08 22:09:36'),
(167, 'Keith', '0938172016', '$2y$10$TnX9fIN8ytvb4VJRjnX0QuR3gwu6cownBzKHIQaLlYybKopGLdA5i', 'Greenland', 'person34.jfif', 285.04905, 31212, '12:00 AM', '8:00 PM', 5, 3625009, NULL, '2023-01-08 22:09:37', '2023-01-08 22:09:37'),
(168, 'Marlin', '0936396814', '$2y$10$2FOFoN4nNi/krqhi2Yz4Deiv7VLcwYxmtWV.vcd/Coi/ZM2PRGQsu', 'Guinea-Bissau', 'person25.jfif', 0.18019, 4081, '8:00 AM', '2:00 PM', 5, 3952141, NULL, '2023-01-08 22:09:37', '2023-01-08 22:09:37'),
(169, 'Terrill', '0932258226', '$2y$10$/Mt0l7B3ixFwzqgVGt8iXOBs/VsqwL4Oh1tW06ooo6gV5qHBIEbA.', 'Comoros', 'person40.jfif', 7321.14741, 16561, '12:00 AM', '8:00 PM', 2, 7347816, NULL, '2023-01-08 22:09:37', '2023-01-08 22:09:37'),
(170, 'Brennan', '0933759982', '$2y$10$SAQHhPuD2oX4Yfk3RmtvvuRI22dpKaJ1jelpJ8dOOAvgXBouVEHoG', 'Senegal', 'person18.jfif', 465.36362, 41197, '8:00 AM', '7:00 PM', 4, 9026343, NULL, '2023-01-08 22:09:37', '2023-01-08 22:09:37'),
(171, 'Miguel', '0934245875', '$2y$10$pSI0.UwfPE95ZXh4nltvwuv/F2kYBZs0XvCbPkouCbwnF.ose26jW', 'Gambia', 'person26.jfif', 9755222.94251, 33031, '10:00 AM', '6:00 PM', 2, 6479088, NULL, '2023-01-08 22:09:38', '2023-01-08 22:09:38'),
(172, 'Trevion', '0932179406', '$2y$10$ol4SGhlWWdiLrzLYs4W1OOIIGbFDIhCbxU2478zC1EqBq0hUzTUee', 'Greenland', 'person35.jfif', 4294.47749, 44138, '7:00 AM', '5:00 PM', 5, 1190201, NULL, '2023-01-08 22:09:38', '2023-01-08 22:09:38'),
(173, 'Max', '0936898338', '$2y$10$CZr5DevmQK6z.BUjMA3sDu0O1L2weAqJuvmOBAlWg//5fFjWYRDWe', 'Turkmenistan', 'person30.jfif', 305743697.07743, 27164, '8:00 AM', '4:00 PM', 1, 7635382, NULL, '2023-01-08 22:09:38', '2023-01-08 22:09:38'),
(174, 'Gaylord', '0931148652', '$2y$10$FbnQ4Ni394fF3nlzY/sNfOf32J3sm.hAVz2w9A7iXaN/DFqPHhu2K', 'Micronesia', 'person12.jfif', 8.57491, 41807, '10:00 AM', '3:00 PM', 5, 1628192, NULL, '2023-01-08 22:09:38', '2023-01-08 22:09:38'),
(175, 'Jaleel', '0932793023', '$2y$10$gXkHN9p1HG0jn0BXiC11SucxKevEIkJN5hFQWTli3jail92ce1KPq', 'United States Minor Outlying Islands', 'person39.jfif', 3420.31415, 2041, '6:00 AM', '9:00 PM', 3, 5003804, NULL, '2023-01-08 22:09:38', '2023-01-08 22:09:38'),
(176, 'Raleigh', '0936586402', '$2y$10$1z8l9jLsegeEDPgzIWtW7.dDoe18QWJ6kyVmi9My2Hi6OHxyhvz4.', 'Croatia', 'person33.jfif', 1046.85929, 39056, '12:00 AM', '3:00 PM', 1, 8478013, NULL, '2023-01-08 22:09:39', '2023-01-08 22:09:39'),
(177, 'Heber', '0931574824', '$2y$10$LFANwL.q7l/6cMptw.7l4OdkrGnePT3TZ22AZfoxruR5EhCKPiI2e', 'Azerbaijan', 'person34.jfif', 24349550.76276, 25329, '9:00 AM', '2:00 PM', 2, 4144703, NULL, '2023-01-08 22:09:39', '2023-01-08 22:09:39'),
(178, 'Keven', '0932591893', '$2y$10$HKs1noW3d.fdhQafd5AUvuqlHrMwf9LNhi9nefBQppQ6nVHJWTfDO', 'Afghanistan', 'person14.jfif', 16386841.36854, 39795, '12:00 AM', '3:00 PM', 4, 265911, NULL, '2023-01-08 22:09:39', '2023-01-08 22:09:39'),
(179, 'Providenci', '0938821125', '$2y$10$YI604trdDReRRjtwW3FzoeFaI.eaBu4S7bLAt34J8VZoV9rX/n33S', 'Gibraltar', 'person10.jfif', 781241.67183, 31215, '12:00 AM', '1:00 PM', 2, 947866, NULL, '2023-01-08 22:09:39', '2023-01-08 22:09:39'),
(180, 'Jesse', '0935096455', '$2y$10$v0RHuO2vWq90Ep8V.B.K9eO0Mw0FHLyMFlRLCxwMKn74i.RVUoRUC', 'Guatemala', 'person27.jfif', 56683.35382, 36304, '12:00 AM', '6:00 PM', 5, 4248418, NULL, '2023-01-08 22:09:39', '2023-01-08 22:09:39'),
(181, 'Nels', '0938332905', '$2y$10$2sSaAq9FNzkAuSiYI6RgAeB8meEytcgg9C2omXheD9tBEtg/xWEhy', 'Maldives', 'person13.jfif', 416488.17197, 20331, '11:00 AM', '7:00 PM', 4, 8342481, NULL, '2023-01-08 22:09:40', '2023-01-08 22:09:40'),
(182, 'Jaeden', '0930591714', '$2y$10$N9sgl3lW0afMQpMrlFb6cuLmgmfh1joni.f9gnBQgTwNIOwEpQ.Sq', 'Macao', 'person8.jfif', 460.16757, 24042, '11:00 AM', '1:00 PM', 5, 9366092, NULL, '2023-01-08 22:09:40', '2023-01-08 22:09:40'),
(183, 'Ebony', '0933958124', '$2y$10$ee61k3BwIOYGTq5dArs2EOhuVhCVH53VG0GDuimLsGb/lYvQr9zuC', 'Germany', 'person3.jfif', 3529.6992, 33618, '6:00 AM', '7:00 PM', 3, 7990261, NULL, '2023-01-08 22:09:40', '2023-01-08 22:09:40'),
(184, 'Queenie', '0932089046', '$2y$10$lx43fALuPiV1KQaOKpxiA.Ksqtz4YjrYINNcu.YVeyzpRZiL3z1He', 'Maldives', 'person27.jfif', 94.82908, 10189, '9:00 AM', '7:00 PM', 2, 915230, NULL, '2023-01-08 22:09:40', '2023-01-08 22:09:40'),
(185, 'Timothy', '0931110890', '$2y$10$TNtv03IlNecRZqiSKVTQnuBjTi5wR7RLZb.3I8mycJeftv1u8c88i', 'Russian Federation', 'person33.jfif', 11.01991, 43750, '12:00 AM', '9:00 PM', 2, 4208689, NULL, '2023-01-08 22:09:41', '2023-01-08 22:09:41'),
(186, 'Hilton', '0935650289', '$2y$10$V/xmGJAyrlflimcE8UTN3ecsnR9OrvYObABXFSXVDu6x.vevk40Li', 'Croatia', 'person6.jfif', 2.61324, 43912, '6:00 AM', '3:00 PM', 3, 2550874, NULL, '2023-01-08 22:09:41', '2023-01-08 22:09:41'),
(187, 'Joshuah', '0933769130', '$2y$10$dSdgI0E/jEmLg4yG0Ofl0.WCUr8C/ePDap8TepUr7MzT.AWMl.Qda', 'Sudan', 'person28.jfif', 310420.26418, 34357, '10:00 AM', '10:00 PM', 3, 5085039, NULL, '2023-01-08 22:09:41', '2023-01-08 22:09:41'),
(188, 'Ralph', '0937182919', '$2y$10$T3WnSdc5HOYaW4jTyTD/G.MAkpsnSrbIgPYK9b/WhCPOzRa/EcelC', 'Solomon Islands', 'person6.jfif', 0.11362, 42429, '6:00 AM', '8:00 PM', 3, 1093779, NULL, '2023-01-08 22:09:41', '2023-01-08 22:09:41'),
(189, 'Clay', '0932921662', '$2y$10$jkcUULdDjmnqeboVp6mya.malbksITY1Q2/E3iKReicxhQGjX/FQ2', 'Cocos (Keeling) Islands', 'person30.jfif', 47471.93595, 21101, '7:00 AM', '5:00 PM', 4, 2959675, NULL, '2023-01-08 22:09:42', '2023-01-08 22:09:42'),
(190, 'Merritt', '0935481864', '$2y$10$/vFh2ex/gK.G.I.8uGj2GOw4gFR6NPz/b02bRhqNItwF7dJwEpRru', 'Fiji', 'person11.jfif', 9251013.94625, 10135, '6:00 AM', '5:00 PM', 1, 2279033, NULL, '2023-01-08 22:09:42', '2023-01-08 22:09:42'),
(191, 'Tyler', '0930424794', '$2y$10$FdXgDBlpfQPwpk7EaUqiTeXIpj/HfeUtCQT8teOrP4klcbCBtdBXy', 'Peru', 'person21.jfif', 1.62978, 581, '6:00 AM', '5:00 PM', 1, 2212546, NULL, '2023-01-08 22:09:42', '2023-01-08 22:09:42'),
(192, 'Marlene', '0936021436', '$2y$10$GOpXciFG6aL0JKfmRj/tWO0wovLPXcUkkjSFW2fkTVRl7rLA1o1jm', 'Sri Lanka', 'person21.jfif', 6732.4661, 23811, '10:00 AM', '3:00 PM', 3, 9765502, NULL, '2023-01-08 22:09:42', '2023-01-08 22:09:42'),
(193, 'Era', '0933536646', '$2y$10$XyHiqvYZ4h4ZpRyk6U2Vr.dgOoK5MzuwetL54uXN9voMpQJmXhydy', 'Tokelau', 'person22.jfif', 109740580.68963, 31656, '10:00 AM', '3:00 PM', 4, 1587432, NULL, '2023-01-08 22:09:42', '2023-01-08 22:09:42'),
(194, 'Easton', '0931651323', '$2y$10$SJOLIHaDroqZPdahnKEzvOwrhQx/IXFw.A9z31EjsPUYwNPU.GrJ.', 'Myanmar', 'person17.jfif', 4874.57501, 30947, '11:00 AM', '2:00 PM', 4, 3335719, NULL, '2023-01-08 22:09:43', '2023-01-08 22:09:43'),
(195, 'Savanna', '0932950044', '$2y$10$5rh5xAnOzc7GRFYmBPeYAe.jDAjcjbuBrn9Jt2MK1Ehh6d8ntwcny', 'Philippines', 'person2.jfif', 601652622.75804, 40242, '12:00 AM', '10:00 PM', 4, 2972030, NULL, '2023-01-08 22:09:43', '2023-01-08 22:09:43'),
(196, 'Weston', '0930136178', '$2y$10$hk7OrJiui/j8sYoUwOklE.iN9sYZKdWCyPghp5N3lx6Arc97qLxre', 'Syrian Arab Republic', 'person28.jfif', 2819.75956, 27050, '7:00 AM', '8:00 PM', 1, 2310531, NULL, '2023-01-08 22:09:43', '2023-01-08 22:09:43'),
(197, 'Dariana', '0932733078', '$2y$10$Tad6FJiOrOysDHP2rjxJYubVEoQ/SR.4yf9pffAy6fIzxLqDWiAO2', 'Burkina Faso', 'person27.jfif', 96.23837, 31919, '11:00 AM', '5:00 PM', 1, 4118639, NULL, '2023-01-08 22:09:44', '2023-01-08 22:09:44'),
(198, 'Freda', '0930027515', '$2y$10$U4ellz1yv1bCiYuJR2jF2OCD.w.vCnIz3Szpfs3kUrHZNRtXTFeUS', 'Madagascar', 'person9.jfif', 141.84975, 47860, '8:00 AM', '1:00 PM', 4, 6745650, NULL, '2023-01-08 22:09:44', '2023-01-08 22:09:44'),
(199, 'Margaret', '0936554075', '$2y$10$FfUo7e9f4K94RkvnCfqqwunXsprYQ64w5kXxPvL2kZ7dB0Mif/XxW', 'Oman', 'person23.jfif', 71.84971, 14795, '11:00 AM', '8:00 PM', 2, 3331327, NULL, '2023-01-08 22:09:44', '2023-01-08 22:09:44'),
(200, 'Jerod', '0937930368', '$2y$10$UIHMZszO6dR76OyCVZ3gkO9hY80AkBg5vNWh/tkmQNDhZ9rf1h2IC', 'Chad', 'person1.jfif', 278835714.69484, 21152, '8:00 AM', '8:00 PM', 3, 6361790, NULL, '2023-01-08 22:09:44', '2023-01-08 22:09:44'),
(201, 'Edison', '0935463946', '$2y$10$EE0fsa5e/AnADRXw8nKQW.NAXN8xkhx1Cj2AIq1GnsaZqA5mkctqe', 'Eritrea', 'person35.jfif', 5539.65275, 24663, '10:00 AM', '5:00 PM', 4, 836280, NULL, '2023-01-08 22:09:44', '2023-01-08 22:09:44'),
(202, 'Marvin', '0939860720', '$2y$10$O.dQ3aSWe3FZeRIfx...NOtiOM4zXpjXx9ugUbyAFVnejgkD519C2', 'Australia', 'person31.jfif', 60811.78812, 1833, '12:00 AM', '9:00 PM', 4, 3871719, NULL, '2023-01-08 22:09:45', '2023-01-08 22:09:45'),
(203, 'Concepcion', '0930691873', '$2y$10$SSvUOz.a2B4XMJxJAWKIEu.HliAlOKF/erR2pkmDCw6TzIh1OwZgm', 'Guinea-Bissau', 'person4.jfif', 1275725.65929, 29557, '8:00 AM', '7:00 PM', 4, 1766811, NULL, '2023-01-08 22:09:45', '2023-01-08 22:09:45'),
(204, 'Jada', '0939091369', '$2y$10$1DRfAHHz6DYrnJ1nevMjI.EHGrUYWsokjRBBKpVcBnIXMLSKpHiGq', 'Norfolk Island', 'person38.jfif', 9.81424, 39408, '6:00 AM', '2:00 PM', 4, 2841134, NULL, '2023-01-08 22:09:45', '2023-01-08 22:09:45'),
(205, 'Terence', '0939664868', '$2y$10$uDR/3bbekV.hyMZISJCHC.htWbOBoc.in6J316QQM6blwkOJ3qWIq', 'Cape Verde', 'person17.jfif', 612681.64213, 15114, '7:00 AM', '7:00 PM', 1, 104035, NULL, '2023-01-08 22:09:45', '2023-01-08 22:09:45'),
(206, 'Emory', '0935234042', '$2y$10$yWRnZAjWay9uFyUbvZSk6.Rv8XeGzqBulO4UkTXQ9yQIPNl9/bL1i', 'Mauritius', 'person8.jfif', 9523689.65232, 33680, '9:00 AM', '2:00 PM', 5, 480608, NULL, '2023-01-08 22:09:46', '2023-01-08 22:09:46'),
(207, 'Josie', '0934680725', '$2y$10$HTTRRNPEfaHDPaH7yvpLye.AhH.TmVn8Dw02rCQX3UPd2ckcrzy.K', 'Barbados', 'person27.jfif', 22471363.17165, 8873, '10:00 AM', '9:00 PM', 4, 7345072, NULL, '2023-01-08 22:09:46', '2023-01-08 22:09:46'),
(208, 'Vada', '0932729284', '$2y$10$kK3a.JFl01ThpnzY7yCanOtD8kCUhS9jV9DzZ1jAHjF3.Rg4MfWuK', 'Grenada', 'person8.jfif', 67245.34095, 34803, '9:00 AM', '8:00 PM', 1, 9272199, NULL, '2023-01-08 22:09:46', '2023-01-08 22:09:46'),
(209, 'Gerard', '0934567468', '$2y$10$Z..jX1UKLJUpQTwmMerCW.hxkbP0AUDUQGiz2fnoZvKiJw4oT8GbW', 'Cambodia', 'person12.jfif', 0.38645, 23449, '9:00 AM', '6:00 PM', 4, 247303, NULL, '2023-01-08 22:09:46', '2023-01-08 22:09:46'),
(210, 'Otilia', '0938695768', '$2y$10$GGD06vyVOUL698JDpmlq1e1VkyYinHaeFANZjj.2rKvWOZ5iaTLZO', 'Algeria', 'person28.jfif', 37594871.35963, 8197, '11:00 AM', '1:00 PM', 3, 2354830, NULL, '2023-01-08 22:09:46', '2023-01-08 22:09:46'),
(211, 'Leora', '0930651681', '$2y$10$jytzmXKOghjKuSTwlj5UUuw.CYmId1wTZjvW7eEoIsmwypFmgTq6q', 'Oman', 'person3.jfif', 90.18422, 24159, '12:00 AM', '2:00 PM', 3, 2902281, NULL, '2023-01-08 22:09:47', '2023-01-08 22:09:47'),
(212, 'Emilie', '0935264103', '$2y$10$MpJlWx0KXeYWpZcnjZdex..kvqWORf/jGdvWm68aMjJZiC6J7KHCy', 'Mexico', 'person21.jfif', 2470.49133, 23440, '8:00 AM', '1:00 PM', 4, 8381977, NULL, '2023-01-08 22:09:47', '2023-01-08 22:09:47'),
(213, 'Dean', '0930249492', '$2y$10$4zMiM2WTuByTMVyqfQWQGOkaMO.tZSMPq.wa3yYF6Gzh2yRoSIUI2', 'India', 'person6.jfif', 12143144.67352, 36594, '7:00 AM', '6:00 PM', 3, 1099129, NULL, '2023-01-08 22:09:47', '2023-01-08 22:09:47'),
(214, 'Guadalupe', '0934391297', '$2y$10$IAGQYmtCHPCYzbVcz5NtfuVJU0CC7y05d04LOJNM0T5tJLrB1P5L.', 'Uruguay', 'person15.jfif', 12733771.12444, 33928, '10:00 AM', '4:00 PM', 5, 2248328, NULL, '2023-01-08 22:09:47', '2023-01-08 22:09:47'),
(215, 'Kris', '0938693482', '$2y$10$S7itMHvhCU9RgNmHmxm70eVDC69zxrcWv/0gAnYJSERxRoTl5M2Ai', 'Australia', 'person25.jfif', 7312862.19423, 25165, '7:00 AM', '6:00 PM', 1, 3462155, NULL, '2023-01-08 22:09:47', '2023-01-08 22:09:47'),
(216, 'Casimer', '0936592172', '$2y$10$iwQ90gYqipBfwYDZgy1U0e5oxuxpAYPOtRY9OWnps2fcYIaAkH6Je', 'British Indian Ocean Territory (Chagos Archipelago)', 'person37.jfif', 4937741.93026, 30871, '7:00 AM', '7:00 PM', 2, 6892658, NULL, '2023-01-08 22:09:48', '2023-01-08 22:09:48');
INSERT INTO `experts` (`id`, `name`, `phone_number`, `password`, `address`, `photo`, `rating`, `rating_number`, `start_work`, `end_work`, `category_id`, `money`, `remember_token`, `created_at`, `updated_at`) VALUES
(217, 'Shania', '0939724150', '$2y$10$034wEIl5wjbFPGf83ufB3O5/5kSoLCoLk4BlAVIlwScwDZ7FhZj.C', 'China', 'person37.jfif', 570.4724, 40552, '10:00 AM', '5:00 PM', 5, 5741202, NULL, '2023-01-08 22:09:48', '2023-01-08 22:09:48'),
(218, 'Junius', '0937466339', '$2y$10$gTvbzrEyFfFECpswru0lr.fIE.L9vYLRnprHyMTuE.37P4FZ7kDzS', 'Nauru', 'person18.jfif', 225.71809, 39499, '6:00 AM', '10:00 PM', 3, 486808, NULL, '2023-01-08 22:09:48', '2023-01-08 22:09:48'),
(219, 'Shane', '0935047836', '$2y$10$mteRCwJNGvgXNpFj3Uh.lOf.GAj25aVTXa69CX0OGK4065v0su9ta', 'Kazakhstan', 'person18.jfif', 957.99452, 10476, '9:00 AM', '6:00 PM', 4, 942046, NULL, '2023-01-08 22:09:49', '2023-01-08 22:09:49'),
(220, 'Florencio', '0939437398', '$2y$10$9GeCRAvT47cINx33MZEmJuZrW3MB5nK7aBGzYja.6m6cgytaESPy.', 'Netherlands', 'person4.jfif', 5238871.1931, 15625, '10:00 AM', '3:00 PM', 1, 6427807, NULL, '2023-01-08 22:09:49', '2023-01-08 22:09:49'),
(221, 'Oleta', '0933047552', '$2y$10$uPTwmxCqrtQMr1NfIiY4Y.4inQavidpLs83vIi44OMGbzdiNlClie', 'Kenya', 'person16.jfif', 203468.89788, 42538, '6:00 AM', '1:00 PM', 4, 4317605, NULL, '2023-01-08 22:09:49', '2023-01-08 22:09:49'),
(222, 'Anastacio', '0930425651', '$2y$10$uR/0UWoJ.GH5nYfY70okEeibuOiBpPxE4Y.IAZK4Guzzt0O5Mekoe', 'Burundi', 'person3.jfif', 74681856.11693, 26119, '6:00 AM', '6:00 PM', 4, 9413869, NULL, '2023-01-08 22:09:49', '2023-01-08 22:09:49'),
(223, 'Friedrich', '0931519097', '$2y$10$kHxBroz8FCbPM2TNoVEGi.9GH2QFvQqcZL5s5s1nT8CShKZxhHgA.', 'Georgia', 'person26.jfif', 933.51155, 10835, '9:00 AM', '3:00 PM', 1, 4116204, NULL, '2023-01-08 22:09:49', '2023-01-08 22:09:49'),
(224, 'Vladimir', '0932982341', '$2y$10$yMPi9KZcvj90pEDcfiDHNOxcSgxbWXwH/KnXBRD.XpuST6KX4aTpO', 'Canada', 'person27.jfif', 1805255.33332, 24777, '8:00 AM', '4:00 PM', 5, 1936531, NULL, '2023-01-08 22:09:50', '2023-01-08 22:09:50'),
(225, 'Wyman', '0939535145', '$2y$10$kDZXOr1URQikf/89Pg6.j.wZVxvFDR4e9GY6jnVxdjp614wVGwDye', 'Saint Kitts and Nevis', 'person2.jfif', 675373.13713, 12901, '12:00 AM', '6:00 PM', 4, 3017382, NULL, '2023-01-08 22:09:50', '2023-01-08 22:09:50'),
(226, 'Hannah', '0930174327', '$2y$10$3PvnSOLjOIgBMHd6zOXhAOAy1.11QNwlgvw5Qi5lvZ3p70Y/I68K2', 'Isle of Man', 'person4.jfif', 19227991.26539, 36794, '7:00 AM', '10:00 PM', 3, 5828095, NULL, '2023-01-08 22:09:50', '2023-01-08 22:09:50'),
(227, 'Merle', '0938376686', '$2y$10$UqrfFfP8/WfZ8joB/d9Tcu9dDEULgnk6nL2EykpL41AKP1.IP2Joa', 'Turkmenistan', 'person28.jfif', 236.11039, 32541, '7:00 AM', '3:00 PM', 4, 433385, NULL, '2023-01-08 22:09:50', '2023-01-08 22:09:50'),
(228, 'Joan', '0935743155', '$2y$10$lMDPVH0HRy3rBQ9gUbMW3.Ki9uTlTD47D4W9t.OpIDU3LzpVj4GEW', 'Falkland Islands (Malvinas)', 'person29.jfif', 494.28794, 37873, '10:00 AM', '7:00 PM', 5, 7001854, NULL, '2023-01-08 22:09:50', '2023-01-08 22:09:50'),
(229, 'Meagan', '0931672111', '$2y$10$pOZHyZOdjTGIzvnQFlRfZO8g7NCohtUnBIrwr2s3OtHRsdwlsWYQ6', 'Latvia', 'person15.jfif', 132264.56168, 9550, '10:00 AM', '2:00 PM', 5, 830061, NULL, '2023-01-08 22:09:51', '2023-01-08 22:09:51'),
(230, 'Elmira', '0935123009', '$2y$10$QF6kW8ECB45FMMow0SNhMeFQ.Y0we9WpfYGTH6OSSj5IilXLxBeoe', 'Croatia', 'person5.jfif', 26466169.15711, 6279, '8:00 AM', '2:00 PM', 3, 1040006, NULL, '2023-01-08 22:09:51', '2023-01-08 22:09:51'),
(231, 'Jeff', '0930091112', '$2y$10$/mP9o.IMYYSqYIM3xlyiQ.R0wUK1Cg8A77lQTb9nVmUUm7vyVyfAq', 'Heard Island and McDonald Islands', 'person27.jfif', 22.64081, 27468, '10:00 AM', '6:00 PM', 1, 9683761, NULL, '2023-01-08 22:09:51', '2023-01-08 22:09:51'),
(232, 'Oma', '0939037980', '$2y$10$cfEN/OdxMchxcAkx7SQXmeRQUaZJqxc7zYkk/8lAWnsDhEoG0yt.K', 'Philippines', 'person11.jfif', 107.59106, 34390, '7:00 AM', '7:00 PM', 3, 7306649, NULL, '2023-01-08 22:09:51', '2023-01-08 22:09:51'),
(233, 'Urban', '0936813440', '$2y$10$dEOH9bEnEc8PzrZHacLQA.vHlcklzBXoTgEqy8atku/nbi/3P6J2C', 'Kuwait', 'person4.jfif', 10.28864, 16835, '12:00 AM', '4:00 PM', 2, 908718, NULL, '2023-01-08 22:09:52', '2023-01-08 22:09:52'),
(234, 'Leola', '0934887426', '$2y$10$BooyQrK2lPbm5NnUIERA7uwX.P78MRqab1pqPcUc6v5Mp0R9.89OG', 'United States Virgin Islands', 'person34.jfif', 96579490.72336, 9268, '10:00 AM', '4:00 PM', 2, 5292713, NULL, '2023-01-08 22:09:52', '2023-01-08 22:09:52'),
(235, 'Keaton', '0930693631', '$2y$10$3VxdDShGR4fHFcXjxm1/NOI.LMb2nFOO48Yqp9cgzDlIyJ5CpycaW', 'Gambia', 'person15.jfif', 56539267.45885, 23364, '7:00 AM', '9:00 PM', 4, 7604319, NULL, '2023-01-08 22:09:52', '2023-01-08 22:09:52'),
(236, 'Albertha', '0938679486', '$2y$10$CAw7pghkpTaXdrOGYAsoIOQuqPG6UNL3iK1O5d54lkzg1PRwYhQii', 'Thailand', 'person23.jfif', 10604.17008, 516, '12:00 AM', '9:00 PM', 1, 5568035, NULL, '2023-01-08 22:09:52', '2023-01-08 22:09:52'),
(237, 'Gussie', '0939167227', '$2y$10$duHnPA9rfrLUu9ZXCKduou41cU4f2l9WD60MlquI7C0/H3V.ZaU7G', 'Egypt', 'person23.jfif', 3415.29916, 42420, '9:00 AM', '10:00 PM', 4, 5363380, NULL, '2023-01-08 22:09:53', '2023-01-08 22:09:53'),
(238, 'Ambrose', '0935411062', '$2y$10$oU9iGuT9dpsW1U744E0uFOxHiPbk0KdiDhoJVA9ZX0Uu1yiYz1Jm.', 'Taiwan', 'person11.jfif', 48.70962, 1574, '9:00 AM', '5:00 PM', 3, 3427003, NULL, '2023-01-08 22:09:53', '2023-01-08 22:09:53'),
(239, 'Reanna', '0939471185', '$2y$10$OP9rxcCsNh6nGE0B/LRQouNKC.A5/O4hbPB6GxSlkgTmchLZUVrUi', 'Brazil', 'person36.jfif', 1.15942, 37740, '7:00 AM', '4:00 PM', 5, 1550814, NULL, '2023-01-08 22:09:53', '2023-01-08 22:09:53'),
(240, 'Cordelia', '0933243405', '$2y$10$ehNGhxRXH7Te/LzpVQSBduYxsr.49rURTmGzzPlUHRtoCClyhJXoS', 'South Georgia and the South Sandwich Islands', 'person23.jfif', 21860.25252, 9125, '6:00 AM', '10:00 PM', 5, 3399896, NULL, '2023-01-08 22:09:53', '2023-01-08 22:09:53'),
(241, 'Jackson', '0930737622', '$2y$10$Pb2990duNcEn5FtzauAmJemPD16lIaE03dWPKMPQRl6C6YdKPhksa', 'Jamaica', 'person40.jfif', 8997.23211, 21692, '10:00 AM', '4:00 PM', 1, 1820714, NULL, '2023-01-08 22:09:54', '2023-01-08 22:09:54'),
(242, 'Lamar', '0939106167', '$2y$10$1CvDE/3Y5DSJ.NrqgzqudeLdPMfpWMa7zLIq3rpAlrbC95wn56ODO', 'Iran', 'person25.jfif', 0, 11906, '12:00 AM', '9:00 PM', 3, 6914365, NULL, '2023-01-08 22:09:54', '2023-01-08 22:09:54'),
(243, 'Josianne', '0930582567', '$2y$10$.Z1PDG5jJJwn9vdO1J//Oux4NoDosfkByG0Idlym.UXDZC9Mx96by', 'Congo', 'person34.jfif', 2792.37381, 3743, '7:00 AM', '7:00 PM', 2, 2988971, NULL, '2023-01-08 22:09:54', '2023-01-08 22:09:54'),
(244, 'Donato', '0937493473', '$2y$10$rJc8AduFCRnggjc1Bz..DOCAvCrI83axw9ng7ALcSD10pJiAxnucG', 'Pakistan', 'person37.jfif', 6.2224, 17364, '9:00 AM', '1:00 PM', 5, 6040317, NULL, '2023-01-08 22:09:54', '2023-01-08 22:09:54'),
(245, 'Tad', '0939392106', '$2y$10$rFVtSouCAptRR45LAxTbGeQeGtrwOaCGm5qPDlTwf3tS4ajF.U0Rm', 'Saint Pierre and Miquelon', 'person13.jfif', 0.94356, 9197, '11:00 AM', '8:00 PM', 3, 2897313, NULL, '2023-01-08 22:09:54', '2023-01-08 22:09:54'),
(246, 'Kaley', '0935528326', '$2y$10$YR8BDsorVk/fn9zZX9jWseENrqPVrqbE.SBO7k5T28VPf1k3ug8OC', 'Falkland Islands (Malvinas)', 'person33.jfif', 1634241.08602, 2085, '6:00 AM', '4:00 PM', 2, 5636398, NULL, '2023-01-08 22:09:55', '2023-01-08 22:09:55'),
(247, 'Gennaro', '0931267377', '$2y$10$9ND3WeA1aWY18O83sNvYcuPTk0uiJyxjlBdD.N578hx8l4DskchAG', 'Tunisia', 'person14.jfif', 706389.32155, 11340, '9:00 AM', '4:00 PM', 4, 4667015, NULL, '2023-01-08 22:09:55', '2023-01-08 22:09:55'),
(248, 'Marcos', '0936822255', '$2y$10$V.ugUVhzvKJNVbK7MFT7X.9zvpzgTwGD6.yejmOistznQwJCczQp.', 'Switzerland', 'person13.jfif', 1.64573, 31197, '10:00 AM', '8:00 PM', 3, 8715974, NULL, '2023-01-08 22:09:55', '2023-01-08 22:09:55'),
(249, 'Dena', '0935788848', '$2y$10$d0Ai.jK0X3Ylg.oc8nUt7u9Y9hlaS5jNV9mM96yWI.ijEQt4yNQhC', 'Saint Kitts and Nevis', 'person10.jfif', 2383.43142, 41856, '11:00 AM', '1:00 PM', 4, 95549, NULL, '2023-01-08 22:09:55', '2023-01-08 22:09:55'),
(250, 'Rachael', '0936880015', '$2y$10$ge1bs3AALqm8qtpFMe8zZOOVMScnWKHFHRcH6flYukW.zTysJW6VW', 'Heard Island and McDonald Islands', 'person8.jfif', 74747.31636, 35034, '11:00 AM', '10:00 PM', 1, 3923040, NULL, '2023-01-08 22:09:56', '2023-01-08 22:09:56');

-- --------------------------------------------------------

--
-- Table structure for table `experts_days`
--

CREATE TABLE `experts_days` (
  `id` bigint(20) UNSIGNED NOT NULL,
  `expert_id` bigint(20) UNSIGNED NOT NULL,
  `day_id` bigint(20) UNSIGNED NOT NULL
) ENGINE=MyISAM DEFAULT CHARSET=utf8mb4 COLLATE=utf8mb4_unicode_ci;

--
-- Dumping data for table `experts_days`
--

INSERT INTO `experts_days` (`id`, `expert_id`, `day_id`) VALUES
(1, 1, 4),
(2, 1, 1),
(3, 1, 6),
(4, 1, 2),
(5, 2, 4),
(6, 2, 3),
(7, 3, 5),
(8, 3, 4),
(9, 3, 6),
(10, 4, 3),
(11, 4, 5),
(12, 4, 6),
(13, 5, 6),
(14, 5, 2),
(15, 5, 7),
(16, 6, 2),
(17, 6, 6),
(18, 6, 4),
(19, 6, 3),
(20, 7, 4),
(21, 7, 1),
(22, 8, 2),
(23, 8, 4),
(24, 8, 5),
(25, 9, 5),
(26, 9, 2),
(27, 9, 1),
(28, 9, 3),
(29, 9, 6),
(30, 10, 4),
(31, 10, 6),
(32, 10, 2),
(33, 10, 3),
(34, 11, 6),
(35, 11, 3),
(36, 12, 2),
(37, 12, 7),
(38, 12, 3),
(39, 12, 4),
(40, 12, 5),
(41, 13, 4),
(42, 13, 6),
(43, 13, 1),
(44, 14, 2),
(45, 14, 1),
(46, 15, 3),
(47, 15, 1),
(48, 15, 7),
(49, 15, 4),
(50, 16, 4),
(51, 16, 7),
(52, 16, 1),
(53, 17, 5),
(54, 17, 7),
(55, 17, 6),
(56, 17, 3),
(57, 17, 1),
(58, 18, 6),
(59, 18, 4),
(60, 18, 1),
(61, 18, 5),
(62, 19, 7),
(63, 19, 1),
(64, 19, 3),
(65, 19, 4),
(66, 19, 6),
(67, 20, 3),
(68, 20, 1),
(69, 20, 4),
(70, 20, 2),
(71, 20, 7),
(72, 21, 5),
(73, 21, 6),
(74, 21, 2),
(75, 21, 1),
(76, 21, 3),
(77, 22, 5),
(78, 22, 1),
(79, 22, 2),
(80, 22, 3),
(81, 22, 6),
(82, 23, 1),
(83, 23, 5),
(84, 23, 2),
(85, 24, 6),
(86, 24, 7),
(87, 24, 4),
(88, 24, 5),
(89, 25, 3),
(90, 25, 2),
(91, 25, 5),
(92, 25, 4),
(93, 25, 7),
(94, 26, 5),
(95, 26, 6),
(96, 26, 3),
(97, 26, 2),
(98, 26, 4),
(99, 27, 6),
(100, 27, 5),
(101, 27, 1),
(102, 28, 4),
(103, 28, 1),
(104, 28, 3),
(105, 28, 2),
(106, 29, 5),
(107, 29, 6),
(108, 29, 3),
(109, 30, 2),
(110, 30, 6),
(111, 30, 7),
(112, 30, 5),
(113, 31, 6),
(114, 31, 1),
(115, 31, 2),
(116, 31, 7),
(117, 32, 4),
(118, 32, 5),
(119, 32, 2),
(120, 33, 3),
(121, 33, 2),
(122, 33, 7),
(123, 33, 6),
(124, 34, 7),
(125, 34, 6),
(126, 34, 3),
(127, 35, 4),
(128, 35, 3),
(129, 35, 7),
(130, 35, 6),
(131, 36, 3),
(132, 36, 5),
(133, 36, 6),
(134, 36, 1),
(135, 37, 5),
(136, 37, 1),
(137, 38, 1),
(138, 38, 7),
(139, 38, 4),
(140, 38, 5),
(141, 38, 2),
(142, 39, 5),
(143, 39, 1),
(144, 39, 4),
(145, 40, 4),
(146, 40, 7),
(147, 40, 5),
(148, 40, 3),
(149, 40, 1),
(150, 41, 6),
(151, 41, 1),
(152, 41, 7),
(153, 41, 3),
(154, 41, 5),
(155, 42, 7),
(156, 42, 2),
(157, 42, 3),
(158, 43, 2),
(159, 43, 6),
(160, 44, 6),
(161, 44, 5),
(162, 44, 2),
(163, 44, 4),
(164, 44, 7),
(165, 45, 2),
(166, 45, 7),
(167, 46, 6),
(168, 46, 1),
(169, 46, 2),
(170, 46, 7),
(171, 47, 4),
(172, 47, 5),
(173, 47, 2),
(174, 47, 3),
(175, 48, 6),
(176, 48, 2),
(177, 48, 1),
(178, 49, 1),
(179, 49, 3),
(180, 49, 7),
(181, 50, 6),
(182, 50, 3),
(183, 50, 1),
(184, 51, 6),
(185, 51, 7),
(186, 51, 1),
(187, 52, 2),
(188, 52, 6),
(189, 52, 5),
(190, 53, 2),
(191, 53, 1),
(192, 53, 4),
(193, 53, 7),
(194, 54, 6),
(195, 54, 4),
(196, 55, 3),
(197, 55, 5),
(198, 55, 6),
(199, 55, 2),
(200, 55, 1),
(201, 56, 5),
(202, 56, 4),
(203, 57, 2),
(204, 57, 4),
(205, 57, 6),
(206, 58, 2),
(207, 58, 6),
(208, 59, 6),
(209, 59, 4),
(210, 59, 7),
(211, 59, 3),
(212, 60, 5),
(213, 60, 2),
(214, 60, 4),
(215, 61, 3),
(216, 61, 7),
(217, 61, 5),
(218, 62, 1),
(219, 62, 4),
(220, 62, 3),
(221, 63, 6),
(222, 63, 5),
(223, 63, 1),
(224, 64, 6),
(225, 64, 7),
(226, 64, 1),
(227, 64, 4),
(228, 65, 6),
(229, 65, 3),
(230, 65, 7),
(231, 65, 1),
(232, 66, 7),
(233, 66, 5),
(234, 66, 1),
(235, 66, 3),
(236, 67, 4),
(237, 67, 1),
(238, 67, 5),
(239, 67, 6),
(240, 67, 7),
(241, 68, 4),
(242, 68, 7),
(243, 68, 1),
(244, 69, 4),
(245, 69, 5),
(246, 69, 6),
(247, 69, 7),
(248, 70, 1),
(249, 70, 4),
(250, 71, 1),
(251, 71, 7),
(252, 71, 4),
(253, 72, 2),
(254, 72, 6),
(255, 72, 1),
(256, 73, 5),
(257, 73, 1),
(258, 73, 7),
(259, 73, 6),
(260, 73, 2),
(261, 74, 7),
(262, 74, 6),
(263, 74, 1),
(264, 74, 3),
(265, 75, 6),
(266, 75, 5),
(267, 75, 3),
(268, 75, 4),
(269, 75, 2),
(270, 76, 7),
(271, 76, 4),
(272, 76, 1),
(273, 77, 2),
(274, 77, 6),
(275, 77, 1),
(276, 77, 4),
(277, 77, 7),
(278, 78, 5),
(279, 78, 7),
(280, 79, 6),
(281, 79, 3),
(282, 79, 1),
(283, 79, 2),
(284, 80, 3),
(285, 80, 1),
(286, 80, 6),
(287, 80, 4),
(288, 80, 5),
(289, 81, 2),
(290, 81, 3),
(291, 81, 4),
(292, 81, 1),
(293, 81, 5),
(294, 82, 2),
(295, 82, 6),
(296, 82, 3),
(297, 82, 4),
(298, 83, 3),
(299, 83, 7),
(300, 83, 2),
(301, 83, 6),
(302, 84, 7),
(303, 84, 2),
(304, 84, 3),
(305, 84, 4),
(306, 84, 6),
(307, 85, 1),
(308, 85, 5),
(309, 86, 2),
(310, 86, 1),
(311, 87, 6),
(312, 87, 2),
(313, 87, 5),
(314, 87, 1),
(315, 88, 2),
(316, 88, 3),
(317, 88, 7),
(318, 88, 4),
(319, 89, 6),
(320, 89, 2),
(321, 90, 4),
(322, 90, 1),
(323, 90, 2),
(324, 90, 6),
(325, 90, 7),
(326, 91, 2),
(327, 91, 3),
(328, 91, 1),
(329, 91, 5),
(330, 92, 3),
(331, 92, 7),
(332, 92, 1),
(333, 93, 2),
(334, 93, 5),
(335, 93, 6),
(336, 93, 7),
(337, 94, 4),
(338, 94, 1),
(339, 95, 1),
(340, 95, 6),
(341, 95, 5),
(342, 95, 7),
(343, 96, 3),
(344, 96, 1),
(345, 96, 2),
(346, 96, 6),
(347, 96, 5),
(348, 97, 5),
(349, 97, 7),
(350, 97, 4),
(351, 97, 1),
(352, 98, 5),
(353, 98, 3),
(354, 98, 6),
(355, 98, 2),
(356, 99, 7),
(357, 99, 6),
(358, 99, 2),
(359, 100, 5),
(360, 100, 4),
(361, 100, 3),
(362, 100, 6),
(363, 100, 2),
(364, 101, 3),
(365, 101, 1),
(366, 101, 2),
(367, 101, 5),
(368, 101, 4),
(369, 102, 6),
(370, 102, 4),
(371, 102, 3),
(372, 102, 7),
(373, 102, 1),
(374, 103, 3),
(375, 103, 6),
(376, 103, 7),
(377, 103, 2),
(378, 103, 4),
(379, 104, 2),
(380, 104, 4),
(381, 105, 4),
(382, 105, 7),
(383, 106, 7),
(384, 106, 1),
(385, 106, 3),
(386, 106, 2),
(387, 107, 5),
(388, 107, 3),
(389, 107, 1),
(390, 107, 6),
(391, 107, 2),
(392, 108, 5),
(393, 108, 4),
(394, 108, 7),
(395, 108, 2),
(396, 109, 3),
(397, 109, 5),
(398, 109, 6),
(399, 109, 7),
(400, 110, 5),
(401, 110, 1),
(402, 110, 2),
(403, 111, 7),
(404, 111, 3),
(405, 112, 7),
(406, 112, 4),
(407, 112, 6),
(408, 112, 5),
(409, 113, 7),
(410, 113, 5),
(411, 113, 4),
(412, 114, 2),
(413, 114, 1),
(414, 115, 4),
(415, 115, 3),
(416, 115, 1),
(417, 115, 6),
(418, 115, 7),
(419, 116, 1),
(420, 116, 6),
(421, 117, 2),
(422, 117, 6),
(423, 117, 7),
(424, 117, 5),
(425, 117, 3),
(426, 118, 4),
(427, 118, 5),
(428, 118, 6),
(429, 118, 2),
(430, 118, 7),
(431, 119, 1),
(432, 119, 5),
(433, 120, 4),
(434, 120, 7),
(435, 121, 5),
(436, 121, 7),
(437, 121, 2),
(438, 121, 1),
(439, 121, 6),
(440, 122, 5),
(441, 122, 1),
(442, 122, 4),
(443, 122, 3),
(444, 123, 6),
(445, 123, 1),
(446, 123, 3),
(447, 123, 4),
(448, 123, 5),
(449, 124, 6),
(450, 124, 7),
(451, 125, 7),
(452, 125, 4),
(453, 125, 5),
(454, 125, 1),
(455, 126, 5),
(456, 126, 1),
(457, 126, 6),
(458, 126, 7),
(459, 126, 3),
(460, 127, 2),
(461, 127, 3),
(462, 127, 6),
(463, 128, 7),
(464, 128, 4),
(465, 128, 6),
(466, 129, 2),
(467, 129, 4),
(468, 129, 3),
(469, 129, 1),
(470, 130, 5),
(471, 130, 3),
(472, 130, 6),
(473, 130, 7),
(474, 130, 2),
(475, 131, 4),
(476, 131, 2),
(477, 131, 7),
(478, 132, 1),
(479, 132, 2),
(480, 133, 1),
(481, 133, 3),
(482, 133, 4),
(483, 134, 1),
(484, 134, 6),
(485, 134, 7),
(486, 135, 1),
(487, 135, 4),
(488, 136, 7),
(489, 136, 3),
(490, 137, 2),
(491, 137, 1),
(492, 137, 6),
(493, 138, 2),
(494, 138, 4),
(495, 138, 6),
(496, 138, 1),
(497, 139, 1),
(498, 139, 6),
(499, 139, 7),
(500, 140, 6),
(501, 140, 4),
(502, 141, 4),
(503, 141, 3),
(504, 141, 5),
(505, 142, 1),
(506, 142, 5),
(507, 142, 6),
(508, 143, 6),
(509, 143, 1),
(510, 144, 2),
(511, 144, 7),
(512, 144, 5),
(513, 144, 6),
(514, 144, 4),
(515, 145, 5),
(516, 145, 7),
(517, 146, 2),
(518, 146, 3),
(519, 146, 5),
(520, 147, 7),
(521, 147, 1),
(522, 147, 6),
(523, 147, 3),
(524, 148, 5),
(525, 148, 4),
(526, 148, 2),
(527, 148, 6),
(528, 149, 2),
(529, 149, 5),
(530, 149, 6),
(531, 150, 5),
(532, 150, 3),
(533, 151, 7),
(534, 151, 1),
(535, 151, 4),
(536, 151, 3),
(537, 152, 4),
(538, 152, 7),
(539, 152, 2),
(540, 152, 5),
(541, 153, 3),
(542, 153, 7),
(543, 154, 7),
(544, 154, 3),
(545, 154, 4),
(546, 154, 1),
(547, 155, 5),
(548, 155, 6),
(549, 155, 1),
(550, 155, 3),
(551, 156, 4),
(552, 156, 2),
(553, 156, 7),
(554, 156, 1),
(555, 157, 5),
(556, 157, 3),
(557, 157, 7),
(558, 158, 4),
(559, 158, 2),
(560, 159, 7),
(561, 159, 1),
(562, 159, 2),
(563, 159, 6),
(564, 159, 5),
(565, 160, 7),
(566, 160, 6),
(567, 160, 5),
(568, 160, 3),
(569, 160, 4),
(570, 161, 5),
(571, 161, 4),
(572, 161, 7),
(573, 161, 1),
(574, 161, 6),
(575, 162, 2),
(576, 162, 7),
(577, 163, 7),
(578, 163, 3),
(579, 164, 4),
(580, 164, 2),
(581, 164, 5),
(582, 165, 1),
(583, 165, 3),
(584, 165, 4),
(585, 165, 5),
(586, 166, 6),
(587, 166, 3),
(588, 166, 5),
(589, 166, 2),
(590, 167, 2),
(591, 167, 5),
(592, 167, 7),
(593, 168, 1),
(594, 168, 7),
(595, 169, 2),
(596, 169, 4),
(597, 169, 6),
(598, 169, 7),
(599, 169, 3),
(600, 170, 4),
(601, 170, 6),
(602, 170, 1),
(603, 170, 5),
(604, 171, 4),
(605, 171, 5),
(606, 171, 1),
(607, 172, 2),
(608, 172, 3),
(609, 172, 6),
(610, 173, 6),
(611, 173, 1),
(612, 173, 4),
(613, 174, 5),
(614, 174, 1),
(615, 174, 6),
(616, 175, 3),
(617, 175, 5),
(618, 175, 7),
(619, 175, 4),
(620, 176, 5),
(621, 176, 4),
(622, 177, 1),
(623, 177, 4),
(624, 177, 7),
(625, 177, 5),
(626, 177, 6),
(627, 178, 1),
(628, 178, 4),
(629, 179, 6),
(630, 179, 4),
(631, 179, 7),
(632, 180, 3),
(633, 180, 4),
(634, 180, 5),
(635, 181, 1),
(636, 181, 6),
(637, 181, 7),
(638, 181, 3),
(639, 181, 5),
(640, 182, 2),
(641, 182, 4),
(642, 182, 5),
(643, 182, 6),
(644, 182, 7),
(645, 183, 7),
(646, 183, 5),
(647, 184, 3),
(648, 184, 4),
(649, 184, 6),
(650, 184, 7),
(651, 184, 1),
(652, 185, 4),
(653, 185, 6),
(654, 186, 4),
(655, 186, 3),
(656, 186, 5),
(657, 187, 3),
(658, 187, 5),
(659, 187, 4),
(660, 187, 6),
(661, 188, 4),
(662, 188, 1),
(663, 188, 2),
(664, 189, 5),
(665, 189, 4),
(666, 189, 7),
(667, 189, 1),
(668, 190, 4),
(669, 190, 7),
(670, 191, 4),
(671, 191, 3),
(672, 191, 6),
(673, 191, 1),
(674, 191, 7),
(675, 192, 1),
(676, 192, 5),
(677, 193, 3),
(678, 193, 2),
(679, 193, 1),
(680, 193, 7),
(681, 193, 6),
(682, 194, 2),
(683, 194, 6),
(684, 194, 7),
(685, 194, 4),
(686, 195, 2),
(687, 195, 6),
(688, 195, 5),
(689, 195, 7),
(690, 195, 3),
(691, 196, 2),
(692, 196, 1),
(693, 196, 3),
(694, 196, 6),
(695, 197, 1),
(696, 197, 3),
(697, 198, 6),
(698, 198, 1),
(699, 198, 3),
(700, 199, 5),
(701, 199, 1),
(702, 199, 6),
(703, 200, 7),
(704, 200, 4),
(705, 200, 1),
(706, 201, 2),
(707, 201, 4),
(708, 201, 1),
(709, 201, 3),
(710, 202, 1),
(711, 202, 3),
(712, 202, 2),
(713, 202, 4),
(714, 203, 4),
(715, 203, 1),
(716, 204, 3),
(717, 204, 4),
(718, 204, 7),
(719, 205, 7),
(720, 205, 6),
(721, 205, 1),
(722, 205, 4),
(723, 206, 6),
(724, 206, 5),
(725, 206, 1),
(726, 207, 2),
(727, 207, 6),
(728, 207, 3),
(729, 207, 7),
(730, 208, 3),
(731, 208, 1),
(732, 208, 5),
(733, 209, 4),
(734, 209, 3),
(735, 209, 1),
(736, 210, 3),
(737, 210, 6),
(738, 210, 5),
(739, 211, 6),
(740, 211, 1),
(741, 211, 2),
(742, 211, 4),
(743, 212, 2),
(744, 212, 7),
(745, 212, 6),
(746, 212, 4),
(747, 212, 5),
(748, 213, 7),
(749, 213, 6),
(750, 213, 1),
(751, 213, 4),
(752, 214, 7),
(753, 214, 3),
(754, 214, 5),
(755, 214, 4),
(756, 215, 1),
(757, 215, 6),
(758, 215, 5),
(759, 215, 7),
(760, 216, 2),
(761, 216, 4),
(762, 217, 5),
(763, 217, 7),
(764, 217, 6),
(765, 217, 1),
(766, 217, 2),
(767, 218, 2),
(768, 218, 1),
(769, 218, 5),
(770, 219, 2),
(771, 219, 5),
(772, 219, 6),
(773, 220, 5),
(774, 220, 7),
(775, 220, 2),
(776, 220, 1),
(777, 220, 3),
(778, 221, 5),
(779, 221, 7),
(780, 222, 3),
(781, 222, 4),
(782, 223, 5),
(783, 223, 6),
(784, 223, 1),
(785, 223, 4),
(786, 224, 6),
(787, 224, 1),
(788, 224, 2),
(789, 224, 4),
(790, 224, 3),
(791, 225, 3),
(792, 225, 6),
(793, 225, 2),
(794, 225, 1),
(795, 226, 2),
(796, 226, 1),
(797, 227, 3),
(798, 227, 1),
(799, 228, 4),
(800, 228, 1),
(801, 228, 7),
(802, 228, 5),
(803, 228, 6),
(804, 229, 3),
(805, 229, 2),
(806, 229, 5),
(807, 230, 2),
(808, 230, 6),
(809, 230, 1),
(810, 230, 3),
(811, 231, 1),
(812, 231, 3),
(813, 231, 2),
(814, 232, 4),
(815, 232, 2),
(816, 232, 7),
(817, 232, 5),
(818, 233, 1),
(819, 233, 7),
(820, 234, 7),
(821, 234, 2),
(822, 234, 5),
(823, 235, 1),
(824, 235, 6),
(825, 235, 5),
(826, 235, 3),
(827, 235, 4),
(828, 236, 1),
(829, 236, 3),
(830, 236, 6),
(831, 237, 4),
(832, 237, 7),
(833, 238, 1),
(834, 238, 7),
(835, 238, 5),
(836, 239, 7),
(837, 239, 3),
(838, 239, 6),
(839, 240, 7),
(840, 240, 6),
(841, 240, 3),
(842, 240, 2),
(843, 240, 5),
(844, 241, 1),
(845, 241, 6),
(846, 241, 4),
(847, 242, 6),
(848, 242, 5),
(849, 243, 5),
(850, 243, 7),
(851, 243, 3),
(852, 244, 4),
(853, 244, 5),
(854, 245, 2),
(855, 245, 5),
(856, 245, 1),
(857, 245, 4),
(858, 246, 3),
(859, 246, 7),
(860, 246, 5),
(861, 247, 4),
(862, 247, 7),
(863, 247, 3),
(864, 248, 6),
(865, 248, 3),
(866, 248, 4),
(867, 249, 4),
(868, 249, 3),
(869, 250, 4),
(870, 250, 6);

-- --------------------------------------------------------

--
-- Table structure for table `migrations`
--

CREATE TABLE `migrations` (
  `id` int(10) UNSIGNED NOT NULL,
  `migration` varchar(191) COLLATE utf8mb4_unicode_ci NOT NULL,
  `batch` int(11) NOT NULL
) ENGINE=MyISAM DEFAULT CHARSET=utf8mb4 COLLATE=utf8mb4_unicode_ci;

--
-- Dumping data for table `migrations`
--

INSERT INTO `migrations` (`id`, `migration`, `batch`) VALUES
(1, '2019_12_14_000001_create_personal_access_tokens_table', 1),
(2, '2022_11_28_0001_create_categories_table', 1),
(3, '2022_11_28_0002_create_days_table', 1),
(4, '2022_11_28_0003_create_users_table', 1),
(5, '2022_11_28_0004_create_experts_table', 1),
(6, '2022_11_28_0005_create_experiences_table', 1),
(7, '2022_11_28_0006_create_experts_days_table', 1),
(8, '2022_11_28_0007_create_dates_table', 1),
(9, '2022_11_28_0008_create_bookings_table', 1),
(10, '2022_11_28_0009_create_users_experts_table', 1),
(11, '2022_12_23_093429_create_ratings_table', 1);

-- --------------------------------------------------------

--
-- Table structure for table `personal_access_tokens`
--

CREATE TABLE `personal_access_tokens` (
  `id` bigint(20) UNSIGNED NOT NULL,
  `tokenable_type` varchar(191) COLLATE utf8mb4_unicode_ci NOT NULL,
  `tokenable_id` bigint(20) UNSIGNED NOT NULL,
  `name` varchar(191) COLLATE utf8mb4_unicode_ci NOT NULL,
  `token` varchar(64) COLLATE utf8mb4_unicode_ci NOT NULL,
  `abilities` text COLLATE utf8mb4_unicode_ci,
  `last_used_at` timestamp NULL DEFAULT NULL,
  `expires_at` timestamp NULL DEFAULT NULL,
  `created_at` timestamp NULL DEFAULT NULL,
  `updated_at` timestamp NULL DEFAULT NULL
) ENGINE=MyISAM DEFAULT CHARSET=utf8mb4 COLLATE=utf8mb4_unicode_ci;

-- --------------------------------------------------------

--
-- Table structure for table `ratings`
--

CREATE TABLE `ratings` (
  `id` bigint(20) UNSIGNED NOT NULL,
  `expert_id` bigint(20) UNSIGNED NOT NULL,
  `user_id` bigint(20) UNSIGNED NOT NULL,
  `rating` double NOT NULL
) ENGINE=MyISAM DEFAULT CHARSET=utf8mb4 COLLATE=utf8mb4_unicode_ci;

-- --------------------------------------------------------

--
-- Table structure for table `users`
--

CREATE TABLE `users` (
  `id` bigint(20) UNSIGNED NOT NULL,
  `name` varchar(30) COLLATE utf8mb4_unicode_ci NOT NULL,
  `phone_number` varchar(30) COLLATE utf8mb4_unicode_ci NOT NULL,
  `password` varchar(100) COLLATE utf8mb4_unicode_ci NOT NULL,
  `photo` varchar(100) COLLATE utf8mb4_unicode_ci DEFAULT NULL,
  `money` int(11) NOT NULL DEFAULT '50000',
  `remember_token` varchar(500) COLLATE utf8mb4_unicode_ci DEFAULT NULL,
  `created_at` timestamp NULL DEFAULT NULL,
  `updated_at` timestamp NULL DEFAULT NULL
) ENGINE=MyISAM DEFAULT CHARSET=utf8mb4 COLLATE=utf8mb4_unicode_ci;

-- --------------------------------------------------------

--
-- Table structure for table `users_experts`
--

CREATE TABLE `users_experts` (
  `id` bigint(20) UNSIGNED NOT NULL,
  `user_id` bigint(20) UNSIGNED NOT NULL,
  `expert_id` bigint(20) UNSIGNED NOT NULL,
  `created_at` timestamp NULL DEFAULT NULL,
  `updated_at` timestamp NULL DEFAULT NULL
) ENGINE=MyISAM DEFAULT CHARSET=utf8mb4 COLLATE=utf8mb4_unicode_ci;

--
-- Indexes for dumped tables
--

--
-- Indexes for table `bookings`
--
ALTER TABLE `bookings`
  ADD PRIMARY KEY (`id`),
  ADD KEY `bookings_user_id_foreign` (`user_id`),
  ADD KEY `bookings_expert_id_foreign` (`expert_id`),
  ADD KEY `bookings_date_id_foreign` (`date_id`);

--
-- Indexes for table `categories`
--
ALTER TABLE `categories`
  ADD PRIMARY KEY (`id`);

--
-- Indexes for table `dates`
--
ALTER TABLE `dates`
  ADD PRIMARY KEY (`id`),
  ADD KEY `dates_expert_id_foreign` (`expert_id`),
  ADD KEY `dates_day_id_foreign` (`day_id`);

--
-- Indexes for table `days`
--
ALTER TABLE `days`
  ADD PRIMARY KEY (`id`);

--
-- Indexes for table `experiences`
--
ALTER TABLE `experiences`
  ADD PRIMARY KEY (`id`),
  ADD KEY `experiences_expert_id_foreign` (`expert_id`);

--
-- Indexes for table `experts`
--
ALTER TABLE `experts`
  ADD PRIMARY KEY (`id`),
  ADD UNIQUE KEY `experts_phone_number_unique` (`phone_number`),
  ADD KEY `experts_category_id_foreign` (`category_id`);

--
-- Indexes for table `experts_days`
--
ALTER TABLE `experts_days`
  ADD PRIMARY KEY (`id`),
  ADD KEY `experts_days_expert_id_foreign` (`expert_id`),
  ADD KEY `experts_days_day_id_foreign` (`day_id`);

--
-- Indexes for table `migrations`
--
ALTER TABLE `migrations`
  ADD PRIMARY KEY (`id`);

--
-- Indexes for table `personal_access_tokens`
--
ALTER TABLE `personal_access_tokens`
  ADD PRIMARY KEY (`id`),
  ADD UNIQUE KEY `personal_access_tokens_token_unique` (`token`),
  ADD KEY `personal_access_tokens_tokenable_type_tokenable_id_index` (`tokenable_type`,`tokenable_id`);

--
-- Indexes for table `ratings`
--
ALTER TABLE `ratings`
  ADD PRIMARY KEY (`id`),
  ADD KEY `ratings_expert_id_foreign` (`expert_id`),
  ADD KEY `ratings_user_id_foreign` (`user_id`);

--
-- Indexes for table `users`
--
ALTER TABLE `users`
  ADD PRIMARY KEY (`id`),
  ADD UNIQUE KEY `users_phone_number_unique` (`phone_number`);

--
-- Indexes for table `users_experts`
--
ALTER TABLE `users_experts`
  ADD PRIMARY KEY (`id`),
  ADD KEY `users_experts_user_id_foreign` (`user_id`),
  ADD KEY `users_experts_expert_id_foreign` (`expert_id`);

--
-- AUTO_INCREMENT for dumped tables
--

--
-- AUTO_INCREMENT for table `bookings`
--
ALTER TABLE `bookings`
  MODIFY `id` bigint(20) UNSIGNED NOT NULL AUTO_INCREMENT;

--
-- AUTO_INCREMENT for table `categories`
--
ALTER TABLE `categories`
  MODIFY `id` bigint(20) UNSIGNED NOT NULL AUTO_INCREMENT, AUTO_INCREMENT=6;

--
-- AUTO_INCREMENT for table `dates`
--
ALTER TABLE `dates`
  MODIFY `id` bigint(20) UNSIGNED NOT NULL AUTO_INCREMENT, AUTO_INCREMENT=7230;

--
-- AUTO_INCREMENT for table `days`
--
ALTER TABLE `days`
  MODIFY `id` bigint(20) UNSIGNED NOT NULL AUTO_INCREMENT, AUTO_INCREMENT=8;

--
-- AUTO_INCREMENT for table `experiences`
--
ALTER TABLE `experiences`
  MODIFY `id` bigint(20) UNSIGNED NOT NULL AUTO_INCREMENT, AUTO_INCREMENT=751;

--
-- AUTO_INCREMENT for table `experts`
--
ALTER TABLE `experts`
  MODIFY `id` bigint(20) UNSIGNED NOT NULL AUTO_INCREMENT, AUTO_INCREMENT=251;

--
-- AUTO_INCREMENT for table `experts_days`
--
ALTER TABLE `experts_days`
  MODIFY `id` bigint(20) UNSIGNED NOT NULL AUTO_INCREMENT, AUTO_INCREMENT=871;

--
-- AUTO_INCREMENT for table `migrations`
--
ALTER TABLE `migrations`
  MODIFY `id` int(10) UNSIGNED NOT NULL AUTO_INCREMENT, AUTO_INCREMENT=12;

--
-- AUTO_INCREMENT for table `personal_access_tokens`
--
ALTER TABLE `personal_access_tokens`
  MODIFY `id` bigint(20) UNSIGNED NOT NULL AUTO_INCREMENT;

--
-- AUTO_INCREMENT for table `ratings`
--
ALTER TABLE `ratings`
  MODIFY `id` bigint(20) UNSIGNED NOT NULL AUTO_INCREMENT;

--
-- AUTO_INCREMENT for table `users`
--
ALTER TABLE `users`
  MODIFY `id` bigint(20) UNSIGNED NOT NULL AUTO_INCREMENT;

--
-- AUTO_INCREMENT for table `users_experts`
--
ALTER TABLE `users_experts`
  MODIFY `id` bigint(20) UNSIGNED NOT NULL AUTO_INCREMENT;
COMMIT;

/*!40101 SET CHARACTER_SET_CLIENT=@OLD_CHARACTER_SET_CLIENT */;
/*!40101 SET CHARACTER_SET_RESULTS=@OLD_CHARACTER_SET_RESULTS */;
/*!40101 SET COLLATION_CONNECTION=@OLD_COLLATION_CONNECTION */;
